ISO-10303-21;
HEADER;
FILE_DESCRIPTION (( 'STEP AP214' ),
    '1' );
FILE_NAME ('FFC3B11-06-T.STEP',
    '2024-02-09T12:37:52',
    ( '' ),
    ( '' ),
    'SwSTEP 2.0',
    'SolidWorks 2021',
    '' );
FILE_SCHEMA (( 'AUTOMOTIVE_DESIGN' ));
ENDSEC;

DATA;
#1 = CARTESIAN_POINT ( 'NONE',  ( 3.635000000000000231, 9.129072045307475847, -1.350000000000000311 ) ) ;
#2 = AXIS2_PLACEMENT_3D ( 'NONE', #5701, #1413, #4730 ) ;
#3 = FACE_OUTER_BOUND ( 'NONE', #5047, .T. ) ;
#4 = ADVANCED_FACE ( 'NONE', ( #970 ), #493, .T. ) ;
#5 = CARTESIAN_POINT ( 'NONE',  ( 0.000000000000000000, 0.000000000000000000, 0.000000000000000000 ) ) ;
#6 = ORIENTED_EDGE ( 'NONE', *, *, #3530, .F. ) ;
#7 = PLANE ( 'NONE',  #4061 ) ;
#8 = CARTESIAN_POINT ( 'NONE',  ( 0.000000000000000000, 2.250000000000000000, 1.856341625576288790 ) ) ;
#9 = DIRECTION ( 'NONE',  ( -1.000000000000000000, -0.000000000000000000, 5.965348954528222655E-17 ) ) ;
#10 = FACE_BOUND ( 'NONE', #2971, .T. ) ;
#11 = VERTEX_POINT ( 'NONE', #3281 ) ;
#12 = DIRECTION ( 'NONE',  ( -1.000000000000000000, 0.000000000000000000, 0.000000000000000000 ) ) ;
#13 = CARTESIAN_POINT ( 'NONE',  ( 5.760000000000000675, 2.299999999999999822, 1.656341625576287280 ) ) ;
#14 = EDGE_CURVE ( 'NONE', #4898, #1765, #3790, .T. ) ;
#15 = LINE ( 'NONE', #1938, #3951 ) ;
#16 = VERTEX_POINT ( 'NONE', #5370 ) ;
#17 = DIRECTION ( 'NONE',  ( 0.000000000000000000, 1.000000000000000000, 0.000000000000000000 ) ) ;
#18 = DIRECTION ( 'NONE',  ( -1.000000000000000000, 0.000000000000000000, 0.000000000000000000 ) ) ;
#19 = AXIS2_PLACEMENT_3D ( 'NONE', #1000, #3829, #6170 ) ;
#20 = CARTESIAN_POINT ( 'NONE',  ( -3.549999999999999822, 0.000000000000000000, 3.950000000000001954 ) ) ;
#21 = EDGE_CURVE ( 'NONE', #2299, #3218, #1835, .T. ) ;
#22 = ORIENTED_EDGE ( 'NONE', *, *, #3747, .T. ) ;
#23 = VERTEX_POINT ( 'NONE', #597 ) ;
#24 = ORIENTED_EDGE ( 'NONE', *, *, #4214, .T. ) ;
#25 = EDGE_CURVE ( 'NONE', #2863, #1496, #2572, .T. ) ;
#26 = DIRECTION ( 'NONE',  ( -1.000000000000000000, 0.000000000000000000, 0.000000000000000000 ) ) ;
#27 = LINE ( 'NONE', #1537, #2452 ) ;
#28 = VERTEX_POINT ( 'NONE', #90 ) ;
#29 = ORIENTED_EDGE ( 'NONE', *, *, #4707, .F. ) ;
#30 = ORIENTED_EDGE ( 'NONE', *, *, #4556, .F. ) ;
#31 = ADVANCED_FACE ( 'NONE', ( #4955 ), #1083, .T. ) ;
#32 = CARTESIAN_POINT ( 'NONE',  ( -5.935000000000000497, 2.299999999999999822, -0.9000000000000001332 ) ) ;
#33 = DIRECTION ( 'NONE',  ( -0.000000000000000000, 0.000000000000000000, -1.000000000000000000 ) ) ;
#34 = ORIENTED_EDGE ( 'NONE', *, *, #2153, .T. ) ;
#35 = CONTEXT_DEPENDENT_SHAPE_REPRESENTATION ( #5489, #4065 ) ;
#36 = CARTESIAN_POINT ( 'NONE',  ( -0.1884769367379991456, 2.500000000000000444, -1.350000000000000533 ) ) ;
#37 = DIRECTION ( 'NONE',  ( 0.000000000000000000, 0.000000000000000000, -1.000000000000000000 ) ) ;
#38 = EDGE_LOOP ( 'NONE', ( #2640, #3875, #3385, #3319 ) ) ;
#39 = VECTOR ( 'NONE', #825, 1000.000000000000000 ) ;
#40 = CARTESIAN_POINT ( 'NONE',  ( 1.625000000000000000, 0.5277488987651040020, -1.815556693310189873 ) ) ;
#41 = LINE ( 'NONE', #4255, #2464 ) ;
#42 = VECTOR ( 'NONE', #3644, 1000.000000000000000 ) ;
#43 = ORIENTED_EDGE ( 'NONE', *, *, #4140, .T. ) ;
#44 = LINE ( 'NONE', #3855, #5792 ) ;
#45 = AXIS2_PLACEMENT_3D ( 'NONE', #4722, #1378, #509 ) ;
#46 = FACE_OUTER_BOUND ( 'NONE', #405, .T. ) ;
#47 = PLANE ( 'NONE',  #2132 ) ;
#48 = ORIENTED_EDGE ( 'NONE', *, *, #2717, .T. ) ;
#49 = AXIS2_PLACEMENT_3D ( 'NONE', #4928, #2069, #3993 ) ;
#50 = FACE_OUTER_BOUND ( 'NONE', #4508, .T. ) ;
#51 = CARTESIAN_POINT ( 'NONE',  ( -2.811523063261999411, 2.299999999999999822, -1.350000000000000533 ) ) ;
#52 = CONICAL_SURFACE ( 'NONE', #5066, 0.2000000000000005107, 0.7853981633974504994 ) ;
#53 = CARTESIAN_POINT ( 'NONE',  ( 3.549999999999999378, 1.299999999999999156, 0.6500000000000007994 ) ) ;
#54 = VECTOR ( 'NONE', #1814, 1000.000000000000000 ) ;
#55 = VERTEX_POINT ( 'NONE', #625 ) ;
#56 = ORIENTED_EDGE ( 'NONE', *, *, #1799, .F. ) ;
#57 = EDGE_CURVE ( 'NONE', #5961, #11, #4484, .T. ) ;
#58 = DIRECTION ( 'NONE',  ( 0.000000000000000000, -1.000000000000000000, 9.130123557772668088E-16 ) ) ;
#59 = DIRECTION ( 'NONE',  ( 0.000000000000000000, 1.000000000000000000, 0.000000000000000000 ) ) ;
#60 = VECTOR ( 'NONE', #1379, 1000.000000000000000 ) ;
#61 = EDGE_CURVE ( 'NONE', #3271, #5103, #2542, .T. ) ;
#62 = ORIENTED_EDGE ( 'NONE', *, *, #1866, .T. ) ;
#63 = ORIENTED_EDGE ( 'NONE', *, *, #2124, .T. ) ;
#64 = DIRECTION ( 'NONE',  ( -1.000000000000000000, -0.000000000000000000, -0.000000000000000000 ) ) ;
#65 = EDGE_CURVE ( 'NONE', #2733, #3418, #4399, .T. ) ;
#66 = EDGE_CURVE ( 'NONE', #4305, #4859, #5871, .T. ) ;
#67 = ORIENTED_EDGE ( 'NONE', *, *, #6005, .T. ) ;
#68 = EDGE_CURVE ( 'NONE', #903, #3897, #2121, .T. ) ;
#69 = DIRECTION ( 'NONE',  ( -0.000000000000000000, 0.8605388181670707848, 0.5093848667045588474 ) ) ;
#70 = DIRECTION ( 'NONE',  ( 0.4226182617406998854, 0.000000000000000000, -0.9063077870366497146 ) ) ;
#71 = ORIENTED_EDGE ( 'NONE', *, *, #912, .F. ) ;
#72 = CARTESIAN_POINT ( 'NONE',  ( 5.763487806297455052, 0.4500000000000011768, 1.656341625576287280 ) ) ;
#73 = DIRECTION ( 'NONE',  ( 1.711898167082376006E-16, 0.000000000000000000, -1.000000000000000000 ) ) ;
#74 = DIRECTION ( 'NONE',  ( 0.5773502691896292838, -0.5773502691896211791, 0.5773502691896268413 ) ) ;
#75 = CARTESIAN_POINT ( 'NONE',  ( -3.635000000000000231, 0.2000000000000000111, -1.350000000000000311 ) ) ;
#76 = CARTESIAN_POINT ( 'NONE',  ( 5.535000000000000142, 0.3999999999999993006, -1.350000000000000089 ) ) ;
#77 = DIRECTION ( 'NONE',  ( 0.000000000000000000, 0.000000000000000000, -1.000000000000000000 ) ) ;
#78 = ORIENTED_EDGE ( 'NONE', *, *, #4779, .T. ) ;
#79 = CARTESIAN_POINT ( 'NONE',  ( 4.535000000000000142, 2.049999999999999822, 2.650000000000001688 ) ) ;
#80 = DIRECTION ( 'NONE',  ( 0.000000000000000000, 0.000000000000000000, 1.000000000000000000 ) ) ;
#81 = CARTESIAN_POINT ( 'NONE',  ( -1.374999999999999556, 0.2000000000000000944, -0.9499999999999992895 ) ) ;
#82 = CARTESIAN_POINT ( 'NONE',  ( 1.625000000000000000, 1.844217003719184955, -0.9499999999999999556 ) ) ;
#83 = EDGE_LOOP ( 'NONE', ( #2171, #2138, #622, #6132 ) ) ;
#84 = CARTESIAN_POINT ( 'NONE',  ( -4.035000000000000142, 0.000000000000000000, 0.9000000000000003553 ) ) ;
#85 = FACE_OUTER_BOUND ( 'NONE', #4582, .T. ) ;
#86 = EDGE_CURVE ( 'NONE', #1877, #2869, #5925, .T. ) ;
#87 = DIRECTION ( 'NONE',  ( 0.000000000000000000, -1.000000000000000000, -1.403297376292845919E-16 ) ) ;
#88 = ORIENTED_EDGE ( 'NONE', *, *, #1477, .F. ) ;
#89 = DIRECTION ( 'NONE',  ( -3.872150616019656862E-16, -1.000000000000000000, -7.405855100471174454E-32 ) ) ;
#90 = CARTESIAN_POINT ( 'NONE',  ( 5.935000000000000497, 0.2000000000000000111, -0.9000000000000001332 ) ) ;
#91 = EDGE_LOOP ( 'NONE', ( #560, #2067, #5086, #1646 ) ) ;
#92 = FACE_OUTER_BOUND ( 'NONE', #2118, .T. ) ;
#93 = DIRECTION ( 'NONE',  ( -1.000000000000000000, 0.000000000000000000, 0.000000000000000000 ) ) ;
#94 = VERTEX_POINT ( 'NONE', #1046 ) ;
#95 = EDGE_CURVE ( 'NONE', #1001, #3185, #2011, .T. ) ;
#96 = DIRECTION ( 'NONE',  ( 0.000000000000000000, 0.000000000000000000, -1.000000000000000000 ) ) ;
#97 = ADVANCED_FACE ( 'NONE', ( #4875 ), #2484, .F. ) ;
#98 = ADVANCED_FACE ( 'NONE', ( #4455 ), #5840, .F. ) ;
#99 = LINE ( 'NONE', #605, #5226 ) ;
#100 = FACE_OUTER_BOUND ( 'NONE', #3537, .T. ) ;
#101 = DIRECTION ( 'NONE',  ( 0.000000000000000000, -1.000000000000000000, 0.000000000000000000 ) ) ;
#102 = ORIENTED_EDGE ( 'NONE', *, *, #1140, .T. ) ;
#103 = CARTESIAN_POINT ( 'NONE',  ( 3.549999999999999822, 2.299999999999999822, -0.9499999999999986233 ) ) ;
#104 = ORIENTED_EDGE ( 'NONE', *, *, #5775, .T. ) ;
#105 = LINE ( 'NONE', #5909, #5155 ) ;
#106 = EDGE_CURVE ( 'NONE', #2741, #1742, #5638, .T. ) ;
#107 = LINE ( 'NONE', #4033, #3381 ) ;
#108 = DIRECTION ( 'NONE',  ( 0.000000000000000000, -1.000000000000000000, 0.000000000000000000 ) ) ;
#109 = ADVANCED_BREP_SHAPE_REPRESENTATION ( '', ( #2475, #351, #2440, #4527, #926 ), #5424 ) ;
#110 = EDGE_LOOP ( 'NONE', ( #5920, #1394, #2481, #3762 ) ) ;
#111 = ORIENTED_EDGE ( 'NONE', *, *, #5699, .F. ) ;
#112 = VERTEX_POINT ( 'NONE', #1168 ) ;
#113 = CARTESIAN_POINT ( 'NONE',  ( -4.035000000000000142, 2.499999999999999556, -0.8999999999999998002 ) ) ;
#114 = CARTESIAN_POINT ( 'NONE',  ( 10.05810562561766375, 0.4500000000000000111, -0.6499999999999951372 ) ) ;
#115 = VECTOR ( 'NONE', #2669, 1000.000000000000000 ) ;
#116 = DIRECTION ( 'NONE',  ( 0.000000000000000000, -1.000000000000000000, -1.971276677246372752E-16 ) ) ;
#117 = CARTESIAN_POINT ( 'NONE',  ( 6.299999999999999822, 0.000000000000000000, 3.950000000000001954 ) ) ;
#118 = ORIENTED_EDGE ( 'NONE', *, *, #3116, .T. ) ;
#119 = AXIS2_PLACEMENT_3D ( 'NONE', #4436, #3856, #133 ) ;
#120 = VERTEX_POINT ( 'NONE', #4018 ) ;
#121 = CLOSED_SHELL ( 'NONE', ( #1186, #993, #4465, #5004, #621, #4438, #4626, #237, #598, #1994, #2246, #4206, #5967, #1303, #675, #3017, #6146 ) ) ;
#122 = CARTESIAN_POINT ( 'NONE',  ( 5.760000000000000675, 0.9500000000000002887, -1.150000000000000133 ) ) ;
#123 = ORIENTED_EDGE ( 'NONE', *, *, #5581, .T. ) ;
#124 = LINE ( 'NONE', #1107, #1260 ) ;
#125 = CARTESIAN_POINT ( 'NONE',  ( -4.035000000000000142, 0.000000000000000000, 0.1499999999999995226 ) ) ;
#126 = VERTEX_POINT ( 'NONE', #3562 ) ;
#127 = EDGE_CURVE ( 'NONE', #3752, #4925, #5449, .T. ) ;
#128 = DIRECTION ( 'NONE',  ( -0.9063077870366498257, 0.000000000000000000, -0.4226182617406999409 ) ) ;
#129 = CARTESIAN_POINT ( 'NONE',  ( 1.625000000000000000, 2.194217003719185044, -0.9499999999999999556 ) ) ;
#130 = VECTOR ( 'NONE', #5379, 1000.000000000000227 ) ;
#131 = CARTESIAN_POINT ( 'NONE',  ( 3.549999999999999822, 0.8000000000000000444, 0.1499999999999995226 ) ) ;
#132 = ADVANCED_FACE ( 'NONE', ( #679 ), #2604, .T. ) ;
#133 = DIRECTION ( 'NONE',  ( 0.000000000000000000, 0.000000000000000000, 1.000000000000000000 ) ) ;
#134 = VECTOR ( 'NONE', #2144, 1000.000000000000227 ) ;
#135 = ORIENTED_EDGE ( 'NONE', *, *, #810, .T. ) ;
#136 = LINE ( 'NONE', #1115, #3166 ) ;
#137 = DIRECTION ( 'NONE',  ( 0.000000000000000000, -0.7071067811865480168, -0.7071067811865470176 ) ) ;
#138 = CIRCLE ( 'NONE', #4858, 0.3499999999999999223 ) ;
#139 = CARTESIAN_POINT ( 'NONE',  ( -3.549999999999999822, 8.550826389841308384, 3.950000000000001954 ) ) ;
#140 = ORIENTED_EDGE ( 'NONE', *, *, #3457, .T. ) ;
#141 = DIRECTION ( 'NONE',  ( 1.000000000000000000, -0.000000000000000000, -0.000000000000000000 ) ) ;
#142 = EDGE_CURVE ( 'NONE', #4203, #1261, #276, .T. ) ;
#143 = AXIS2_PLACEMENT_3D ( 'NONE', #1349, #2202, #4166 ) ;
#144 = CARTESIAN_POINT ( 'NONE',  ( -3.549999999999999822, 0.3999999999999998557, 3.950000000000001954 ) ) ;
#145 = VECTOR ( 'NONE', #2993, 1000.000000000000000 ) ;
#146 = CARTESIAN_POINT ( 'NONE',  ( 4.535000000000000142, 9.129072045307475847, 2.650000000000000355 ) ) ;
#147 = FACE_OUTER_BOUND ( 'NONE', #2815, .T. ) ;
#148 = AXIS2_PLACEMENT_3D ( 'NONE', #2730, #398, #2205 ) ;
#149 = ORIENTED_EDGE ( 'NONE', *, *, #1104, .T. ) ;
#150 = VECTOR ( 'NONE', #1317, 1000.000000000000000 ) ;
#151 = DIRECTION ( 'NONE',  ( -0.4226182617406998854, 0.000000000000000000, 0.9063077870366497146 ) ) ;
#152 = AXIS2_PLACEMENT_3D ( 'NONE', #5712, #5246, #1039 ) ;
#153 = ORIENTED_EDGE ( 'NONE', *, *, #3321, .T. ) ;
#154 = ORIENTED_EDGE ( 'NONE', *, *, #4056, .T. ) ;
#155 =( LENGTH_UNIT ( ) NAMED_UNIT ( * ) SI_UNIT ( .MILLI., .METRE. ) );
#156 = DIRECTION ( 'NONE',  ( -3.872150616019656862E-16, 1.000000000000000000, 0.000000000000000000 ) ) ;
#157 = ORIENTED_EDGE ( 'NONE', *, *, #2318, .F. ) ;
#158 = CARTESIAN_POINT ( 'NONE',  ( -1.374999999999999556, 2.500000000000000444, -0.9499999999999992895 ) ) ;
#159 = EDGE_CURVE ( 'NONE', #3169, #5207, #2182, .T. ) ;
#160 = PLANE ( 'NONE',  #3841 ) ;
#161 = DIRECTION ( 'NONE',  ( -0.2492435693639542260, -0.6847910787717345071, -0.6847910787717373937 ) ) ;
#162 = LINE ( 'NONE', #5069, #2523 ) ;
#163 = ORIENTED_EDGE ( 'NONE', *, *, #5539, .T. ) ;
#164 = CARTESIAN_POINT ( 'NONE',  ( -4.860000000000001208, 0.4500000000000011768, 1.656341625576287280 ) ) ;
#165 = FACE_OUTER_BOUND ( 'NONE', #827, .T. ) ;
#166 = ORIENTED_EDGE ( 'NONE', *, *, #4315, .F. ) ;
#167 = VECTOR ( 'NONE', #108, 1000.000000000000000 ) ;
#168 = CARTESIAN_POINT ( 'NONE',  ( -6.500000000000001776, 0.1799999999999999933, 3.750000000000001776 ) ) ;
#169 = DIRECTION ( 'NONE',  ( 0.000000000000000000, 1.000000000000000000, -0.000000000000000000 ) ) ;
#170 = ADVANCED_FACE ( 'NONE', ( #847 ), #1797, .T. ) ;
#171 = EDGE_CURVE ( 'NONE', #4829, #3543, #2967, .T. ) ;
#172 = LINE ( 'NONE', #2539, #1332 ) ;
#173 = EDGE_CURVE ( 'NONE', #3903, #5115, #5117, .T. ) ;
#174 = ORIENTED_EDGE ( 'NONE', *, *, #2055, .F. ) ;
#175 = ORIENTED_EDGE ( 'NONE', *, *, #3944, .F. ) ;
#176 = VERTEX_POINT ( 'NONE', #3721 ) ;
#177 = ORIENTED_EDGE ( 'NONE', *, *, #3316, .F. ) ;
#178 =( NAMED_UNIT ( * ) SI_UNIT ( $, .STERADIAN. ) SOLID_ANGLE_UNIT ( ) );
#179 = DIRECTION ( 'NONE',  ( -1.000000000000000000, 0.000000000000000000, 0.000000000000000000 ) ) ;
#180 = ORIENTED_EDGE ( 'NONE', *, *, #785, .T. ) ;
#181 =( NAMED_UNIT ( * ) SI_UNIT ( $, .STERADIAN. ) SOLID_ANGLE_UNIT ( ) );
#182 = CARTESIAN_POINT ( 'NONE',  ( 3.549999999999999822, 2.299999999999999822, 3.950000000000001954 ) ) ;
#183 = EDGE_LOOP ( 'NONE', ( #2437, #2294, #2555, #4417, #5942, #2540, #3355, #1718 ) ) ;
#184 = CARTESIAN_POINT ( 'NONE',  ( 3.835000000000000853, 0.2000000000000000111, -1.149999999999999911 ) ) ;
#185 = CARTESIAN_POINT ( 'NONE',  ( 0.000000000000000000, 2.299999999999999822, -1.350000000000000089 ) ) ;
#186 = EDGE_CURVE ( 'NONE', #815, #4859, #3252, .T. ) ;
#187 =( LENGTH_UNIT ( ) NAMED_UNIT ( * ) SI_UNIT ( .MILLI., .METRE. ) );
#188 = DIRECTION ( 'NONE',  ( -0.000000000000000000, -0.000000000000000000, -1.000000000000000000 ) ) ;
#189 = ORIENTED_EDGE ( 'NONE', *, *, #2929, .F. ) ;
#190 = CARTESIAN_POINT ( 'NONE',  ( 3.549999999999999378, 1.299999999999999156, 0.6500000000000007994 ) ) ;
#191 = CARTESIAN_POINT ( 'NONE',  ( 10.05810562561766375, 0.4500000000000000111, -0.6499999999999951372 ) ) ;
#192 = FACE_OUTER_BOUND ( 'NONE', #2184, .T. ) ;
#193 = DIRECTION ( 'NONE',  ( 0.000000000000000000, 0.000000000000000000, 1.000000000000000000 ) ) ;
#194 = EDGE_CURVE ( 'NONE', #2906, #4759, #242, .T. ) ;
#195 = CARTESIAN_POINT ( 'NONE',  ( -3.549999999999999822, 1.299999999999999156, 2.650000000000000799 ) ) ;
#196 = CARTESIAN_POINT ( 'NONE',  ( -4.841979210579088454E-17, 0.2000000000000000111, -0.8999999999999991340 ) ) ;
#197 = EDGE_CURVE ( 'NONE', #2501, #2150, #6082, .T. ) ;
#198 = DIRECTION ( 'NONE',  ( 0.000000000000000000, 1.000000000000000000, 0.000000000000000000 ) ) ;
#199 = DIRECTION ( 'NONE',  ( 1.000000000000000000, 0.000000000000000000, 0.000000000000000000 ) ) ;
#200 = ORIENTED_EDGE ( 'NONE', *, *, #1498, .F. ) ;
#201 = ORIENTED_EDGE ( 'NONE', *, *, #127, .F. ) ;
#202 = ORIENTED_EDGE ( 'NONE', *, *, #3502, .F. ) ;
#203 = EDGE_CURVE ( 'NONE', #3720, #1571, #5507, .T. ) ;
#204 = ORIENTED_EDGE ( 'NONE', *, *, #4440, .T. ) ;
#205 = ADVANCED_FACE ( 'NONE', ( #3594 ), #1132, .T. ) ;
#206 = VECTOR ( 'NONE', #4758, 1000.000000000000000 ) ;
#207 = FACE_OUTER_BOUND ( 'NONE', #1475, .T. ) ;
#208 = VECTOR ( 'NONE', #5826, 1000.000000000000000 ) ;
#209 = CARTESIAN_POINT ( 'NONE',  ( 4.035000000000000142, 2.500000000000000000, 0.9000000000000003553 ) ) ;
#210 = VECTOR ( 'NONE', #1669, 1000.000000000000000 ) ;
#211 = VERTEX_POINT ( 'NONE', #710 ) ;
#212 = ORIENTED_EDGE ( 'NONE', *, *, #4333, .F. ) ;
#213 = ADVANCED_FACE ( 'NONE', ( #1233 ), #5541, .T. ) ;
#214 = ADVANCED_FACE ( 'NONE', ( #3129 ), #2285, .F. ) ;
#215 = PLANE ( 'NONE',  #6145 ) ;
#216 = LINE ( 'NONE', #3103, #2253 ) ;
#217 = VERTEX_POINT ( 'NONE', #1270 ) ;
#218 = FACE_OUTER_BOUND ( 'NONE', #1396, .T. ) ;
#219 = AXIS2_PLACEMENT_3D ( 'NONE', #4186, #3202, #312 ) ;
#220 = VECTOR ( 'NONE', #2739, 1000.000000000000000 ) ;
#221 = CARTESIAN_POINT ( 'NONE',  ( 5.935000000000000497, 2.500000000000000000, -0.9000000000000001332 ) ) ;
#222 = DIRECTION ( 'NONE',  ( 0.000000000000000000, -1.000000000000000000, 0.000000000000000000 ) ) ;
#223 = FACE_OUTER_BOUND ( 'NONE', #5429, .T. ) ;
#224 =( LENGTH_UNIT ( ) NAMED_UNIT ( * ) SI_UNIT ( .MILLI., .METRE. ) );
#225 = EDGE_LOOP ( 'NONE', ( #3909, #4294, #3150, #3805 ) ) ;
#226 = LINE ( 'NONE', #5381, #2547 ) ;
#227 = LINE ( 'NONE', #668, #4172 ) ;
#228 = AXIS2_PLACEMENT_3D ( 'NONE', #4023, #3936, #1138 ) ;
#229 = VECTOR ( 'NONE', #4299, 1000.000000000000114 ) ;
#230 = DIRECTION ( 'NONE',  ( 0.4226182617406998854, 0.000000000000000000, 0.9063077870366497146 ) ) ;
#231 = PLANE ( 'NONE',  #5364 ) ;
#232 = VECTOR ( 'NONE', #4726, 1000.000000000000114 ) ;
#233 = DIRECTION ( 'NONE',  ( -0.000000000000000000, -0.7071067811865489050, -0.7071067811865462405 ) ) ;
#234 = VECTOR ( 'NONE', #833, 1000.000000000000000 ) ;
#235 = EDGE_LOOP ( 'NONE', ( #2980, #1346, #3302, #2876 ) ) ;
#236 = ORIENTED_EDGE ( 'NONE', *, *, #3531, .T. ) ;
#237 = ADVANCED_FACE ( 'NONE', ( #4179 ), #3191, .F. ) ;
#238 = VECTOR ( 'NONE', #3295, 1000.000000000000000 ) ;
#239 = ORIENTED_EDGE ( 'NONE', *, *, #2168, .F. ) ;
#240 = AXIS2_PLACEMENT_3D ( 'NONE', #5991, #5023, #6056 ) ;
#241 = VECTOR ( 'NONE', #498, 1000.000000000000000 ) ;
#242 = LINE ( 'NONE', #4678, #2534 ) ;
#243 = ORIENTED_EDGE ( 'NONE', *, *, #3915, .T. ) ;
#244 = PRODUCT_DEFINITION_SHAPE ( 'NONE', 'NONE',  #6210 ) ;
#245 = VECTOR ( 'NONE', #4998, 1000.000000000000000 ) ;
#246 = DIRECTION ( 'NONE',  ( 0.7071067811865474617, -0.000000000000000000, -0.7071067811865474617 ) ) ;
#247 = DIRECTION ( 'NONE',  ( 0.000000000000000000, 0.000000000000000000, -1.000000000000000000 ) ) ;
#248 = ORIENTED_EDGE ( 'NONE', *, *, #1866, .F. ) ;
#249 = LINE ( 'NONE', #5968, #1458 ) ;
#250 = EDGE_CURVE ( 'NONE', #5721, #4208, #6052, .T. ) ;
#251 = CARTESIAN_POINT ( 'NONE',  ( -5.935000000000000497, 2.299999999999999822, -0.9000000000000001332 ) ) ;
#252 = EDGE_CURVE ( 'NONE', #3016, #704, #808, .T. ) ;
#253 = DIRECTION ( 'NONE',  ( -0.000000000000000000, -1.000000000000000000, -0.000000000000000000 ) ) ;
#254 = AXIS2_PLACEMENT_3D ( 'NONE', #6043, #840, #1683 ) ;
#255 = CARTESIAN_POINT ( 'NONE',  ( -3.549999999999999822, 0.2000000000000000111, 2.650000000000000355 ) ) ;
#256 = SURFACE_STYLE_USAGE ( .BOTH. , #1060 ) ;
#257 = ORIENTED_EDGE ( 'NONE', *, *, #1667, .T. ) ;
#258 = DIRECTION ( 'NONE',  ( 0.000000000000000000, 0.000000000000000000, -1.000000000000000000 ) ) ;
#259 = DIRECTION ( 'NONE',  ( -1.000000000000000000, 0.000000000000000000, -2.891205793294679312E-16 ) ) ;
#260 = PLANE ( 'NONE',  #3045 ) ;
#261 = ORIENTED_EDGE ( 'NONE', *, *, #2123, .T. ) ;
#262 = CARTESIAN_POINT ( 'NONE',  ( 5.935000000000000497, 0.2000000000000000111, -0.9000000000000001332 ) ) ;
#263 = ORIENTED_EDGE ( 'NONE', *, *, #5810, .T. ) ;
#264 = FACE_OUTER_BOUND ( 'NONE', #2907, .T. ) ;
#265 = CARTESIAN_POINT ( 'NONE',  ( 0.000000000000000000, 9.129072045307475847, -1.350000000000000089 ) ) ;
#266 = CARTESIAN_POINT ( 'NONE',  ( -3.835000000000000409, 2.299999999999999822, -1.182842712474618807 ) ) ;
#267 = CARTESIAN_POINT ( 'NONE',  ( -4.035000000000000142, 2.299999999999999822, -1.300000000000000266 ) ) ;
#268 = CARTESIAN_POINT ( 'NONE',  ( 4.535000000000000142, 2.299999999999999822, 2.650000000000000355 ) ) ;
#269 = ORIENTED_EDGE ( 'NONE', *, *, #4014, .F. ) ;
#270 = VECTOR ( 'NONE', #3770, 1000.000000000000000 ) ;
#271 = ORIENTED_EDGE ( 'NONE', *, *, #6103, .F. ) ;
#272 = ORIENTED_EDGE ( 'NONE', *, *, #2200, .T. ) ;
#273 = EDGE_CURVE ( 'NONE', #815, #5717, #4640, .T. ) ;
#274 = ORIENTED_EDGE ( 'NONE', *, *, #3221, .F. ) ;
#275 = CARTESIAN_POINT ( 'NONE',  ( 4.235000000000001208, 2.299999999999999822, 0.1499999999999995226 ) ) ;
#276 = LINE ( 'NONE', #1298, #6034 ) ;
#277 = ORIENTED_EDGE ( 'NONE', *, *, #5125, .T. ) ;
#278 = CARTESIAN_POINT ( 'NONE',  ( 1.625000000000000000, 0.1250000000000000000, -1.025000000000000133 ) ) ;
#279 = DIRECTION ( 'NONE',  ( 0.000000000000000000, 0.000000000000000000, 1.000000000000000000 ) ) ;
#280 = ORIENTED_EDGE ( 'NONE', *, *, #571, .F. ) ;
#281 = DIRECTION ( 'NONE',  ( 0.000000000000000000, 0.000000000000000000, -1.000000000000000000 ) ) ;
#282 = FACE_OUTER_BOUND ( 'NONE', #1120, .T. ) ;
#283 = AXIS2_PLACEMENT_3D ( 'NONE', #1538, #1774, #1969 ) ;
#284 = CARTESIAN_POINT ( 'NONE',  ( 1.625000000000000000, 0.4128422322972565284, -1.719138551857209984 ) ) ;
#285 = SURFACE_STYLE_USAGE ( .BOTH. , #5906 ) ;
#286 = EDGE_CURVE ( 'NONE', #5836, #5052, #655, .T. ) ;
#287 = ADVANCED_FACE ( 'NONE', ( #1760 ), #2310, .F. ) ;
#288 = DIRECTION ( 'NONE',  ( 0.000000000000000000, -0.5000000000000015543, 0.8660254037844378194 ) ) ;
#289 = ORIENTED_EDGE ( 'NONE', *, *, #1342, .F. ) ;
#290 = DIRECTION ( 'NONE',  ( 1.000000000000000000, -1.258448950206388160E-16, 0.000000000000000000 ) ) ;
#291 = PLANE ( 'NONE',  #4772 ) ;
#292 = ADVANCED_FACE ( 'NONE', ( #2597 ), #2769, .F. ) ;
#293 = EDGE_LOOP ( 'NONE', ( #5566, #508, #204, #3925 ) ) ;
#294 = DIRECTION ( 'NONE',  ( 1.000000000000000000, -0.000000000000000000, -0.000000000000000000 ) ) ;
#295 = ORIENTED_EDGE ( 'NONE', *, *, #4892, .T. ) ;
#296 = DIRECTION ( 'NONE',  ( 1.000000000000000000, 0.000000000000000000, -5.965348954528222655E-17 ) ) ;
#297 = PLANE ( 'NONE',  #3881 ) ;
#298 = CARTESIAN_POINT ( 'NONE',  ( 3.549999999999999822, 2.500000000000000000, 2.650000000000000355 ) ) ;
#299 = CARTESIAN_POINT ( 'NONE',  ( 0.6250000000000005551, 2.299999999999999822, -0.9499999999999992895 ) ) ;
#300 = VERTEX_POINT ( 'NONE', #4874 ) ;
#301 = ORIENTED_EDGE ( 'NONE', *, *, #4825, .T. ) ;
#302 = ORIENTED_EDGE ( 'NONE', *, *, #186, .F. ) ;
#303 = DIRECTION ( 'NONE',  ( 0.000000000000000000, 0.000000000000000000, -1.000000000000000000 ) ) ;
#304 = ORIENTED_EDGE ( 'NONE', *, *, #1187, .T. ) ;
#305 = VECTOR ( 'NONE', #3427, 1000.000000000000000 ) ;
#306 = DIRECTION ( 'NONE',  ( 1.000000000000000000, -0.000000000000000000, 0.000000000000000000 ) ) ;
#307 = ORIENTED_EDGE ( 'NONE', *, *, #2890, .T. ) ;
#308 = DIRECTION ( 'NONE',  ( -1.000000000000000000, 0.000000000000000000, 0.000000000000000000 ) ) ;
#309 = VECTOR ( 'NONE', #801, 1000.000000000000000 ) ;
#310 = PLANE ( 'NONE',  #1922 ) ;
#311 = VECTOR ( 'NONE', #924, 1000.000000000000227 ) ;
#312 = DIRECTION ( 'NONE',  ( 1.000000000000000000, 0.000000000000000000, 0.000000000000000000 ) ) ;
#313 = FACE_OUTER_BOUND ( 'NONE', #1753, .T. ) ;
#314 = EDGE_CURVE ( 'NONE', #3697, #23, #569, .T. ) ;
#315 = AXIS2_PLACEMENT_3D ( 'NONE', #5934, #253, #5028 ) ;
#316 = DIRECTION ( 'NONE',  ( 0.000000000000000000, 0.000000000000000000, 1.000000000000000000 ) ) ;
#317 = CARTESIAN_POINT ( 'NONE',  ( -10.05810562561766375, 2.050000000000002487, 1.656341625576287280 ) ) ;
#318 = EDGE_LOOP ( 'NONE', ( #4959, #1381, #844, #6139 ) ) ;
#319 = CARTESIAN_POINT ( 'NONE',  ( 1.625000000000000000, 0.8471798001561450242, -1.300000000000000044 ) ) ;
#320 = LINE ( 'NONE', #2231, #5970 ) ;
#321 = AXIS2_PLACEMENT_3D ( 'NONE', #1202, #3157, #5057 ) ;
#322 = EDGE_CURVE ( 'NONE', #379, #5019, #2065, .T. ) ;
#323 = FACE_BOUND ( 'NONE', #432, .T. ) ;
#324 = LINE ( 'NONE', #395, #547 ) ;
#325 = CARTESIAN_POINT ( 'NONE',  ( 4.535000000000000142, 0.2000000000000000111, 2.650000000000000355 ) ) ;
#326 = PLANE ( 'NONE',  #5273 ) ;
#327 = LINE ( 'NONE', #4601, #1894 ) ;
#328 = CARTESIAN_POINT ( 'NONE',  ( 6.060000000000001386, 0.2499999999999997780, 1.856341625576289678 ) ) ;
#329 = LINE ( 'NONE', #1412, #6171 ) ;
#330 = FACE_OUTER_BOUND ( 'NONE', #2107, .T. ) ;
#331 = ORIENTED_EDGE ( 'NONE', *, *, #2024, .F. ) ;
#332 = ORIENTED_EDGE ( 'NONE', *, *, #5326, .F. ) ;
#333 = VERTEX_POINT ( 'NONE', #4953 ) ;
#334 = ORIENTED_EDGE ( 'NONE', *, *, #6149, .F. ) ;
#335 = MECHANICAL_DESIGN_GEOMETRIC_PRESENTATION_REPRESENTATION (  '', ( #1355 ), #5365 ) ;
#336 = AXIS2_PLACEMENT_3D ( 'NONE', #1053, #1993, #2492 ) ;
#337 = CARTESIAN_POINT ( 'NONE',  ( -4.535000000000000142, 9.129072045307475847, 2.650000000000000355 ) ) ;
#338 = VECTOR ( 'NONE', #4997, 1000.000000000000000 ) ;
#339 = ORIENTED_EDGE ( 'NONE', *, *, #2976, .F. ) ;
#340 = ORIENTED_EDGE ( 'NONE', *, *, #3421, .T. ) ;
#341 = VECTOR ( 'NONE', #4681, 1000.000000000000227 ) ;
#342 = CARTESIAN_POINT ( 'NONE',  ( 1.625000000000000000, 0.3499999999999999778, -2.799999999999999822 ) ) ;
#343 = VERTEX_POINT ( 'NONE', #4899 ) ;
#344 = CARTESIAN_POINT ( 'NONE',  ( 4.035000000000000142, 2.299999999999999822, -1.300000000000000266 ) ) ;
#345 = AXIS2_PLACEMENT_3D ( 'NONE', #3379, #4337, #2290 ) ;
#346 = PLANE ( 'NONE',  #5233 ) ;
#347 = VECTOR ( 'NONE', #3722, 1000.000000000000000 ) ;
#348 = CARTESIAN_POINT ( 'NONE',  ( -3.835000000000000853, 2.299999999999999822, -1.149999999999999911 ) ) ;
#349 = SURFACE_STYLE_USAGE ( .BOTH. , #1281 ) ;
#350 = DIRECTION ( 'NONE',  ( 1.000000000000000000, 0.000000000000000000, -5.965348954528222655E-17 ) ) ;
#351 = MANIFOLD_SOLID_BREP ( 'Mirror1[2]', #4842 ) ;
#352 = EDGE_CURVE ( 'NONE', #3067, #4773, #2255, .T. ) ;
#353 = PLANE ( 'NONE',  #846 ) ;
#354 = CARTESIAN_POINT ( 'NONE',  ( 4.860000000000001208, 2.250000000000000000, 2.650000000000000355 ) ) ;
#355 = EDGE_LOOP ( 'NONE', ( #4978, #3294, #2655, #2566, #4431 ) ) ;
#356 = VECTOR ( 'NONE', #4658, 1000.000000000000000 ) ;
#357 = CARTESIAN_POINT ( 'NONE',  ( 0.000000000000000000, 2.299999999999999822, 0.000000000000000000 ) ) ;
#358 = CARTESIAN_POINT ( 'NONE',  ( 2.375000000000000888, 2.299999999999999822, -0.9499999999999992895 ) ) ;
#359 = CARTESIAN_POINT ( 'NONE',  ( -6.060000000000001386, 2.250000000000000000, 2.650000000000000355 ) ) ;
#360 = ADVANCED_FACE ( 'NONE', ( #595 ), #5479, .T. ) ;
#361 = AXIS2_PLACEMENT_3D ( 'NONE', #2304, #1321, #875 ) ;
#362 = CARTESIAN_POINT ( 'NONE',  ( 5.760000000000000675, 2.300000000000000266, -0.9500000000000001776 ) ) ;
#363 = EDGE_LOOP ( 'NONE', ( #4610, #1275, #1397, #3987 ) ) ;
#364 = DIRECTION ( 'NONE',  ( 0.000000000000000000, 0.000000000000000000, 1.000000000000000000 ) ) ;
#365 = LINE ( 'NONE', #2276, #5963 ) ;
#366 = DIRECTION ( 'NONE',  ( 0.000000000000000000, -0.7071067811865490160, -0.7071067811865460184 ) ) ;
#367 = CARTESIAN_POINT ( 'NONE',  ( -4.860000000000001208, 2.250000000000000000, 2.650000000000000355 ) ) ;
#368 = CARTESIAN_POINT ( 'NONE',  ( 0.000000000000000000, 2.299999999999999822, 0.000000000000000000 ) ) ;
#369 = ORIENTED_EDGE ( 'NONE', *, *, #2938, .F. ) ;
#370 = ORIENTED_EDGE ( 'NONE', *, *, #5248, .T. ) ;
#371 = ORIENTED_EDGE ( 'NONE', *, *, #5212, .F. ) ;
#372 = VERTEX_POINT ( 'NONE', #3623 ) ;
#373 = ADVANCED_FACE ( 'NONE', ( #1660 ), #709, .T. ) ;
#374 = ADVANCED_FACE ( 'NONE', ( #408 ), #5643, .F. ) ;
#375 = EDGE_CURVE ( 'NONE', #2628, #3931, #5337, .T. ) ;
#376 = DIRECTION ( 'NONE',  ( 0.000000000000000000, 0.000000000000000000, -1.000000000000000000 ) ) ;
#377 = DIRECTION ( 'NONE',  ( 0.000000000000000000, -1.000000000000000000, 0.000000000000000000 ) ) ;
#378 = EDGE_LOOP ( 'NONE', ( #3826, #842, #4486, #1579 ) ) ;
#379 = VERTEX_POINT ( 'NONE', #328 ) ;
#380 = AXIS2_PLACEMENT_3D ( 'NONE', #1251, #3445, #5788 ) ;
#381 = EDGE_CURVE ( 'NONE', #3752, #4377, #2626, .T. ) ;
#382 = ORIENTED_EDGE ( 'NONE', *, *, #2874, .F. ) ;
#383 = CARTESIAN_POINT ( 'NONE',  ( -4.785000000000000142, 9.129072045307475847, 1.531341625576287502 ) ) ;
#384 = DIRECTION ( 'NONE',  ( 0.000000000000000000, -1.000000000000000000, -0.000000000000000000 ) ) ;
#385 = DIRECTION ( 'NONE',  ( 0.000000000000000000, 0.000000000000000000, 1.000000000000000000 ) ) ;
#386 = CARTESIAN_POINT ( 'NONE',  ( -4.785000000000000142, 9.129072045307475847, 2.400000000000000355 ) ) ;
#387 = CARTESIAN_POINT ( 'NONE',  ( -5.935000000000000497, 2.299999999999999822, -0.9000000000000001332 ) ) ;
#388 = ORIENTED_EDGE ( 'NONE', *, *, #531, .T. ) ;
#389 = CARTESIAN_POINT ( 'NONE',  ( 4.035000000000000142, 0.2000000000000000111, -0.8999999999999998002 ) ) ;
#390 = PLANE ( 'NONE',  #4370 ) ;
#391 = LINE ( 'NONE', #3639, #2280 ) ;
#392 = EDGE_CURVE ( 'NONE', #5708, #94, #3651, .T. ) ;
#393 = LINE ( 'NONE', #3482, #4519 ) ;
#394 = LINE ( 'NONE', #4286, #5578 ) ;
#395 = CARTESIAN_POINT ( 'NONE',  ( 5.935000000000000497, 2.500000000000000000, 0.8999999999999999112 ) ) ;
#396 = ORIENTED_EDGE ( 'NONE', *, *, #2805, .F. ) ;
#397 = FACE_OUTER_BOUND ( 'NONE', #110, .T. ) ;
#398 = DIRECTION ( 'NONE',  ( -1.000000000000000000, 0.000000000000000000, 0.000000000000000000 ) ) ;
#399 = DIRECTION ( 'NONE',  ( 0.000000000000000000, -1.000000000000000000, 0.000000000000000000 ) ) ;
#400 = PLANE ( 'NONE',  #1658 ) ;
#401 = EDGE_CURVE ( 'NONE', #5064, #1496, #5916, .T. ) ;
#402 = VERTEX_POINT ( 'NONE', #1650 ) ;
#403 = ORIENTED_EDGE ( 'NONE', *, *, #6200, .T. ) ;
#404 = VERTEX_POINT ( 'NONE', #3181 ) ;
#405 = EDGE_LOOP ( 'NONE', ( #6113, #3884, #5330, #1050 ) ) ;
#406 = ADVANCED_FACE ( 'NONE', ( #697 ), #5530, .F. ) ;
#407 = DIRECTION ( 'NONE',  ( 3.872150616019656862E-16, -1.000000000000000000, -7.405855100471174454E-32 ) ) ;
#408 = FACE_OUTER_BOUND ( 'NONE', #4316, .T. ) ;
#409 = VERTEX_POINT ( 'NONE', #5572 ) ;
#410 = LINE ( 'NONE', #2312, #4579 ) ;
#411 = ADVANCED_FACE ( 'NONE', ( #3589 ), #3552, .F. ) ;
#412 = EDGE_LOOP ( 'NONE', ( #5988, #2365, #4326, #781 ) ) ;
#413 = EDGE_CURVE ( 'NONE', #5708, #3782, #1158, .T. ) ;
#414 = ORIENTED_EDGE ( 'NONE', *, *, #4128, .T. ) ;
#415 = CARTESIAN_POINT ( 'NONE',  ( -6.060000000000001386, 0.2499999999999997780, 2.650000000000000355 ) ) ;
#416 = CARTESIAN_POINT ( 'NONE',  ( -5.559999999999999609, 0.9500000000000002887, -1.150000000000000133 ) ) ;
#417 = CARTESIAN_POINT ( 'NONE',  ( 1.375000000000000000, 0.5627714910575180030, -1.723744783245070078 ) ) ;
#418 = EDGE_CURVE ( 'NONE', #6192, #1540, #737, .T. ) ;
#419 = DIRECTION ( 'NONE',  ( -0.9063077870366498257, 0.000000000000000000, -0.4226182617406999409 ) ) ;
#420 = VECTOR ( 'NONE', #2833, 1000.000000000000000 ) ;
#421 = CARTESIAN_POINT ( 'NONE',  ( 2.625000000000000444, 2.299999999999999822, -0.9499999999999992895 ) ) ;
#422 = ORIENTED_EDGE ( 'NONE', *, *, #4256, .T. ) ;
#423 = CARTESIAN_POINT ( 'NONE',  ( -10.05810562561766375, 0.4500000000000000111, -0.6499999999999951372 ) ) ;
#424 = CARTESIAN_POINT ( 'NONE',  ( 1.625000000000000000, 1.844217003719184955, -1.300000000000000044 ) ) ;
#425 = CARTESIAN_POINT ( 'NONE',  ( 4.035000000000000142, 0.2000000000000000111, -1.182842712474618807 ) ) ;
#426 = VECTOR ( 'NONE', #4884, 1000.000000000000000 ) ;
#427 = DIRECTION ( 'NONE',  ( 2.282530889443167515E-16, -0.000000000000000000, 1.000000000000000000 ) ) ;
#428 = ORIENTED_EDGE ( 'NONE', *, *, #5392, .F. ) ;
#429 = DIRECTION ( 'NONE',  ( 1.000000000000000000, -0.000000000000000000, 2.990902544787598592E-16 ) ) ;
#430 = DIRECTION ( 'NONE',  ( 0.000000000000000000, -1.000000000000000000, 0.000000000000000000 ) ) ;
#431 = VECTOR ( 'NONE', #1573, 1000.000000000000000 ) ;
#432 = EDGE_LOOP ( 'NONE', ( #3812, #5641, #4424, #2972 ) ) ;
#433 = VERTEX_POINT ( 'NONE', #3089 ) ;
#434 = ORIENTED_EDGE ( 'NONE', *, *, #3492, .T. ) ;
#435 = DIRECTION ( 'NONE',  ( 0.000000000000000000, -1.000000000000000000, 0.000000000000000000 ) ) ;
#436 = EDGE_CURVE ( 'NONE', #1588, #5630, #4974, .T. ) ;
#437 = ORIENTED_EDGE ( 'NONE', *, *, #1081, .F. ) ;
#438 = CARTESIAN_POINT ( 'NONE',  ( -10.05810562561766375, 0.4500000000000001776, 1.656341625576287280 ) ) ;
#439 = VECTOR ( 'NONE', #5433, 1000.000000000000000 ) ;
#440 = DIRECTION ( 'NONE',  ( 0.000000000000000000, -0.9848730299657960652, 0.1732775659050885542 ) ) ;
#441 = VECTOR ( 'NONE', #3082, 1000.000000000000000 ) ;
#442 = CARTESIAN_POINT ( 'NONE',  ( -1.318719892559550596E-15, 2.479999999999999982, 2.650000000000001243 ) ) ;
#443 = VECTOR ( 'NONE', #2236, 1000.000000000000000 ) ;
#444 = ITEM_DEFINED_TRANSFORMATION ( 'NONE', 'NONE', #5141,  #926 ) ;
#445 = AXIS2_PLACEMENT_3D ( 'NONE', #5549, #683, #1666 ) ;
#446 = DIRECTION ( 'NONE',  ( 0.000000000000000000, 1.000000000000000000, 0.000000000000000000 ) ) ;
#447 = PLANE ( 'NONE',  #2010 ) ;
#448 = ORIENTED_EDGE ( 'NONE', *, *, #1506, .T. ) ;
#449 = EDGE_CURVE ( 'NONE', #1323, #1719, #673, .T. ) ;
#450 = EDGE_CURVE ( 'NONE', #1849, #5953, #4503, .T. ) ;
#451 = DIRECTION ( 'NONE',  ( 0.000000000000000000, 1.000000000000000000, -9.856383386231868688E-17 ) ) ;
#452 = ADVANCED_FACE ( 'NONE', ( #6011 ), #1222, .F. ) ;
#453 = LINE ( 'NONE', #1964, #4672 ) ;
#454 = EDGE_CURVE ( 'NONE', #2408, #3697, #2926, .T. ) ;
#455 = AXIS2_PLACEMENT_3D ( 'NONE', #2146, #1219, #3146 ) ;
#456 = EDGE_LOOP ( 'NONE', ( #5183, #4682, #2212, #154, #3636 ) ) ;
#457 = AXIS2_PLACEMENT_3D ( 'NONE', #6001, #4691, #4595 ) ;
#458 = CARTESIAN_POINT ( 'NONE',  ( 1.625000000000000000, 0.1794675324079980094, -1.483143174397928199 ) ) ;
#459 = ORIENTED_EDGE ( 'NONE', *, *, #5177, .F. ) ;
#460 = PLANE ( 'NONE',  #1746 ) ;
#461 = CARTESIAN_POINT ( 'NONE',  ( -4.234999999999999432, 0.3999999999999993006, -1.149999999999999911 ) ) ;
#462 = VECTOR ( 'NONE', #3308, 1000.000000000000000 ) ;
#463 = CARTESIAN_POINT ( 'NONE',  ( 1.375000000000000000, 0.000000000000000000, -2.799999999999999822 ) ) ;
#464 = EDGE_LOOP ( 'NONE', ( #5475, #3176, #5900, #2973 ) ) ;
#465 = ORIENTED_EDGE ( 'NONE', *, *, #3077, .T. ) ;
#466 = ORIENTED_EDGE ( 'NONE', *, *, #3804, .F. ) ;
#467 = CARTESIAN_POINT ( 'NONE',  ( -4.860000000000001208, 2.250000000000000000, 1.856341625576288790 ) ) ;
#468 = CARTESIAN_POINT ( 'NONE',  ( -0.6718937872977400749, 2.299999999999999822, -0.3133092184837023564 ) ) ;
#469 = ORIENTED_EDGE ( 'NONE', *, *, #5612, .T. ) ;
#470 = DIRECTION ( 'NONE',  ( 0.7071067811865474617, 0.000000000000000000, 0.7071067811865474617 ) ) ;
#471 = AXIS2_PLACEMENT_3D ( 'NONE', #4895, #3031, #5892 ) ;
#472 = EDGE_CURVE ( 'NONE', #5630, #1899, #2894, .T. ) ;
#473 = ORIENTED_EDGE ( 'NONE', *, *, #481, .F. ) ;
#474 = VECTOR ( 'NONE', #4791, 1000.000000000000000 ) ;
#475 = LINE ( 'NONE', #5154, #5958 ) ;
#476 = CARTESIAN_POINT ( 'NONE',  ( -4.785000000000000142, 0.2000000000000000111, 1.531341625576287502 ) ) ;
#477 = VECTOR ( 'NONE', #2678, 1000.000000000000000 ) ;
#478 = DIRECTION ( 'NONE',  ( 0.000000000000000000, 0.000000000000000000, 1.000000000000000000 ) ) ;
#479 = CARTESIAN_POINT ( 'NONE',  ( 5.935000000000000497, 2.500000000000000000, -0.9000000000000001332 ) ) ;
#480 = VERTEX_POINT ( 'NONE', #5789 ) ;
#481 = EDGE_CURVE ( 'NONE', #1997, #5052, #3244, .T. ) ;
#482 = CARTESIAN_POINT ( 'NONE',  ( 2.625000000000000444, 2.500000000000000444, -0.9499999999999992895 ) ) ;
#483 = CARTESIAN_POINT ( 'NONE',  ( 0.1884769367380004501, 2.500000000000000444, -1.350000000000000533 ) ) ;
#484 = ORIENTED_EDGE ( 'NONE', *, *, #2254, .T. ) ;
#485 = ADVANCED_FACE ( 'NONE', ( #5142, #10, #4347 ), #838, .T. ) ;
#486 = LINE ( 'NONE', #4225, #2068 ) ;
#487 = LINE ( 'NONE', #4351, #3055 ) ;
#488 = EDGE_CURVE ( 'NONE', #4367, #433, #4381, .T. ) ;
#489 = EDGE_LOOP ( 'NONE', ( #4037, #1655, #1707, #2211, #3367 ) ) ;
#490 = FACE_OUTER_BOUND ( 'NONE', #412, .T. ) ;
#491 = FACE_OUTER_BOUND ( 'NONE', #3225, .T. ) ;
#492 = DIRECTION ( 'NONE',  ( 0.000000000000000000, -1.000000000000000000, -0.000000000000000000 ) ) ;
#493 = PLANE ( 'NONE',  #5837 ) ;
#494 = EDGE_CURVE ( 'NONE', #176, #1815, #684, .T. ) ;
#495 = VERTEX_POINT ( 'NONE', #5375 ) ;
#496 = CARTESIAN_POINT ( 'NONE',  ( 4.235000000000002096, 0.2000000000000000111, 0.1499999999999995226 ) ) ;
#497 = ORIENTED_EDGE ( 'NONE', *, *, #4696, .F. ) ;
#498 = DIRECTION ( 'NONE',  ( 0.000000000000000000, 1.000000000000000000, 0.000000000000000000 ) ) ;
#499 = DIRECTION ( 'NONE',  ( 0.000000000000000000, -1.000000000000000000, -0.000000000000000000 ) ) ;
#500 = VERTEX_POINT ( 'NONE', #129 ) ;
#501 = ORIENTED_EDGE ( 'NONE', *, *, #5060, .F. ) ;
#502 = ORIENTED_EDGE ( 'NONE', *, *, #6165, .F. ) ;
#503 = DIRECTION ( 'NONE',  ( 0.9396926207859085389, -3.638631360445281486E-16, 0.3420201433256684354 ) ) ;
#504 = DIRECTION ( 'NONE',  ( 1.000000000000000000, 0.000000000000000000, 1.912594791595156631E-16 ) ) ;
#505 = APPLICATION_PROTOCOL_DEFINITION ( 'draft international standard', 'automotive_design', 1998, #1267 ) ;
#506 = CARTESIAN_POINT ( 'NONE',  ( 0.6250000000000005551, 2.500000000000000444, -0.9499999999999992895 ) ) ;
#507 = DIRECTION ( 'NONE',  ( 1.000000000000000000, 0.000000000000000000, -0.000000000000000000 ) ) ;
#508 = ORIENTED_EDGE ( 'NONE', *, *, #2223, .F. ) ;
#509 = DIRECTION ( 'NONE',  ( -6.672013369141568175E-16, 0.000000000000000000, -1.000000000000000000 ) ) ;
#510 = ADVANCED_FACE ( 'NONE', ( #4026 ), #160, .F. ) ;
#511 = CARTESIAN_POINT ( 'NONE',  ( -3.549999999999999822, 8.550826389841308384, -0.9499999999999986233 ) ) ;
#512 = AXIS2_PLACEMENT_3D ( 'NONE', #1734, #5973, #4561 ) ;
#513 = ORIENTED_EDGE ( 'NONE', *, *, #566, .F. ) ;
#514 = CARTESIAN_POINT ( 'NONE',  ( 4.785000000000000142, 2.299999999999999822, 2.400000000000000355 ) ) ;
#515 = DIRECTION ( 'NONE',  ( 0.000000000000000000, 0.000000000000000000, -1.000000000000000000 ) ) ;
#516 = DIRECTION ( 'NONE',  ( -0.7235891002180033782, -0.4880670107913985256, -0.4880670107913964162 ) ) ;
#517 = VERTEX_POINT ( 'NONE', #4962 ) ;
#518 = DIRECTION ( 'NONE',  ( 1.000000000000000000, 0.000000000000000000, 0.000000000000000000 ) ) ;
#519 = CARTESIAN_POINT ( 'NONE',  ( 6.500000000000001776, 2.479999999999999982, -4.244925670375280014 ) ) ;
#520 = ADVANCED_FACE ( 'NONE', ( #282 ), #346, .F. ) ;
#521 = VECTOR ( 'NONE', #4338, 1000.000000000000000 ) ;
#522 = CARTESIAN_POINT ( 'NONE',  ( 4.035000000000000142, 2.299999999999999822, 0.1499999999999995226 ) ) ;
#523 = ORIENTED_EDGE ( 'NONE', *, *, #2123, .F. ) ;
#524 = ORIENTED_EDGE ( 'NONE', *, *, #1011, .T. ) ;
#525 = DIRECTION ( 'NONE',  ( 0.000000000000000000, 0.000000000000000000, 1.000000000000000000 ) ) ;
#526 = VECTOR ( 'NONE', #222, 1000.000000000000000 ) ;
#527 = DIRECTION ( 'NONE',  ( 1.000000000000000000, 0.000000000000000000, 0.000000000000000000 ) ) ;
#528 = PRODUCT_DEFINITION ( 'UNKNOWN', '', #5741, #4881 ) ;
#529 = FACE_OUTER_BOUND ( 'NONE', #6018, .T. ) ;
#530 = EDGE_CURVE ( 'NONE', #1662, #2567, #1371, .T. ) ;
#531 = EDGE_CURVE ( 'NONE', #824, #3374, #2262, .T. ) ;
#532 = AXIS2_PLACEMENT_3D ( 'NONE', #4606, #5480, #4085 ) ;
#533 = VERTEX_POINT ( 'NONE', #5995 ) ;
#534 = VERTEX_POINT ( 'NONE', #2190 ) ;
#535 = DIRECTION ( 'NONE',  ( -0.9063077870366498257, 0.000000000000000000, -0.4226182617406999409 ) ) ;
#536 = CARTESIAN_POINT ( 'NONE',  ( -0.6249999999999992228, 2.299999999999999822, -0.9499999999999992895 ) ) ;
#537 = FACE_OUTER_BOUND ( 'NONE', #3592, .T. ) ;
#538 = DIRECTION ( 'NONE',  ( -1.000000000000000000, 0.000000000000000000, 0.000000000000000000 ) ) ;
#539 = VECTOR ( 'NONE', #3476, 1000.000000000000000 ) ;
#540 = VERTEX_POINT ( 'NONE', #3260 ) ;
#541 = DIRECTION ( 'NONE',  ( -0.7071067811865474617, 0.000000000000000000, 0.7071067811865474617 ) ) ;
#542 = CARTESIAN_POINT ( 'NONE',  ( -4.535000000000000142, 0.4500000000000000111, -0.6499999999999951372 ) ) ;
#543 = VERTEX_POINT ( 'NONE', #1279 ) ;
#544 = VECTOR ( 'NONE', #5264, 1000.000000000000000 ) ;
#545 = DIRECTION ( 'NONE',  ( 0.7071067811865474617, -0.000000000000000000, -0.7071067811865474617 ) ) ;
#546 = DIRECTION ( 'NONE',  ( -1.000000000000000000, 0.000000000000000000, 1.711898167082375759E-16 ) ) ;
#547 = VECTOR ( 'NONE', #3239, 1000.000000000000000 ) ;
#548 = EDGE_CURVE ( 'NONE', #5850, #5678, #2291, .T. ) ;
#549 = CARTESIAN_POINT ( 'NONE',  ( 4.234999999999999432, 2.100000000000000089, -1.149999999999999911 ) ) ;
#550 = SURFACE_SIDE_STYLE ('',( #2336 ) ) ;
#551 = ORIENTED_EDGE ( 'NONE', *, *, #4323, .F. ) ;
#552 = VECTOR ( 'NONE', #169, 1000.000000000000000 ) ;
#553 = CARTESIAN_POINT ( 'NONE',  ( 3.549999999999999822, 0.8000000000000000444, 3.257179676972453475 ) ) ;
#554 = DIRECTION ( 'NONE',  ( -0.000000000000000000, -0.7071067811865460184, -0.7071067811865490160 ) ) ;
#555 = AXIS2_PLACEMENT_3D ( 'NONE', #4840, #535, #1985 ) ;
#556 = FACE_OUTER_BOUND ( 'NONE', #1322, .T. ) ;
#557 = CARTESIAN_POINT ( 'NONE',  ( -3.549999999999999822, 0.2000000000000000111, -0.9499999999999986233 ) ) ;
#558 = VECTOR ( 'NONE', #1499, 1000.000000000000000 ) ;
#559 = VERTEX_POINT ( 'NONE', #6090 ) ;
#560 = ORIENTED_EDGE ( 'NONE', *, *, #2055, .T. ) ;
#561 = CARTESIAN_POINT ( 'NONE',  ( -4.035000000000000142, 0.2000000000000000111, -0.8999999999999998002 ) ) ;
#562 = CARTESIAN_POINT ( 'NONE',  ( 1.811523063262000743, 2.299999999999999822, -1.350000000000000089 ) ) ;
#563 = EDGE_CURVE ( 'NONE', #2095, #5717, #4684, .T. ) ;
#564 = ORIENTED_EDGE ( 'NONE', *, *, #4471, .T. ) ;
#565 = ORIENTED_EDGE ( 'NONE', *, *, #252, .F. ) ;
#566 = EDGE_CURVE ( 'NONE', #6173, #1944, #3228, .T. ) ;
#567 = EDGE_LOOP ( 'NONE', ( #5394, #1793, #4907, #4268, #3429, #3807, #5208 ) ) ;
#568 = ADVANCED_FACE ( 'NONE', ( #2714 ), #310, .T. ) ;
#569 = LINE ( 'NONE', #2009, #431 ) ;
#570 = CARTESIAN_POINT ( 'NONE',  ( -5.935000000000000497, 0.000000000000000000, 0.8999999999999999112 ) ) ;
#571 = EDGE_CURVE ( 'NONE', #1765, #2735, #1304, .T. ) ;
#572 = AXIS2_PLACEMENT_3D ( 'NONE', #1257, #3647, #3713 ) ;
#573 = LINE ( 'NONE', #4843, #5070 ) ;
#574 = DIRECTION ( 'NONE',  ( 1.000000000000000000, 1.758165685111629112E-16, -1.912594791595156631E-16 ) ) ;
#575 = ORIENTED_EDGE ( 'NONE', *, *, #6080, .F. ) ;
#576 = PLANE ( 'NONE',  #6059 ) ;
#577 = DIRECTION ( 'NONE',  ( 1.000000000000000000, 0.000000000000000000, 0.000000000000000000 ) ) ;
#578 = PLANE ( 'NONE',  #283 ) ;
#579 = LINE ( 'NONE', #3997, #1769 ) ;
#580 = PLANE ( 'NONE',  #6027 ) ;
#581 = CARTESIAN_POINT ( 'NONE',  ( 5.535000000000000142, 9.129072045307475847, -1.350000000000000089 ) ) ;
#582 = VERTEX_POINT ( 'NONE', #6117 ) ;
#583 = PLANE ( 'NONE',  #2652 ) ;
#584 = DIRECTION ( 'NONE',  ( -0.000000000000000000, -1.000000000000000000, -0.000000000000000000 ) ) ;
#585 = CARTESIAN_POINT ( 'NONE',  ( 5.559999999999999609, 0.9500000000000002887, -1.150000000000000133 ) ) ;
#586 = VERTEX_POINT ( 'NONE', #2224 ) ;
#587 = ORIENTED_EDGE ( 'NONE', *, *, #21, .F. ) ;
#588 = ORIENTED_EDGE ( 'NONE', *, *, #4826, .F. ) ;
#589 = CARTESIAN_POINT ( 'NONE',  ( -5.559999999999999609, 0.9500000000000002887, -1.150000000000000133 ) ) ;
#590 = CARTESIAN_POINT ( 'NONE',  ( -3.835000000000000409, 2.299999999999999822, 0.1499999999999995226 ) ) ;
#591 = EDGE_CURVE ( 'NONE', #5103, #1997, #4554, .T. ) ;
#592 = DIRECTION ( 'NONE',  ( 0.000000000000000000, 0.000000000000000000, 1.000000000000000000 ) ) ;
#593 = EDGE_CURVE ( 'NONE', #4759, #4870, #4120, .T. ) ;
#594 = EDGE_LOOP ( 'NONE', ( #1507, #4079, #1377, #5302, #201, #4920, #2001, #3710, #1692, #29, #1324, #5887, #4971, #1197, #2933, #4302, #2797, #3162 ) ) ;
#595 = FACE_OUTER_BOUND ( 'NONE', #355, .T. ) ;
#596 = EDGE_CURVE ( 'NONE', #3104, #1689, #2747, .T. ) ;
#597 = CARTESIAN_POINT ( 'NONE',  ( 4.035000000000000142, 0.2000000000000000111, 0.1499999999999995226 ) ) ;
#598 = ADVANCED_FACE ( 'NONE', ( #718 ), #6024, .F. ) ;
#599 = EDGE_LOOP ( 'NONE', ( #4679, #501, #2063, #5137 ) ) ;
#600 = CARTESIAN_POINT ( 'NONE',  ( 4.234999999999999432, 2.299999999999999822, -1.149999999999999467 ) ) ;
#601 = FACE_OUTER_BOUND ( 'NONE', #2617, .T. ) ;
#602 = VERTEX_POINT ( 'NONE', #1770 ) ;
#603 = LINE ( 'NONE', #3073, #2453 ) ;
#604 = EDGE_CURVE ( 'NONE', #55, #1622, #3631, .T. ) ;
#605 = CARTESIAN_POINT ( 'NONE',  ( 3.751510572522863018, 0.8172809090333617021, 3.267280909033359659 ) ) ;
#606 = LINE ( 'NONE', #185, #6070 ) ;
#607 = CARTESIAN_POINT ( 'NONE',  ( -4.035000000000000142, 0.2000000000000000111, 0.1499999999999995226 ) ) ;
#608 = LINE ( 'NONE', #5879, #3559 ) ;
#609 = VERTEX_POINT ( 'NONE', #818 ) ;
#610 = CARTESIAN_POINT ( 'NONE',  ( -5.760000000000000675, 0.4500000000000001776, 1.656341625576287280 ) ) ;
#611 = LINE ( 'NONE', #5910, #245 ) ;
#612 = CARTESIAN_POINT ( 'NONE',  ( 4.860000000000001208, 0.2499999999999997780, 1.856341625576289678 ) ) ;
#613 = ORIENTED_EDGE ( 'NONE', *, *, #5389, .F. ) ;
#614 = DIRECTION ( 'NONE',  ( -0.000000000000000000, 9.130123557772668088E-16, 1.000000000000000000 ) ) ;
#615 = DIRECTION ( 'NONE',  ( -0.000000000000000000, -1.000000000000000000, -0.000000000000000000 ) ) ;
#616 = VECTOR ( 'NONE', #3755, 1000.000000000000000 ) ;
#617 = PLANE ( 'NONE',  #1661 ) ;
#618 = CARTESIAN_POINT ( 'NONE',  ( -4.234999999999999432, 0.3999999999999993006, -1.350000000000000089 ) ) ;
#619 = EDGE_LOOP ( 'NONE', ( #289, #3970, #5172, #5511, #575, #4110 ) ) ;
#620 = VECTOR ( 'NONE', #1059, 1000.000000000000227 ) ;
#621 = ADVANCED_FACE ( 'NONE', ( #1730 ), #3701, .F. ) ;
#622 = ORIENTED_EDGE ( 'NONE', *, *, #1953, .F. ) ;
#623 = DIRECTION ( 'NONE',  ( 0.000000000000000000, 0.7071067811865441310, -0.7071067811865510144 ) ) ;
#624 = CARTESIAN_POINT ( 'NONE',  ( -5.760000000000000675, 2.300000000000000266, -0.9500000000000001776 ) ) ;
#625 = CARTESIAN_POINT ( 'NONE',  ( -5.535000000000000142, 0.2000000000000000111, 1.531341625576287724 ) ) ;
#626 = ORIENTED_EDGE ( 'NONE', *, *, #3410, .F. ) ;
#627 = ORIENTED_EDGE ( 'NONE', *, *, #1520, .T. ) ;
#628 = SURFACE_STYLE_USAGE ( .BOTH. , #5397 ) ;
#629 = LINE ( 'NONE', #2991, #6033 ) ;
#630 = ORIENTED_EDGE ( 'NONE', *, *, #3187, .T. ) ;
#631 = DIRECTION ( 'NONE',  ( -0.4226182617406998854, 0.000000000000000000, 0.9063077870366497146 ) ) ;
#632 = VECTOR ( 'NONE', #2075, 1000.000000000000227 ) ;
#633 = DIRECTION ( 'NONE',  ( 0.5773502691896265082, -0.5773502691896265082, 0.5773502691896241767 ) ) ;
#634 = DIRECTION ( 'NONE',  ( 1.000000000000000000, 0.000000000000000000, 0.000000000000000000 ) ) ;
#635 = EDGE_CURVE ( 'NONE', #5821, #543, #5218, .T. ) ;
#636 = EDGE_CURVE ( 'NONE', #3677, #3287, #981, .T. ) ;
#637 = VECTOR ( 'NONE', #3899, 1000.000000000000000 ) ;
#638 = CARTESIAN_POINT ( 'NONE',  ( 1.702045556742314281, 0.2000000000000000111, -0.2486485402442079606 ) ) ;
#639 = EDGE_LOOP ( 'NONE', ( #2237, #4115, #4273, #4100 ) ) ;
#640 = EDGE_CURVE ( 'NONE', #5013, #4966, #3324, .T. ) ;
#641 = CARTESIAN_POINT ( 'NONE',  ( 3.549999999999999822, 8.550826389841308384, -0.9499999999999986233 ) ) ;
#642 = PLANE ( 'NONE',  #1873 ) ;
#643 = CARTESIAN_POINT ( 'NONE',  ( 1.546552252658926969E-16, 0.8000000000000000444, 0.1499999999999995226 ) ) ;
#644 = VECTOR ( 'NONE', #725, 1000.000000000000000 ) ;
#645 = VECTOR ( 'NONE', #546, 1000.000000000000000 ) ;
#646 = LINE ( 'NONE', #4532, #3958 ) ;
#647 = VECTOR ( 'NONE', #545, 1000.000000000000114 ) ;
#648 = DIRECTION ( 'NONE',  ( 0.000000000000000000, -1.000000000000000000, 0.000000000000000000 ) ) ;
#649 = PLANE ( 'NONE',  #3973 ) ;
#650 = VECTOR ( 'NONE', #3983, 1000.000000000000000 ) ;
#651 = ORIENTED_EDGE ( 'NONE', *, *, #2913, .F. ) ;
#652 = ORIENTED_EDGE ( 'NONE', *, *, #173, .T. ) ;
#653 = AXIS2_PLACEMENT_3D ( 'NONE', #2102, #3004, #2558 ) ;
#654 =( LENGTH_UNIT ( ) NAMED_UNIT ( * ) SI_UNIT ( .MILLI., .METRE. ) );
#655 = LINE ( 'NONE', #122, #3948 ) ;
#656 = VECTOR ( 'NONE', #4382, 1000.000000000000000 ) ;
#657 = EDGE_CURVE ( 'NONE', #4870, #6007, #4807, .T. ) ;
#658 = VECTOR ( 'NONE', #3801, 1000.000000000000000 ) ;
#659 = EDGE_LOOP ( 'NONE', ( #4903, #2436, #3839, #5235 ) ) ;
#660 = CARTESIAN_POINT ( 'NONE',  ( 5.935000000000000497, 2.299999999999999822, 0.8999999999999999112 ) ) ;
#661 = ORIENTED_EDGE ( 'NONE', *, *, #3010, .T. ) ;
#662 = LINE ( 'NONE', #3971, #2251 ) ;
#663 = ADVANCED_FACE ( 'NONE', ( #2358 ), #1509, .F. ) ;
#664 = VECTOR ( 'NONE', #3684, 1000.000000000000000 ) ;
#665 = ADVANCED_FACE ( 'NONE', ( #3905 ), #1902, .F. ) ;
#666 = ORIENTED_EDGE ( 'NONE', *, *, #5344, .T. ) ;
#667 = LINE ( 'NONE', #4887, #5354 ) ;
#668 = CARTESIAN_POINT ( 'NONE',  ( 4.860000000000001208, 0.4500000000000000111, -0.6499999999999951372 ) ) ;
#669 = EDGE_CURVE ( 'NONE', #2188, #1571, #887, .T. ) ;
#670 = ADVANCED_FACE ( 'NONE', ( #537 ), #4372, .F. ) ;
#671 = FACE_OUTER_BOUND ( 'NONE', #619, .T. ) ;
#672 = DIRECTION ( 'NONE',  ( -0.000000000000000000, 0.000000000000000000, 1.000000000000000000 ) ) ;
#673 = LINE ( 'NONE', #2594, #1929 ) ;
#674 = LINE ( 'NONE', #4447, #5618 ) ;
#675 = ADVANCED_FACE ( 'NONE', ( #3878 ), #5307, .F. ) ;
#676 = VERTEX_POINT ( 'NONE', #1428 ) ;
#677 = VERTEX_POINT ( 'NONE', #3802 ) ;
#678 = EDGE_LOOP ( 'NONE', ( #3519, #892, #1228, #880 ) ) ;
#679 = FACE_OUTER_BOUND ( 'NONE', #4103, .T. ) ;
#680 = CARTESIAN_POINT ( 'NONE',  ( 0.000000000000000000, 0.000000000000000000, 0.000000000000000000 ) ) ;
#681 = DIRECTION ( 'NONE',  ( 0.000000000000000000, -1.000000000000000000, 0.000000000000000000 ) ) ;
#682 = ORIENTED_EDGE ( 'NONE', *, *, #4835, .T. ) ;
#683 = DIRECTION ( 'NONE',  ( 0.9063077870366498257, 0.000000000000000000, -0.4226182617406999409 ) ) ;
#684 = LINE ( 'NONE', #3481, #1720 ) ;
#685 = CARTESIAN_POINT ( 'NONE',  ( -3.549999999999999378, 1.299999999999999156, 0.6500000000000007994 ) ) ;
#686 = CARTESIAN_POINT ( 'NONE',  ( -3.549999999999999822, 1.800000000000000044, 0.1499999999999995226 ) ) ;
#687 = DIRECTION ( 'NONE',  ( -1.000000000000000000, 0.000000000000000000, 0.000000000000000000 ) ) ;
#688 = EDGE_LOOP ( 'NONE', ( #2393, #2744, #6081, #3506, #5745 ) ) ;
#689 = PRODUCT_DEFINITION_SHAPE ( 'NONE', 'NONE',  #4406 ) ;
#690 = LINE ( 'NONE', #2618, #845 ) ;
#691 = CYLINDRICAL_SURFACE ( 'NONE', #5369, 0.2000000000000005107 ) ;
#692 = PLANE ( 'NONE',  #1229 ) ;
#693 = ORIENTED_EDGE ( 'NONE', *, *, #173, .F. ) ;
#694 = EDGE_CURVE ( 'NONE', #2533, #1584, #2903, .T. ) ;
#695 = DIRECTION ( 'NONE',  ( 0.000000000000000000, 0.000000000000000000, 1.000000000000000000 ) ) ;
#696 = CARTESIAN_POINT ( 'NONE',  ( 1.625000000000000000, 0.1250000000000000000, -1.391127433392334023 ) ) ;
#697 = FACE_OUTER_BOUND ( 'NONE', #3798, .T. ) ;
#698 = DIRECTION ( 'NONE',  ( -1.000000000000000000, 0.000000000000000000, 0.000000000000000000 ) ) ;
#699 = ORIENTED_EDGE ( 'NONE', *, *, #1890, .F. ) ;
#700 = AXIS2_PLACEMENT_3D ( 'NONE', #791, #4619, #3232 ) ;
#701 = ORIENTED_EDGE ( 'NONE', *, *, #3376, .T. ) ;
#702 = ORIENTED_EDGE ( 'NONE', *, *, #694, .F. ) ;
#703 = EDGE_LOOP ( 'NONE', ( #3672, #4777, #5476, #5146 ) ) ;
#704 = VERTEX_POINT ( 'NONE', #5206 ) ;
#705 = EDGE_CURVE ( 'NONE', #877, #2305, #1473, .T. ) ;
#706 = VECTOR ( 'NONE', #1252, 1000.000000000000000 ) ;
#707 = EDGE_CURVE ( 'NONE', #5258, #5019, #2937, .T. ) ;
#708 = EDGE_CURVE ( 'NONE', #4804, #3442, #5765, .T. ) ;
#709 = PLANE ( 'NONE',  #3751 ) ;
#710 = CARTESIAN_POINT ( 'NONE',  ( 4.860000000000001208, 2.050000000000002487, 1.656341625576287280 ) ) ;
#711 = CARTESIAN_POINT ( 'NONE',  ( 3.927205953146758244, 1.300000000000000044, 3.750000000000000000 ) ) ;
#712 = ORIENTED_EDGE ( 'NONE', *, *, #4121, .F. ) ;
#713 = VECTOR ( 'NONE', #5395, 1000.000000000000114 ) ;
#714 = LINE ( 'NONE', #4549, #4752 ) ;
#715 = LINE ( 'NONE', #3598, #4767 ) ;
#716 = ORIENTED_EDGE ( 'NONE', *, *, #1780, .F. ) ;
#717 = DIRECTION ( 'NONE',  ( 0.000000000000000000, 0.000000000000000000, 1.000000000000000000 ) ) ;
#718 = FACE_OUTER_BOUND ( 'NONE', #1088, .T. ) ;
#719 = CARTESIAN_POINT ( 'NONE',  ( 4.035000000000000142, 2.100000000000000089, 0.1499999999999995226 ) ) ;
#720 =( LENGTH_UNIT ( ) NAMED_UNIT ( * ) SI_UNIT ( .MILLI., .METRE. ) );
#721 = CARTESIAN_POINT ( 'NONE',  ( -4.035000000000000142, 0.000000000000000000, -0.8999999999999998002 ) ) ;
#722 = CARTESIAN_POINT ( 'NONE',  ( 0.000000000000000000, 9.129072045307475847, -1.350000000000000089 ) ) ;
#723 = PRESENTATION_STYLE_ASSIGNMENT (( #256 ) ) ;
#724 = ORIENTED_EDGE ( 'NONE', *, *, #286, .T. ) ;
#725 = DIRECTION ( 'NONE',  ( 1.000000000000000000, 0.000000000000000000, 0.000000000000000000 ) ) ;
#726 = CARTESIAN_POINT ( 'NONE',  ( 3.699999999999999734, 0.1799999999999996325, 2.650000000000000355 ) ) ;
#727 = EDGE_CURVE ( 'NONE', #2641, #4732, #3396, .T. ) ;
#728 = CARTESIAN_POINT ( 'NONE',  ( 1.375000000000000888, 2.500000000000000444, -0.9499999999999992895 ) ) ;
#729 = VECTOR ( 'NONE', #1099, 1000.000000000000000 ) ;
#730 = ORIENTED_EDGE ( 'NONE', *, *, #2183, .F. ) ;
#731 = FACE_OUTER_BOUND ( 'NONE', #678, .T. ) ;
#732 = VERTEX_POINT ( 'NONE', #1889 ) ;
#733 = FACE_OUTER_BOUND ( 'NONE', #4574, .T. ) ;
#734 = DIRECTION ( 'NONE',  ( 0.000000000000000000, -0.000000000000000000, -1.000000000000000000 ) ) ;
#735 = CARTESIAN_POINT ( 'NONE',  ( 4.000000000000000000, 0.3800000000000010592, 3.950000000000001954 ) ) ;
#736 = VECTOR ( 'NONE', #3212, 1000.000000000000000 ) ;
#737 = LINE ( 'NONE', #267, #5513 ) ;
#738 = DIRECTION ( 'NONE',  ( 0.000000000000000000, 0.000000000000000000, 1.000000000000000000 ) ) ;
#739 = ORIENTED_EDGE ( 'NONE', *, *, #392, .F. ) ;
#740 = EDGE_LOOP ( 'NONE', ( #4839, #1791, #4673, #5221, #1247 ) ) ;
#741 = VERTEX_POINT ( 'NONE', #2970 ) ;
#742 = VERTEX_POINT ( 'NONE', #5297 ) ;
#743 = VECTOR ( 'NONE', #3753, 1000.000000000000000 ) ;
#744 = ORIENTED_EDGE ( 'NONE', *, *, #4990, .T. ) ;
#745 = ADVANCED_FACE ( 'NONE', ( #2340 ), #4856, .F. ) ;
#746 = VECTOR ( 'NONE', #5152, 1000.000000000000000 ) ;
#747 = CARTESIAN_POINT ( 'NONE',  ( 2.375000000000000888, 2.500000000000000444, -0.9499999999999992895 ) ) ;
#748 = VECTOR ( 'NONE', #5328, 1000.000000000000000 ) ;
#749 = CARTESIAN_POINT ( 'NONE',  ( 4.035000000000000142, 0.2000000000000000111, -0.8999999999999998002 ) ) ;
#750 = ADVANCED_FACE ( 'NONE', ( #1445 ), #3895, .T. ) ;
#751 = EDGE_LOOP ( 'NONE', ( #1945, #1794, #5670, #2343, #3060 ) ) ;
#752 = CIRCLE ( 'NONE', #4670, 0.2000000000000005107 ) ;
#753 = EDGE_CURVE ( 'NONE', #4603, #877, #4324, .T. ) ;
#754 = VECTOR ( 'NONE', #2901, 1000.000000000000000 ) ;
#755 = DIRECTION ( 'NONE',  ( 0.000000000000000000, 1.480634983344293768E-16, -1.000000000000000000 ) ) ;
#756 = LINE ( 'NONE', #1274, #1867 ) ;
#757 = ORIENTED_EDGE ( 'NONE', *, *, #352, .T. ) ;
#758 = LINE ( 'NONE', #4150, #3965 ) ;
#759 = VECTOR ( 'NONE', #4232, 1000.000000000000000 ) ;
#760 = EDGE_CURVE ( 'NONE', #3287, #55, #2377, .T. ) ;
#761 = DIRECTION ( 'NONE',  ( -3.336006684570784088E-16, 0.000000000000000000, 1.000000000000000000 ) ) ;
#762 = CARTESIAN_POINT ( 'NONE',  ( -4.035000000000000142, 2.299999999999999822, -1.300000000000000266 ) ) ;
#763 = CARTESIAN_POINT ( 'NONE',  ( -5.935000000000000497, 0.2000000000000000111, 0.8999999999999999112 ) ) ;
#764 = LINE ( 'NONE', #6065, #5720 ) ;
#765 = ORIENTED_EDGE ( 'NONE', *, *, #708, .F. ) ;
#766 = PLANE ( 'NONE',  #4362 ) ;
#767 = CARTESIAN_POINT ( 'NONE',  ( -3.549999999999999378, 1.800000000000000044, 0.6500000000000007994 ) ) ;
#768 = AXIS2_PLACEMENT_3D ( 'NONE', #1277, #1558, #4914 ) ;
#769 = LINE ( 'NONE', #4130, #4330 ) ;
#770 = VERTEX_POINT ( 'NONE', #5674 ) ;
#771 = DIRECTION ( 'NONE',  ( 0.7071067811865461294, 1.393903106075798077E-16, -0.7071067811865489050 ) ) ;
#772 = ORIENTED_EDGE ( 'NONE', *, *, #322, .T. ) ;
#773 = CARTESIAN_POINT ( 'NONE',  ( -0.4295360226537390247, 4.864536022653691560, 0.1499999999999995226 ) ) ;
#774 = LINE ( 'NONE', #2700, #3086 ) ;
#775 = DIRECTION ( 'NONE',  ( 0.000000000000000000, -1.000000000000000000, 0.000000000000000000 ) ) ;
#776 = CARTESIAN_POINT ( 'NONE',  ( 3.549999999999999378, 1.299999999999999156, 0.6500000000000007994 ) ) ;
#777 = ORIENTED_EDGE ( 'NONE', *, *, #591, .T. ) ;
#778 = ORIENTED_EDGE ( 'NONE', *, *, #2812, .F. ) ;
#779 = ORIENTED_EDGE ( 'NONE', *, *, #194, .T. ) ;
#780 = DIRECTION ( 'NONE',  ( -0.000000000000000000, -1.000000000000000000, -0.000000000000000000 ) ) ;
#781 = ORIENTED_EDGE ( 'NONE', *, *, #2755, .T. ) ;
#782 = DIRECTION ( 'NONE',  ( 0.000000000000000000, 1.000000000000000000, 0.000000000000000000 ) ) ;
#783 = CARTESIAN_POINT ( 'NONE',  ( 5.535000000000000142, 0.2000000000000000111, 1.531341625576287724 ) ) ;
#784 = ORIENTED_EDGE ( 'NONE', *, *, #6103, .T. ) ;
#785 = EDGE_CURVE ( 'NONE', #3656, #3374, #5234, .T. ) ;
#786 = CARTESIAN_POINT ( 'NONE',  ( 4.785000000000000142, 9.129072045307475847, 1.531341625576287502 ) ) ;
#787 = DIRECTION ( 'NONE',  ( 1.000000000000000000, 0.000000000000000000, 1.711898167082376006E-16 ) ) ;
#788 = CARTESIAN_POINT ( 'NONE',  ( 4.035000000000000142, 2.499999999999999556, -0.8999999999999998002 ) ) ;
#789 = LINE ( 'NONE', #889, #3107 ) ;
#790 = FACE_OUTER_BOUND ( 'NONE', #225, .T. ) ;
#791 = CARTESIAN_POINT ( 'NONE',  ( 0.000000000000000000, 0.2499999999999997780, 0.000000000000000000 ) ) ;
#792 = VERTEX_POINT ( 'NONE', #557 ) ;
#793 = FACE_OUTER_BOUND ( 'NONE', #2209, .T. ) ;
#794 = LINE ( 'NONE', #4565, #857 ) ;
#795 = EDGE_CURVE ( 'NONE', #6192, #112, #3315, .T. ) ;
#796 = PRODUCT_DEFINITION_CONTEXT ( 'detailed design', #2537, 'design' ) ;
#797 = CARTESIAN_POINT ( 'NONE',  ( 3.635000000000000231, 2.299999999999999822, -1.350000000000000311 ) ) ;
#798 = DIRECTION ( 'NONE',  ( -1.000000000000000000, 0.000000000000000000, 0.000000000000000000 ) ) ;
#799 = CARTESIAN_POINT ( 'NONE',  ( 4.535000000000000142, 0.9500000000000002887, -1.150000000000000133 ) ) ;
#800 = CARTESIAN_POINT ( 'NONE',  ( 0.000000000000000000, 0.8000000000000000444, -0.9499999999999986233 ) ) ;
#801 = DIRECTION ( 'NONE',  ( 0.000000000000000000, -1.000000000000000000, 0.000000000000000000 ) ) ;
#802 = LINE ( 'NONE', #268, #4378 ) ;
#803 = AXIS2_PLACEMENT_3D ( 'NONE', #1010, #5687, #3814 ) ;
#804 = VERTEX_POINT ( 'NONE', #6199 ) ;
#805 = EDGE_LOOP ( 'NONE', ( #2704, #772, #971, #1925 ) ) ;
#806 = ORIENTED_EDGE ( 'NONE', *, *, #1593, .T. ) ;
#807 = ORIENTED_EDGE ( 'NONE', *, *, #449, .F. ) ;
#808 = LINE ( 'NONE', #337, #220 ) ;
#809 = CARTESIAN_POINT ( 'NONE',  ( -3.549999999999999378, 1.299999999999999156, 0.6500000000000007994 ) ) ;
#810 = EDGE_CURVE ( 'NONE', #1173, #804, #1915, .T. ) ;
#811 = EDGE_LOOP ( 'NONE', ( #4054, #2860, #4751 ) ) ;
#812 = ORIENTED_EDGE ( 'NONE', *, *, #5179, .F. ) ;
#813 = VECTOR ( 'NONE', #4592, 1000.000000000000000 ) ;
#814 = PLANE ( 'NONE',  #4165 ) ;
#815 = VERTEX_POINT ( 'NONE', #20 ) ;
#816 = DIRECTION ( 'NONE',  ( 0.000000000000000000, -1.000000000000000000, -0.000000000000000000 ) ) ;
#817 = AXIS2_PLACEMENT_3D ( 'NONE', #4534, #1747, #5006 ) ;
#818 = CARTESIAN_POINT ( 'NONE',  ( 5.935000000000000497, 0.2000000000000000111, 0.8999999999999999112 ) ) ;
#819 = LINE ( 'NONE', #1280, #4131 ) ;
#820 = DIRECTION ( 'NONE',  ( 1.000000000000000000, 0.000000000000000000, 0.000000000000000000 ) ) ;
#821 = AXIS2_PLACEMENT_3D ( 'NONE', #3791, #1836, #820 ) ;
#822 = CYLINDRICAL_SURFACE ( 'NONE', #2760, 0.2500000000000000000 ) ;
#823 =( NAMED_UNIT ( * ) PLANE_ANGLE_UNIT ( ) SI_UNIT ( $, .RADIAN. ) );
#824 = VERTEX_POINT ( 'NONE', #1943 ) ;
#825 = DIRECTION ( 'NONE',  ( 0.000000000000000000, 1.000000000000000000, 2.174847976807625065E-16 ) ) ;
#826 = FACE_OUTER_BOUND ( 'NONE', #2247, .T. ) ;
#827 = EDGE_LOOP ( 'NONE', ( #3514, #524, #3066, #1541 ) ) ;
#828 = ADVANCED_FACE ( 'NONE', ( #3861 ), #4357, .F. ) ;
#829 = ADVANCED_FACE ( 'NONE', ( #1500 ), #3428, .F. ) ;
#830 = EDGE_CURVE ( 'NONE', #5605, #6177, #2000, .T. ) ;
#831 = ORIENTED_EDGE ( 'NONE', *, *, #960, .T. ) ;
#832 = ADVANCED_FACE ( 'NONE', ( #2587 ), #2529, .F. ) ;
#833 = DIRECTION ( 'NONE',  ( 1.000000000000000000, 0.000000000000000000, 1.711898167082375759E-16 ) ) ;
#834 = ORIENTED_EDGE ( 'NONE', *, *, #494, .T. ) ;
#835 = CYLINDRICAL_SURFACE ( 'NONE', #3564, 0.1999999999999996503 ) ;
#836 = CARTESIAN_POINT ( 'NONE',  ( -3.549999999999999822, 1.800000000000000044, 2.650000000000000799 ) ) ;
#837 = FACE_OUTER_BOUND ( 'NONE', #4049, .T. ) ;
#838 = PLANE ( 'NONE',  #5832 ) ;
#839 = CARTESIAN_POINT ( 'NONE',  ( 5.935000000000000497, 0.000000000000000000, 0.8999999999999999112 ) ) ;
#840 = DIRECTION ( 'NONE',  ( 0.9063077870366498257, 0.000000000000000000, -0.4226182617406999409 ) ) ;
#841 = ORIENTED_EDGE ( 'NONE', *, *, #830, .T. ) ;
#842 = ORIENTED_EDGE ( 'NONE', *, *, #1936, .T. ) ;
#843 = ORIENTED_EDGE ( 'NONE', *, *, #5728, .F. ) ;
#844 = ORIENTED_EDGE ( 'NONE', *, *, #4844, .F. ) ;
#845 = VECTOR ( 'NONE', #4524, 1000.000000000000000 ) ;
#846 = AXIS2_PLACEMENT_3D ( 'NONE', #6092, #3605, #1179 ) ;
#847 = FACE_OUTER_BOUND ( 'NONE', #1684, .T. ) ;
#848 = VECTOR ( 'NONE', #2167, 1000.000000000000000 ) ;
#849 = EDGE_LOOP ( 'NONE', ( #4143, #5407, #5809, #2166 ) ) ;
#850 = VECTOR ( 'NONE', #681, 1000.000000000000000 ) ;
#851 = DIRECTION ( 'NONE',  ( -1.000000000000000000, 0.000000000000000000, 0.000000000000000000 ) ) ;
#852 = VERTEX_POINT ( 'NONE', #612 ) ;
#853 = DIRECTION ( 'NONE',  ( -0.5773502691896265082, -0.5773502691896265082, 0.5773502691896241767 ) ) ;
#854 = VECTOR ( 'NONE', #5786, 1000.000000000000000 ) ;
#855 = EDGE_CURVE ( 'NONE', #2525, #3034, #3054, .T. ) ;
#856 = DIRECTION ( 'NONE',  ( 0.000000000000000000, 0.000000000000000000, -1.000000000000000000 ) ) ;
#857 = VECTOR ( 'NONE', #1250, 1000.000000000000000 ) ;
#858 = CARTESIAN_POINT ( 'NONE',  ( -1.084202172485503047E-17, 2.500000000000000000, 0.000000000000000000 ) ) ;
#859 = LINE ( 'NONE', #1810, #5583 ) ;
#860 = FACE_OUTER_BOUND ( 'NONE', #1723, .T. ) ;
#861 = DIRECTION ( 'NONE',  ( 0.000000000000000000, 9.130123557772668088E-16, 1.000000000000000000 ) ) ;
#862 = VERTEX_POINT ( 'NONE', #81 ) ;
#863 = VECTOR ( 'NONE', #5223, 1000.000000000000000 ) ;
#864 = DIRECTION ( 'NONE',  ( 6.672013369141568175E-16, 0.000000000000000000, 1.000000000000000000 ) ) ;
#865 = EDGE_CURVE ( 'NONE', #4082, #4517, #5385, .T. ) ;
#866 = LINE ( 'NONE', #4191, #1659 ) ;
#867 = VECTOR ( 'NONE', #3215, 1000.000000000000000 ) ;
#868 = VERTEX_POINT ( 'NONE', #4470 ) ;
#869 = DIRECTION ( 'NONE',  ( 0.000000000000000000, 1.000000000000000000, 0.000000000000000000 ) ) ;
#870 = ORIENTED_EDGE ( 'NONE', *, *, #2581, .F. ) ;
#871 = CARTESIAN_POINT ( 'NONE',  ( 3.635000000000000231, 0.2000000000000000111, -1.149999999999999911 ) ) ;
#872 = DIRECTION ( 'NONE',  ( 0.000000000000000000, -1.000000000000000000, -0.000000000000000000 ) ) ;
#873 = LINE ( 'NONE', #1290, #3306 ) ;
#874 = EDGE_CURVE ( 'NONE', #1719, #5836, #3924, .T. ) ;
#875 = DIRECTION ( 'NONE',  ( 0.000000000000000000, 0.000000000000000000, -1.000000000000000000 ) ) ;
#876 = EDGE_CURVE ( 'NONE', #3185, #3621, #3546, .T. ) ;
#877 = VERTEX_POINT ( 'NONE', #3084 ) ;
#878 = ORIENTED_EDGE ( 'NONE', *, *, #876, .T. ) ;
#879 = VERTEX_POINT ( 'NONE', #4498 ) ;
#880 = ORIENTED_EDGE ( 'NONE', *, *, #4661, .T. ) ;
#881 = ADVANCED_FACE ( 'NONE', ( #192 ), #692, .F. ) ;
#882 = AXIS2_PLACEMENT_3D ( 'NONE', #6131, #427, #1495 ) ;
#883 = ORIENTED_EDGE ( 'NONE', *, *, #3314, .T. ) ;
#884 = CYLINDRICAL_SURFACE ( 'NONE', #5782, 0.1999999999999990119 ) ;
#885 = ORIENTED_EDGE ( 'NONE', *, *, #669, .F. ) ;
#886 = DIRECTION ( 'NONE',  ( 0.000000000000000000, 0.000000000000000000, -1.000000000000000000 ) ) ;
#887 = LINE ( 'NONE', #2820, #4027 ) ;
#888 = DIRECTION ( 'NONE',  ( 1.000000000000000000, 0.000000000000000000, 0.000000000000000000 ) ) ;
#889 = CARTESIAN_POINT ( 'NONE',  ( 5.535000000000000142, 0.3999999999999993006, -1.350000000000000089 ) ) ;
#890 = LINE ( 'NONE', #5160, #4763 ) ;
#891 = LINE ( 'NONE', #479, #5912 ) ;
#892 = ORIENTED_EDGE ( 'NONE', *, *, #3457, .F. ) ;
#893 = DIRECTION ( 'NONE',  ( 2.990902544787598592E-16, 0.000000000000000000, 1.000000000000000000 ) ) ;
#894 = CARTESIAN_POINT ( 'NONE',  ( 4.535000000000000142, 0.4500000000000000111, -1.350000000000000089 ) ) ;
#895 = CARTESIAN_POINT ( 'NONE',  ( 3.549999999999999822, 2.299999999999999822, -0.9499999999999986233 ) ) ;
#896 = ADVANCED_FACE ( 'NONE', ( #1185 ), #5119, .T. ) ;
#897 =( REPRESENTATION_RELATIONSHIP ('NONE','NONE', #1184, #5021 ) REPRESENTATION_RELATIONSHIP_WITH_TRANSFORMATION ( #4341 )SHAPE_REPRESENTATION_RELATIONSHIP( ) );
#898 = PRESENTATION_STYLE_ASSIGNMENT (( #5669 ) ) ;
#899 = ORIENTED_EDGE ( 'NONE', *, *, #5216, .T. ) ;
#900 = DIRECTION ( 'NONE',  ( 0.000000000000000000, 0.000000000000000000, 1.000000000000000000 ) ) ;
#901 = DIRECTION ( 'NONE',  ( 0.000000000000000000, 1.000000000000000000, 1.971276677246372752E-16 ) ) ;
#902 = DIRECTION ( 'NONE',  ( 0.000000000000000000, 1.000000000000000000, 0.000000000000000000 ) ) ;
#903 = VERTEX_POINT ( 'NONE', #416 ) ;
#904 = VERTEX_POINT ( 'NONE', #2672 ) ;
#905 = ORIENTED_EDGE ( 'NONE', *, *, #3570, .F. ) ;
#906 = ORIENTED_EDGE ( 'NONE', *, *, #2789, .T. ) ;
#907 = LINE ( 'NONE', #1238, #3065 ) ;
#908 = ORIENTED_EDGE ( 'NONE', *, *, #4932, .T. ) ;
#909 = DIRECTION ( 'NONE',  ( 0.000000000000000000, 0.000000000000000000, 1.000000000000000000 ) ) ;
#910 = ORIENTED_EDGE ( 'NONE', *, *, #2725, .F. ) ;
#911 = EDGE_CURVE ( 'NONE', #2286, #4167, #3528, .T. ) ;
#912 = EDGE_CURVE ( 'NONE', #6084, #333, #1651, .T. ) ;
#913 = EDGE_CURVE ( 'NONE', #3438, #2889, #172, .T. ) ;
#914 = ADVANCED_FACE ( 'NONE', ( #2595 ), #1159, .F. ) ;
#915 = DIRECTION ( 'NONE',  ( 0.000000000000000000, -0.7071067811865460184, 0.7071067811865490160 ) ) ;
#916 = DIRECTION ( 'NONE',  ( 0.000000000000000000, 0.000000000000000000, 1.000000000000000000 ) ) ;
#917 = CARTESIAN_POINT ( 'NONE',  ( 1.625000000000000000, 0.5627714910575180030, -1.723744783245070078 ) ) ;
#918 = VECTOR ( 'NONE', #1319, 1000.000000000000000 ) ;
#919 = DIRECTION ( 'NONE',  ( 0.000000000000000000, 0.000000000000000000, 1.000000000000000000 ) ) ;
#920 = ORIENTED_EDGE ( 'NONE', *, *, #3843, .T. ) ;
#921 = LINE ( 'NONE', #2855, #3279 ) ;
#922 = DIRECTION ( 'NONE',  ( 0.000000000000000000, -1.000000000000000000, -0.000000000000000000 ) ) ;
#923 = FACE_OUTER_BOUND ( 'NONE', #91, .T. ) ;
#924 = DIRECTION ( 'NONE',  ( 0.4226182617406998854, 0.000000000000000000, -0.9063077870366497146 ) ) ;
#925 = ORIENTED_EDGE ( 'NONE', *, *, #5667, .F. ) ;
#926 = AXIS2_PLACEMENT_3D ( 'NONE', #4937, #2163, #634 ) ;
#927 = CARTESIAN_POINT ( 'NONE',  ( -4.785000000000000142, 2.049999999999999822, 1.531341625576287502 ) ) ;
#928 = EDGE_LOOP ( 'NONE', ( #1098, #2412, #5355, #5504 ) ) ;
#929 = AXIS2_PLACEMENT_3D ( 'NONE', #986, #37, #1961 ) ;
#930 = CARTESIAN_POINT ( 'NONE',  ( -5.935000000000000497, 0.2000000000000000111, -0.9000000000000001332 ) ) ;
#931 = VECTOR ( 'NONE', #2090, 1000.000000000000000 ) ;
#932 = DIRECTION ( 'NONE',  ( 0.000000000000000000, 0.000000000000000000, 1.000000000000000000 ) ) ;
#933 = CARTESIAN_POINT ( 'NONE',  ( 5.763487806297455052, 2.049999999999997602, 1.656341625576287280 ) ) ;
#934 = DIRECTION ( 'NONE',  ( -0.000000000000000000, -0.000000000000000000, -1.000000000000000000 ) ) ;
#935 = ORIENTED_EDGE ( 'NONE', *, *, #3268, .F. ) ;
#936 = VERTEX_POINT ( 'NONE', #4975 ) ;
#937 = VERTEX_POINT ( 'NONE', #3058 ) ;
#938 = DIRECTION ( 'NONE',  ( 0.000000000000000000, -0.000000000000000000, -1.000000000000000000 ) ) ;
#939 = PRESENTATION_LAYER_ASSIGNMENT (  '', '', ( #3660 ) ) ;
#940 = ORIENTED_EDGE ( 'NONE', *, *, #5285, .F. ) ;
#941 = LINE ( 'NONE', #5740, #1175 ) ;
#942 = ORIENTED_EDGE ( 'NONE', *, *, #6185, .T. ) ;
#943 = EDGE_LOOP ( 'NONE', ( #3247, #4492, #5090, #3745, #1485 ) ) ;
#944 = ADVANCED_FACE ( 'NONE', ( #5473 ), #2627, .F. ) ;
#945 = VECTOR ( 'NONE', #2029, 1000.000000000000000 ) ;
#946 = CARTESIAN_POINT ( 'NONE',  ( -3.549999999999999822, 8.550826389841308384, 2.650000000000000355 ) ) ;
#947 = EDGE_CURVE ( 'NONE', #6177, #1515, #674, .T. ) ;
#948 = VECTOR ( 'NONE', #2699, 1000.000000000000114 ) ;
#949 = EDGE_CURVE ( 'NONE', #3184, #3903, #3033, .T. ) ;
#950 = EDGE_LOOP ( 'NONE', ( #5462, #370, #2674, #5327, #2827 ) ) ;
#951 = AXIS2_PLACEMENT_3D ( 'NONE', #3211, #2273, #3175 ) ;
#952 = AXIS2_PLACEMENT_3D ( 'NONE', #4518, #5484, #2261 ) ;
#953 = CARTESIAN_POINT ( 'NONE',  ( 5.935000000000000497, 2.500000000000000000, 0.8999999999999999112 ) ) ;
#954 = DIRECTION ( 'NONE',  ( 0.2492435693639542260, -0.6847910787717345071, -0.6847910787717373937 ) ) ;
#955 = ORIENTED_EDGE ( 'NONE', *, *, #3641, .T. ) ;
#956 = DIRECTION ( 'NONE',  ( 0.000000000000000000, -1.000000000000000000, -0.000000000000000000 ) ) ;
#957 = CARTESIAN_POINT ( 'NONE',  ( 4.035000000000000142, 0.000000000000000000, 0.9000000000000003553 ) ) ;
#958 = CARTESIAN_POINT ( 'NONE',  ( 0.000000000000000000, 0.2000000000000000111, -1.350000000000000089 ) ) ;
#959 = VECTOR ( 'NONE', #3712, 1000.000000000000227 ) ;
#960 = EDGE_CURVE ( 'NONE', #2541, #4208, #4535, .T. ) ;
#961 = ORIENTED_EDGE ( 'NONE', *, *, #1305, .F. ) ;
#962 = LINE ( 'NONE', #1847, #2786 ) ;
#963 = DIRECTION ( 'NONE',  ( 1.000000000000000000, 0.000000000000000000, -1.912594791595156631E-16 ) ) ;
#964 = VECTOR ( 'NONE', #137, 1000.000000000000000 ) ;
#965 = CARTESIAN_POINT ( 'NONE',  ( -3.549999999999999822, 0.8000000000000000444, 2.650000000000001243 ) ) ;
#966 = EDGE_LOOP ( 'NONE', ( #2252, #551, #565, #212 ) ) ;
#967 = CARTESIAN_POINT ( 'NONE',  ( 2.060602896576927190, 0.2000000000000000111, -1.884153426303227352 ) ) ;
#968 = LINE ( 'NONE', #3335, #1652 ) ;
#969 = AXIS2_PLACEMENT_3D ( 'NONE', #1703, #3583, #4005 ) ;
#970 = FACE_OUTER_BOUND ( 'NONE', #5575, .T. ) ;
#971 = ORIENTED_EDGE ( 'NONE', *, *, #707, .F. ) ;
#972 = EDGE_LOOP ( 'NONE', ( #784, #180, #2740, #5079 ) ) ;
#973 = ORIENTED_EDGE ( 'NONE', *, *, #3061, .F. ) ;
#974 = CARTESIAN_POINT ( 'NONE',  ( 3.635000000000000231, 0.2000000000000000111, -1.149999999999999911 ) ) ;
#975 = CARTESIAN_POINT ( 'NONE',  ( 4.785000000000000142, 2.049999999999999822, 1.531341625576287502 ) ) ;
#976 = ORIENTED_EDGE ( 'NONE', *, *, #2168, .T. ) ;
#977 = ADVANCED_FACE ( 'NONE', ( #3464 ), #649, .T. ) ;
#978 = ORIENTED_EDGE ( 'NONE', *, *, #2153, .F. ) ;
#979 = CARTESIAN_POINT ( 'NONE',  ( -4.000000000000000000, 1.548860246407862942E-15, 3.950000000000001954 ) ) ;
#980 = ADVANCED_FACE ( 'NONE', ( #1591 ), #5363, .T. ) ;
#981 = LINE ( 'NONE', #476, #5416 ) ;
#982 = EDGE_LOOP ( 'NONE', ( #3293, #6109, #523, #4149, #5203 ) ) ;
#983 = APPLICATION_PROTOCOL_DEFINITION ( 'draft international standard', 'automotive_design', 1998, #6061 ) ;
#984 = ADVANCED_FACE ( 'NONE', ( #147 ), #4421, .T. ) ;
#985 = CARTESIAN_POINT ( 'NONE',  ( 1.625000000000000666, 2.500000000000000444, -0.9499999999999992895 ) ) ;
#986 = CARTESIAN_POINT ( 'NONE',  ( 0.000000000000000000, 0.000000000000000000, 3.950000000000001954 ) ) ;
#987 = ORIENTED_EDGE ( 'NONE', *, *, #5303, .T. ) ;
#988 = CARTESIAN_POINT ( 'NONE',  ( 3.699999999999999289, 1.300000000000000044, 2.650000000000001243 ) ) ;
#989 = LINE ( 'NONE', #2331, #1970 ) ;
#990 = VERTEX_POINT ( 'NONE', #1194 ) ;
#991 = LINE ( 'NONE', #1467, #5737 ) ;
#992 = ADVANCED_FACE ( 'NONE', ( #4504 ), #3497, .T. ) ;
#993 = ADVANCED_FACE ( 'NONE', ( #1617 ), #5893, .T. ) ;
#994 = DIRECTION ( 'NONE',  ( 0.000000000000000000, 0.000000000000000000, 1.000000000000000000 ) ) ;
#995 = ORIENTED_EDGE ( 'NONE', *, *, #1506, .F. ) ;
#996 = EDGE_CURVE ( 'NONE', #937, #3034, #5411, .T. ) ;
#997 = DIRECTION ( 'NONE',  ( 0.000000000000000000, 1.000000000000000000, 0.000000000000000000 ) ) ;
#998 = CARTESIAN_POINT ( 'NONE',  ( -3.835000000000000409, 9.129072045307475847, 0.1499999999999995226 ) ) ;
#999 = LINE ( 'NONE', #2902, #1612 ) ;
#1000 = CARTESIAN_POINT ( 'NONE',  ( 0.000000000000000000, 2.299999999999999822, 0.000000000000000000 ) ) ;
#1001 = VERTEX_POINT ( 'NONE', #2564 ) ;
#1002 = ORIENTED_EDGE ( 'NONE', *, *, #5413, .F. ) ;
#1003 = ORIENTED_EDGE ( 'NONE', *, *, #2685, .T. ) ;
#1004 = CARTESIAN_POINT ( 'NONE',  ( 3.549999999999999822, 0.8000000000000000444, -3.538156721182005526 ) ) ;
#1005 = DIRECTION ( 'NONE',  ( 0.000000000000000000, 0.000000000000000000, 1.000000000000000000 ) ) ;
#1006 = VERTEX_POINT ( 'NONE', #4476 ) ;
#1007 = ORIENTED_EDGE ( 'NONE', *, *, #5969, .F. ) ;
#1008 = ORIENTED_EDGE ( 'NONE', *, *, #4057, .F. ) ;
#1009 = LINE ( 'NONE', #3904, #2530 ) ;
#1010 = CARTESIAN_POINT ( 'NONE',  ( 1.625000000000000000, 0.3499999999999999778, -2.027389581993169987 ) ) ;
#1011 = EDGE_CURVE ( 'NONE', #4109, #2965, #752, .T. ) ;
#1012 = EDGE_CURVE ( 'NONE', #4539, #2092, #5500, .T. ) ;
#1013 = PLANE ( 'NONE',  #2648 ) ;
#1014 = PLANE ( 'NONE',  #228 ) ;
#1015 = EDGE_LOOP ( 'NONE', ( #2015, #2379, #5867, #2949 ) ) ;
#1016 = CARTESIAN_POINT ( 'NONE',  ( 5.935000000000000497, 2.299999999999999822, 0.8999999999999999112 ) ) ;
#1017 = LINE ( 'NONE', #4848, #645 ) ;
#1018 = CARTESIAN_POINT ( 'NONE',  ( -4.535000000000000142, 9.129072045307475847, 2.650000000000000355 ) ) ;
#1019 = VERTEX_POINT ( 'NONE', #299 ) ;
#1020 = CARTESIAN_POINT ( 'NONE',  ( 4.785000000000000142, 0.2000000000000000111, 2.400000000000000355 ) ) ;
#1021 = CARTESIAN_POINT ( 'NONE',  ( -5.535000000000000142, 9.129072045307475847, 1.531341625576287724 ) ) ;
#1022 = CARTESIAN_POINT ( 'NONE',  ( 3.549999999999999822, 8.550826389841308384, 2.650000000000000355 ) ) ;
#1023 = ORIENTED_EDGE ( 'NONE', *, *, #3421, .F. ) ;
#1024 = DIRECTION ( 'NONE',  ( 1.000000000000000000, -0.000000000000000000, 6.672013369141568175E-16 ) ) ;
#1025 = VECTOR ( 'NONE', #5220, 1000.000000000000000 ) ;
#1026 = DIRECTION ( 'NONE',  ( 0.000000000000000000, 0.000000000000000000, 1.000000000000000000 ) ) ;
#1027 = EDGE_CURVE ( 'NONE', #5073, #5115, #1789, .T. ) ;
#1028 = EDGE_CURVE ( 'NONE', #4786, #2706, #1259, .T. ) ;
#1029 = AXIS2_PLACEMENT_3D ( 'NONE', #3507, #1204, #4050 ) ;
#1030 = ADVANCED_FACE ( 'NONE', ( #6104 ), #400, .F. ) ;
#1031 = ADVANCED_FACE ( 'NONE', ( #1715 ), #3147, .T. ) ;
#1032 = ORIENTED_EDGE ( 'NONE', *, *, #3685, .T. ) ;
#1033 = ORIENTED_EDGE ( 'NONE', *, *, #3314, .F. ) ;
#1034 = CLOSED_SHELL ( 'NONE', ( #5308, #1097, #5666, #2323, #2551, #2159, #2242, #4865, #5037, #1670, #2978, #292, #5131, #360, #2232, #670, #2389, #214, #3154, #2676 ) ) ;
#1035 = EDGE_LOOP ( 'NONE', ( #3217, #2698, #1196, #2314 ) ) ;
#1036 = CARTESIAN_POINT ( 'NONE',  ( 4.035000000000001030, 2.100000000000000089, -1.149999999999999911 ) ) ;
#1037 = VECTOR ( 'NONE', #515, 1000.000000000000000 ) ;
#1038 = FACE_OUTER_BOUND ( 'NONE', #740, .T. ) ;
#1039 = DIRECTION ( 'NONE',  ( 0.000000000000000000, 0.000000000000000000, 1.000000000000000000 ) ) ;
#1040 = AXIS2_PLACEMENT_3D ( 'NONE', #1201, #6051, #3694 ) ;
#1041 = EDGE_CURVE ( 'NONE', #1323, #852, #3246, .T. ) ;
#1042 = ORIENTED_EDGE ( 'NONE', *, *, #4627, .T. ) ;
#1043 = PRODUCT_DEFINITION_FORMATION_WITH_SPECIFIED_SOURCE ( 'ANY', '', #4328, .NOT_KNOWN. ) ;
#1044 = EDGE_LOOP ( 'NONE', ( #942, #5087, #2817, #6204 ) ) ;
#1045 = DIRECTION ( 'NONE',  ( 1.000000000000000000, 0.000000000000000000, -0.000000000000000000 ) ) ;
#1046 = CARTESIAN_POINT ( 'NONE',  ( 1.375000000000000888, 2.299999999999999822, -0.9499999999999992895 ) ) ;
#1047 = VECTOR ( 'NONE', #4022, 1000.000000000000000 ) ;
#1048 = LINE ( 'NONE', #4402, #539 ) ;
#1049 = LINE ( 'NONE', #1108, #6162 ) ;
#1050 = ORIENTED_EDGE ( 'NONE', *, *, #6083, .T. ) ;
#1051 = AXIS2_PLACEMENT_3D ( 'NONE', #1556, #5881, #5823 ) ;
#1052 = LINE ( 'NONE', #4432, #5551 ) ;
#1053 = CARTESIAN_POINT ( 'NONE',  ( -4.860000000000001208, 0.4500000000000011768, 1.656341625576287280 ) ) ;
#1054 = PRESENTATION_LAYER_ASSIGNMENT (  '', '', ( #5353 ) ) ;
#1055 = VECTOR ( 'NONE', #3444, 1000.000000000000000 ) ;
#1056 = PLANE ( 'NONE',  #2060 ) ;
#1057 = VECTOR ( 'NONE', #5245, 1000.000000000000000 ) ;
#1058 = CARTESIAN_POINT ( 'NONE',  ( -5.535000000000000142, 2.299999999999999822, -1.149999999999999467 ) ) ;
#1059 = DIRECTION ( 'NONE',  ( 0.4226182617406998854, 0.000000000000000000, 0.9063077870366497146 ) ) ;
#1060 = SURFACE_SIDE_STYLE ('',( #5461 ) ) ;
#1061 = ORIENTED_EDGE ( 'NONE', *, *, #3867, .F. ) ;
#1062 = VECTOR ( 'NONE', #3030, 1000.000000000000000 ) ;
#1063 = DIRECTION ( 'NONE',  ( -1.000000000000000000, 0.000000000000000000, 0.000000000000000000 ) ) ;
#1064 = CARTESIAN_POINT ( 'NONE',  ( -1.624999999999999334, 2.299999999999999822, -0.9499999999999992895 ) ) ;
#1065 = DIRECTION ( 'NONE',  ( 0.000000000000000000, 0.000000000000000000, 1.000000000000000000 ) ) ;
#1066 = VECTOR ( 'NONE', #407, 1000.000000000000000 ) ;
#1067 = EDGE_CURVE ( 'NONE', #5577, #4794, #5144, .T. ) ;
#1068 = PLANE ( 'NONE',  #3643 ) ;
#1069 = VECTOR ( 'NONE', #3516, 1000.000000000000000 ) ;
#1070 = VERTEX_POINT ( 'NONE', #3182 ) ;
#1071 = EDGE_LOOP ( 'NONE', ( #6021, #2268, #5932, #189 ) ) ;
#1072 = ADVANCED_FACE ( 'NONE', ( #4139 ), #2804, .T. ) ;
#1073 = DIRECTION ( 'NONE',  ( 0.3420201433256684354, -4.304148903176259775E-17, -0.9396926207859085389 ) ) ;
#1074 = DIRECTION ( 'NONE',  ( 0.4226182617406998854, 0.000000000000000000, 0.9063077870366497146 ) ) ;
#1075 = ADVANCED_FACE ( 'NONE', ( #3618 ), #4200, .F. ) ;
#1076 = DIRECTION ( 'NONE',  ( 0.000000000000000000, -1.000000000000000000, -0.000000000000000000 ) ) ;
#1077 = CARTESIAN_POINT ( 'NONE',  ( -5.935000000000000497, 2.299999999999999822, 0.8999999999999999112 ) ) ;
#1078 = ORIENTED_EDGE ( 'NONE', *, *, #2480, .F. ) ;
#1079 = ORIENTED_EDGE ( 'NONE', *, *, #4627, .F. ) ;
#1080 = ORIENTED_EDGE ( 'NONE', *, *, #4728, .F. ) ;
#1081 = EDGE_CURVE ( 'NONE', #480, #1979, #2767, .T. ) ;
#1082 = DIRECTION ( 'NONE',  ( 0.000000000000000000, 1.000000000000000000, 0.000000000000000000 ) ) ;
#1083 = PLANE ( 'NONE',  #2219 ) ;
#1084 = ORIENTED_EDGE ( 'NONE', *, *, #3037, .F. ) ;
#1085 = VECTOR ( 'NONE', #1745, 1000.000000000000000 ) ;
#1086 = CARTESIAN_POINT ( 'NONE',  ( 1.625000000000000000, 0.000000000000000000, -1.899999999999999911 ) ) ;
#1087 = DIRECTION ( 'NONE',  ( 0.000000000000000000, 0.000000000000000000, -1.000000000000000000 ) ) ;
#1088 = EDGE_LOOP ( 'NONE', ( #4689, #1102, #3009, #4042 ) ) ;
#1089 = CARTESIAN_POINT ( 'NONE',  ( 1.375000000000000000, 0.3499999999999999778, -2.799999999999999822 ) ) ;
#1090 = CARTESIAN_POINT ( 'NONE',  ( 3.835000000000000853, 9.129072045307475847, -1.149999999999999911 ) ) ;
#1091 = DIRECTION ( 'NONE',  ( -1.000000000000000000, 0.000000000000000000, 0.000000000000000000 ) ) ;
#1092 = DIRECTION ( 'NONE',  ( 0.000000000000000000, 0.000000000000000000, -1.000000000000000000 ) ) ;
#1093 = ORIENTED_EDGE ( 'NONE', *, *, #2707, .T. ) ;
#1094 = CARTESIAN_POINT ( 'NONE',  ( 3.699999999999999289, 1.300000000000000044, -4.244925670375280014 ) ) ;
#1095 = DIRECTION ( 'NONE',  ( 0.000000000000000000, 0.000000000000000000, -1.000000000000000000 ) ) ;
#1096 = DIRECTION ( 'NONE',  ( 0.000000000000000000, -9.856383386231868688E-17, -1.000000000000000000 ) ) ;
#1097 = ADVANCED_FACE ( 'NONE', ( #330 ), #4171, .T. ) ;
#1098 = ORIENTED_EDGE ( 'NONE', *, *, #5180, .F. ) ;
#1099 = DIRECTION ( 'NONE',  ( -0.000000000000000000, -9.856383386231869920E-17, -1.000000000000000000 ) ) ;
#1100 = DIRECTION ( 'NONE',  ( 0.000000000000000000, 9.856383386231868688E-17, 1.000000000000000000 ) ) ;
#1101 = DIRECTION ( 'NONE',  ( 0.000000000000000000, 0.000000000000000000, -1.000000000000000000 ) ) ;
#1102 = ORIENTED_EDGE ( 'NONE', *, *, #960, .F. ) ;
#1103 = DIRECTION ( 'NONE',  ( 0.000000000000000000, 0.000000000000000000, -1.000000000000000000 ) ) ;
#1104 = EDGE_CURVE ( 'NONE', #3284, #2305, #2670, .T. ) ;
#1105 = EDGE_CURVE ( 'NONE', #3831, #5012, #3686, .T. ) ;
#1106 = EDGE_CURVE ( 'NONE', #4829, #1849, #1293, .T. ) ;
#1107 = CARTESIAN_POINT ( 'NONE',  ( -6.060000000000001386, 2.250000000000000000, 2.650000000000000355 ) ) ;
#1108 = CARTESIAN_POINT ( 'NONE',  ( -4.035000000000000142, 2.100000000000000089, 0.1499999999999995226 ) ) ;
#1109 = ORIENTED_EDGE ( 'NONE', *, *, #5053, .T. ) ;
#1110 = CARTESIAN_POINT ( 'NONE',  ( 1.188476936738000589, 2.299999999999999822, -1.350000000000000533 ) ) ;
#1111 = VECTOR ( 'NONE', #3121, 1000.000000000000000 ) ;
#1112 = CARTESIAN_POINT ( 'NONE',  ( -4.785000000000000142, 2.299999999999999822, 1.531341625576287502 ) ) ;
#1113 = PLANE ( 'NONE',  #5343 ) ;
#1114 = VERTEX_POINT ( 'NONE', #4573 ) ;
#1115 = CARTESIAN_POINT ( 'NONE',  ( -0.3749999999999994449, 2.500000000000000444, -0.9499999999999992895 ) ) ;
#1116 = CARTESIAN_POINT ( 'NONE',  ( 1.625000000000000000, 0.1250000000000000000, -1.025000000000000133 ) ) ;
#1117 = AXIS2_PLACEMENT_3D ( 'NONE', #4063, #4158, #3731 ) ;
#1118 = UNCERTAINTY_MEASURE_WITH_UNIT (LENGTH_MEASURE( 1.000000000000000082E-05 ), #720, 'distance_accuracy_value', 'NONE');
#1119 = DIRECTION ( 'NONE',  ( -1.000000000000000000, 0.000000000000000000, 6.672013369141568175E-16 ) ) ;
#1120 = EDGE_LOOP ( 'NONE', ( #739, #5908, #1129, #2040 ) ) ;
#1121 = LINE ( 'NONE', #3982, #729 ) ;
#1122 = LINE ( 'NONE', #3616, #4266 ) ;
#1123 = AXIS2_PLACEMENT_3D ( 'NONE', #3666, #5588, #916 ) ;
#1124 = EDGE_CURVE ( 'NONE', #4939, #3096, #5636, .T. ) ;
#1125 = AXIS2_PLACEMENT_3D ( 'NONE', #1995, #3419, #2017 ) ;
#1126 = CARTESIAN_POINT ( 'NONE',  ( 4.785000000000000142, 2.049999999999999822, 1.531341625576287502 ) ) ;
#1127 = ORIENTED_EDGE ( 'NONE', *, *, #1706, .F. ) ;
#1128 = CIRCLE ( 'NONE', #3447, 0.1999999999999990119 ) ;
#1129 = ORIENTED_EDGE ( 'NONE', *, *, #2435, .F. ) ;
#1130 = EDGE_CURVE ( 'NONE', #5478, #4175, #802, .T. ) ;
#1131 = CARTESIAN_POINT ( 'NONE',  ( -6.500000000000001776, 0.1799999999999999933, -4.244925670375280014 ) ) ;
#1132 = CONICAL_SURFACE ( 'NONE', #532, 0.2000000000000005107, 0.7853981633974504994 ) ;
#1133 = VECTOR ( 'NONE', #954, 1000.000000000000114 ) ;
#1134 = DIRECTION ( 'NONE',  ( -1.000000000000000000, 0.000000000000000000, 0.000000000000000000 ) ) ;
#1135 = ORIENTED_EDGE ( 'NONE', *, *, #2834, .F. ) ;
#1136 = ORIENTED_EDGE ( 'NONE', *, *, #4295, .T. ) ;
#1137 = CARTESIAN_POINT ( 'NONE',  ( 4.860000000000001208, 2.250000000000000000, 1.656341625576287280 ) ) ;
#1138 = DIRECTION ( 'NONE',  ( 0.000000000000000000, 0.000000000000000000, 1.000000000000000000 ) ) ;
#1139 = EDGE_LOOP ( 'NONE', ( #4391, #1417, #2398, #4636 ) ) ;
#1140 = EDGE_CURVE ( 'NONE', #495, #5678, #4635, .T. ) ;
#1141 = DIRECTION ( 'NONE',  ( -0.9063077870366498257, 0.000000000000000000, -0.4226182617406999409 ) ) ;
#1142 = ADVANCED_FACE ( 'NONE', ( #4717 ), #2319, .F. ) ;
#1143 = LINE ( 'NONE', #1112, #656 ) ;
#1144 = SURFACE_STYLE_FILL_AREA ( #3999 ) ;
#1145 = VECTOR ( 'NONE', #1148, 1000.000000000000000 ) ;
#1146 = LINE ( 'NONE', #3078, #1361 ) ;
#1147 = EDGE_LOOP ( 'NONE', ( #3368, #2108, #3655 ) ) ;
#1148 = DIRECTION ( 'NONE',  ( 0.000000000000000000, 0.000000000000000000, 1.000000000000000000 ) ) ;
#1149 = EDGE_CURVE ( 'NONE', #732, #1939, #1399, .T. ) ;
#1150 = DIRECTION ( 'NONE',  ( 0.000000000000000000, 0.000000000000000000, -1.000000000000000000 ) ) ;
#1151 = VECTOR ( 'NONE', #446, 1000.000000000000000 ) ;
#1152 = CARTESIAN_POINT ( 'NONE',  ( 1.811523063262000965, 2.500000000000000444, -1.350000000000000533 ) ) ;
#1153 = VECTOR ( 'NONE', #4690, 1000.000000000000000 ) ;
#1154 = VECTOR ( 'NONE', #3568, 1000.000000000000000 ) ;
#1155 = FACE_OUTER_BOUND ( 'NONE', #5477, .T. ) ;
#1156 = VECTOR ( 'NONE', #2367, 1000.000000000000000 ) ;
#1157 = DIRECTION ( 'NONE',  ( 0.000000000000000000, 0.000000000000000000, 1.000000000000000000 ) ) ;
#1158 = LINE ( 'NONE', #5111, #309 ) ;
#1159 = PLANE ( 'NONE',  #4832 ) ;
#1160 = AXIS2_PLACEMENT_3D ( 'NONE', #3740, #5601, #4135 ) ;
#1161 = VERTEX_POINT ( 'NONE', #1901 ) ;
#1162 = ORIENTED_EDGE ( 'NONE', *, *, #1189, .F. ) ;
#1163 = EDGE_LOOP ( 'NONE', ( #1347, #3738, #2425, #3125, #6189, #4871 ) ) ;
#1164 = ORIENTED_EDGE ( 'NONE', *, *, #1704, .F. ) ;
#1165 = ORIENTED_EDGE ( 'NONE', *, *, #5969, .T. ) ;
#1166 = VECTOR ( 'NONE', #6197, 1000.000000000000114 ) ;
#1167 = CARTESIAN_POINT ( 'NONE',  ( -2.188476936737999701, 2.299999999999999822, -1.349999999999999867 ) ) ;
#1168 = CARTESIAN_POINT ( 'NONE',  ( -3.835000000000000853, 2.299999999999999822, -1.300000000000000266 ) ) ;
#1169 = VECTOR ( 'NONE', #2005, 1000.000000000000000 ) ;
#1170 = ORIENTED_EDGE ( 'NONE', *, *, #1827, .T. ) ;
#1171 = CARTESIAN_POINT ( 'NONE',  ( -4.234999999999999432, 2.100000000000000089, -1.149999999999999911 ) ) ;
#1172 = CARTESIAN_POINT ( 'NONE',  ( 6.500000000000001776, 2.479999999999999982, 3.750000000000001776 ) ) ;
#1173 = VERTEX_POINT ( 'NONE', #3959 ) ;
#1174 = ADVANCED_FACE ( 'NONE', ( #2478 ), #3188, .T. ) ;
#1175 = VECTOR ( 'NONE', #3290, 1000.000000000000000 ) ;
#1176 = CARTESIAN_POINT ( 'NONE',  ( 4.785000000000000142, 2.049999999999999822, 2.400000000000000355 ) ) ;
#1177 = EDGE_CURVE ( 'NONE', #2799, #2501, #5390, .T. ) ;
#1178 = DIRECTION ( 'NONE',  ( 6.672013369141568175E-16, 0.000000000000000000, -1.000000000000000000 ) ) ;
#1179 = DIRECTION ( 'NONE',  ( -1.000000000000000000, 0.000000000000000000, -2.891205793294679312E-16 ) ) ;
#1180 = DIRECTION ( 'NONE',  ( -1.000000000000000000, 0.000000000000000000, -2.891205793294679312E-16 ) ) ;
#1181 = ORIENTED_EDGE ( 'NONE', *, *, #3116, .F. ) ;
#1182 = CARTESIAN_POINT ( 'NONE',  ( 3.549999999999999822, 0.8000000000000000444, 2.650000000000001243 ) ) ;
#1183 = LINE ( 'NONE', #3114, #2671 ) ;
#1184 = SHAPE_REPRESENTATION ( 'FFC3B11-06-T', ( #1234, #5635, #2962, #1621, #5141, #219, #3749, #2427 ), #5035 ) ;
#1185 = FACE_OUTER_BOUND ( 'NONE', #811, .T. ) ;
#1186 = ADVANCED_FACE ( 'NONE', ( #3032 ), #617, .F. ) ;
#1187 = EDGE_CURVE ( 'NONE', #5368, #4706, #1788, .T. ) ;
#1189 = EDGE_CURVE ( 'NONE', #2567, #404, #329, .T. ) ;
#1188 = AXIS2_PLACEMENT_3D ( 'NONE', #425, #3766, #5662 ) ;
#1190 = ORIENTED_EDGE ( 'NONE', *, *, #5810, .F. ) ;
#1191 = PLANE ( 'NONE',  #6049 ) ;
#1192 = CARTESIAN_POINT ( 'NONE',  ( 5.760000000000000675, 2.049999999999999822, -0.9500000000000002887 ) ) ;
#1193 = CARTESIAN_POINT ( 'NONE',  ( -5.935000000000000497, 0.2000000000000000111, -0.9000000000000001332 ) ) ;
#1194 = CARTESIAN_POINT ( 'NONE',  ( -5.763487806297455052, 0.4500000000000011768, 1.656341625576287280 ) ) ;
#1195 = VERTEX_POINT ( 'NONE', #1292 ) ;
#1196 = ORIENTED_EDGE ( 'NONE', *, *, #566, .T. ) ;
#1197 = ORIENTED_EDGE ( 'NONE', *, *, #2200, .F. ) ;
#1198 = ORIENTED_EDGE ( 'NONE', *, *, #1263, .T. ) ;
#1199 = ORIENTED_EDGE ( 'NONE', *, *, #1868, .T. ) ;
#1200 = LINE ( 'NONE', #5015, #477 ) ;
#1201 = CARTESIAN_POINT ( 'NONE',  ( 5.935000000000000497, 2.299999999999999822, -0.9000000000000001332 ) ) ;
#1202 = CARTESIAN_POINT ( 'NONE',  ( 6.500000000000001776, 2.479999999999999982, -4.244925670375280014 ) ) ;
#1203 = VERTEX_POINT ( 'NONE', #3716 ) ;
#1204 = DIRECTION ( 'NONE',  ( -1.000000000000000000, 0.000000000000000000, -0.000000000000000000 ) ) ;
#1205 = DIRECTION ( 'NONE',  ( 0.000000000000000000, 0.000000000000000000, 1.000000000000000000 ) ) ;
#1206 = DIRECTION ( 'NONE',  ( 0.000000000000000000, 0.000000000000000000, -1.000000000000000000 ) ) ;
#1207 = ORIENTED_EDGE ( 'NONE', *, *, #3459, .T. ) ;
#1208 = DIRECTION ( 'NONE',  ( 0.000000000000000000, 0.7071067811865441310, -0.7071067811865510144 ) ) ;
#1209 = ADVANCED_FACE ( 'NONE', ( #4138 ), #5603, .F. ) ;
#1210 = DIRECTION ( 'NONE',  ( 1.000000000000000000, 0.000000000000000000, 0.000000000000000000 ) ) ;
#1211 = DIRECTION ( 'NONE',  ( 5.965348954528222655E-17, -0.000000000000000000, 1.000000000000000000 ) ) ;
#1212 = CARTESIAN_POINT ( 'NONE',  ( 5.935000000000000497, 0.2000000000000000111, -0.9000000000000001332 ) ) ;
#1213 = VERTEX_POINT ( 'NONE', #2766 ) ;
#1214 = CARTESIAN_POINT ( 'NONE',  ( -6.535000000000000142, 0.4500000000000000111, -1.350000000000000089 ) ) ;
#1215 = PLANE ( 'NONE',  #457 ) ;
#1216 = CARTESIAN_POINT ( 'NONE',  ( -3.835000000000000409, 2.299999999999999822, 0.1499999999999995226 ) ) ;
#1217 = PLANE ( 'NONE',  #951 ) ;
#1218 = DIRECTION ( 'NONE',  ( 1.000000000000000000, -0.000000000000000000, 0.000000000000000000 ) ) ;
#1219 = DIRECTION ( 'NONE',  ( -0.000000000000000000, 0.000000000000000000, 1.000000000000000000 ) ) ;
#1220 = ADVANCED_FACE ( 'NONE', ( #556 ), #5885, .F. ) ;
#1221 = ADVANCED_FACE ( 'NONE', ( #4497 ), #2620, .T. ) ;
#1222 = PLANE ( 'NONE',  #3640 ) ;
#1223 = CARTESIAN_POINT ( 'NONE',  ( -4.535000000000000142, 0.4500000000000000111, 2.650000000000001688 ) ) ;
#1224 = ORIENTED_EDGE ( 'NONE', *, *, #1949, .T. ) ;
#1225 = ORIENTED_EDGE ( 'NONE', *, *, #3459, .F. ) ;
#1226 = EDGE_LOOP ( 'NONE', ( #4775, #5793, #2807, #5844 ) ) ;
#1227 = VERTEX_POINT ( 'NONE', #417 ) ;
#1228 = ORIENTED_EDGE ( 'NONE', *, *, #640, .F. ) ;
#1229 = AXIS2_PLACEMENT_3D ( 'NONE', #2103, #1643, #5467 ) ;
#1230 = AXIS2_PLACEMENT_3D ( 'NONE', #4389, #5825, #4822 ) ;
#1231 = DIRECTION ( 'NONE',  ( -0.7071067811865462405, -0.7071067811865489050, 4.717825897487298289E-16 ) ) ;
#1232 = EDGE_CURVE ( 'NONE', #2836, #3897, #4245, .T. ) ;
#1233 = FACE_OUTER_BOUND ( 'NONE', #2085, .T. ) ;
#1235 = VECTOR ( 'NONE', #3512, 1000.000000000000227 ) ;
#1234 = AXIS2_PLACEMENT_3D ( 'NONE', #2553, #2851, #2192 ) ;
#1236 = ORIENTED_EDGE ( 'NONE', *, *, #436, .T. ) ;
#1237 = VECTOR ( 'NONE', #1688, 1000.000000000000000 ) ;
#1238 = CARTESIAN_POINT ( 'NONE',  ( 6.060000000000001386, 0.2499999999999997780, 1.856341625576289678 ) ) ;
#1239 = DIRECTION ( 'NONE',  ( 0.000000000000000000, 0.000000000000000000, 1.000000000000000000 ) ) ;
#1240 = ORIENTED_EDGE ( 'NONE', *, *, #5945, .T. ) ;
#1241 = CARTESIAN_POINT ( 'NONE',  ( -5.935000000000000497, 0.000000000000000000, -0.9000000000000001332 ) ) ;
#1242 = MECHANICAL_DESIGN_GEOMETRIC_PRESENTATION_REPRESENTATION (  '', ( #3453 ), #2032 ) ;
#1243 = DIRECTION ( 'NONE',  ( -1.000000000000000000, 0.000000000000000000, 0.000000000000000000 ) ) ;
#1244 = CARTESIAN_POINT ( 'NONE',  ( 1.375000000000000000, 0.1250000000000000000, -1.391127433392334023 ) ) ;
#1245 = LINE ( 'NONE', #2750, #1954 ) ;
#1246 = CARTESIAN_POINT ( 'NONE',  ( -5.535000000000000142, 9.129072045307475847, -1.350000000000000089 ) ) ;
#1247 = ORIENTED_EDGE ( 'NONE', *, *, #5413, .T. ) ;
#1249 = VECTOR ( 'NONE', #2932, 1000.000000000000000 ) ;
#1248 = CARTESIAN_POINT ( 'NONE',  ( 0.05925794705577544508, 0.2000000000000000111, 0.5173959028747707745 ) ) ;
#1250 = DIRECTION ( 'NONE',  ( 0.000000000000000000, 1.000000000000000000, 0.000000000000000000 ) ) ;
#1251 = CARTESIAN_POINT ( 'NONE',  ( 0.000000000000000000, 2.500000000000000000, 0.000000000000000000 ) ) ;
#1252 = DIRECTION ( 'NONE',  ( 0.000000000000000000, -1.000000000000000000, 0.000000000000000000 ) ) ;
#1253 = VECTOR ( 'NONE', #246, 1000.000000000000114 ) ;
#1254 = PLANE ( 'NONE',  #2248 ) ;
#1255 = PLANE ( 'NONE',  #3669 ) ;
#1256 = DIRECTION ( 'NONE',  ( 0.000000000000000000, -1.000000000000000000, 0.000000000000000000 ) ) ;
#1257 = CARTESIAN_POINT ( 'NONE',  ( 0.000000000000000000, 0.000000000000000000, -0.9499999999999986233 ) ) ;
#1258 = VECTOR ( 'NONE', #4125, 1000.000000000000000 ) ;
#1259 = LINE ( 'NONE', #3652, #2780 ) ;
#1260 = VECTOR ( 'NONE', #1602, 1000.000000000000000 ) ;
#1261 = VERTEX_POINT ( 'NONE', #711 ) ;
#1262 = ORIENTED_EDGE ( 'NONE', *, *, #1983, .F. ) ;
#1263 = EDGE_CURVE ( 'NONE', #2826, #6141, #1762, .T. ) ;
#1264 = VECTOR ( 'NONE', #5994, 1000.000000000000000 ) ;
#1265 = ORIENTED_EDGE ( 'NONE', *, *, #159, .F. ) ;
#1266 = EDGE_CURVE ( 'NONE', #2479, #5284, #2256, .T. ) ;
#1267 = APPLICATION_CONTEXT ( 'automotive_design' ) ;
#1268 = PLANE ( 'NONE',  #4192 ) ;
#1269 = VECTOR ( 'NONE', #574, 1000.000000000000000 ) ;
#1270 = CARTESIAN_POINT ( 'NONE',  ( -4.860000000000001208, 0.4500000000000002887, 2.650000000000000355 ) ) ;
#1271 = AXIS2_PLACEMENT_3D ( 'NONE', #4161, #4222, #2696 ) ;
#1272 = EDGE_CURVE ( 'NONE', #495, #1592, #1327, .T. ) ;
#1273 = DIRECTION ( 'NONE',  ( 0.000000000000000000, 0.000000000000000000, 1.000000000000000000 ) ) ;
#1274 = CARTESIAN_POINT ( 'NONE',  ( -3.835000000000000409, 2.299999999999999822, 0.1499999999999995226 ) ) ;
#1275 = ORIENTED_EDGE ( 'NONE', *, *, #4647, .F. ) ;
#1276 = CARTESIAN_POINT ( 'NONE',  ( -4.035000000000000142, 2.299999999999999822, 0.1499999999999995226 ) ) ;
#1277 = CARTESIAN_POINT ( 'NONE',  ( 1.375000000000000000, 0.01144570674512745967, -1.582601529398155016 ) ) ;
#1278 = VECTOR ( 'NONE', #2279, 1000.000000000000000 ) ;
#1279 = CARTESIAN_POINT ( 'NONE',  ( 4.035000000000000142, 0.2000000000000000111, -1.300000000000000266 ) ) ;
#1280 = CARTESIAN_POINT ( 'NONE',  ( 4.234999999999999432, 2.100000000000000089, -1.350000000000000089 ) ) ;
#1281 = SURFACE_SIDE_STYLE ('',( #1874 ) ) ;
#1282 = PLANE ( 'NONE',  #4483 ) ;
#1283 = FACE_OUTER_BOUND ( 'NONE', #5705, .T. ) ;
#1284 = ORIENTED_EDGE ( 'NONE', *, *, #1890, .T. ) ;
#1285 = LINE ( 'NONE', #1248, #4950 ) ;
#1286 = DIRECTION ( 'NONE',  ( 0.000000000000000000, -1.000000000000000000, 0.000000000000000000 ) ) ;
#1287 = PLANE ( 'NONE',  #2659 ) ;
#1288 = DIRECTION ( 'NONE',  ( 0.000000000000000000, -0.7071067811865480168, -0.7071067811865470176 ) ) ;
#1289 = DIRECTION ( 'NONE',  ( 0.000000000000000000, 0.000000000000000000, -1.000000000000000000 ) ) ;
#1290 = CARTESIAN_POINT ( 'NONE',  ( 4.035000000000000142, 0.000000000000000000, 0.1499999999999995226 ) ) ;
#1291 = ADVANCED_FACE ( 'NONE', ( #2842 ), #3322, .F. ) ;
#1292 = CARTESIAN_POINT ( 'NONE',  ( -3.549999999999999822, 2.299999999999999822, 2.650000000000000355 ) ) ;
#1293 = LINE ( 'NONE', #5112, #867 ) ;
#1294 = DIRECTION ( 'NONE',  ( 1.000000000000000000, 0.000000000000000000, -5.965348954528222655E-17 ) ) ;
#1295 = ORIENTED_EDGE ( 'NONE', *, *, #3098, .F. ) ;
#1296 = ORIENTED_EDGE ( 'NONE', *, *, #4743, .T. ) ;
#1297 = VERTEX_POINT ( 'NONE', #5709 ) ;
#1298 = CARTESIAN_POINT ( 'NONE',  ( 3.999999999999999112, 1.300000000000000044, 3.950000000000001954 ) ) ;
#1299 = EDGE_LOOP ( 'NONE', ( #301, #5325, #3946, #6013, #588, #2992 ) ) ;
#1300 = DIRECTION ( 'NONE',  ( -1.000000000000000000, 0.000000000000000000, 0.000000000000000000 ) ) ;
#1301 = ORIENTED_EDGE ( 'NONE', *, *, #2318, .T. ) ;
#1302 = CARTESIAN_POINT ( 'NONE',  ( -3.635000000000000231, 9.129072045307475847, -1.149999999999999911 ) ) ;
#1303 = ADVANCED_FACE ( 'NONE', ( #1364 ), #2351, .T. ) ;
#1304 = LINE ( 'NONE', #3296, #6023 ) ;
#1305 = EDGE_CURVE ( 'NONE', #5827, #5253, #5186, .T. ) ;
#1306 = ADVANCED_FACE ( 'NONE', ( #6178 ), #4740, .F. ) ;
#1307 = CARTESIAN_POINT ( 'NONE',  ( -5.760000000000000675, 2.299999999999999822, 0.8999999999999999112 ) ) ;
#1308 = LINE ( 'NONE', #4686, #2580 ) ;
#1309 = DIRECTION ( 'NONE',  ( -1.000000000000000000, 0.000000000000000000, -2.282530889443167515E-16 ) ) ;
#1310 = CARTESIAN_POINT ( 'NONE',  ( 5.535000000000000142, 0.2000000000000000111, 1.531341625576287724 ) ) ;
#1311 = VERTEX_POINT ( 'NONE', #4241 ) ;
#1312 = DIRECTION ( 'NONE',  ( -1.000000000000000000, 0.000000000000000000, 0.000000000000000000 ) ) ;
#1313 = DIRECTION ( 'NONE',  ( 0.000000000000000000, -0.7071067811865491270, 0.7071067811865460184 ) ) ;
#1314 = DIRECTION ( 'NONE',  ( -0.000000000000000000, -1.000000000000000000, -0.000000000000000000 ) ) ;
#1315 = ORIENTED_EDGE ( 'NONE', *, *, #5764, .F. ) ;
#1316 = CARTESIAN_POINT ( 'NONE',  ( -3.635000000000000231, 9.129072045307475847, -1.350000000000000311 ) ) ;
#1317 = DIRECTION ( 'NONE',  ( 1.000000000000000000, 1.258448950206388160E-16, 0.000000000000000000 ) ) ;
#1318 = PLANE ( 'NONE',  #1391 ) ;
#1319 = DIRECTION ( 'NONE',  ( -3.336006684570784088E-16, 0.000000000000000000, -1.000000000000000000 ) ) ;
#1320 = CARTESIAN_POINT ( 'NONE',  ( 0.000000000000000000, 9.129072045307475847, -1.350000000000000089 ) ) ;
#1321 = DIRECTION ( 'NONE',  ( -0.000000000000000000, -1.000000000000000000, -0.000000000000000000 ) ) ;
#1322 = EDGE_LOOP ( 'NONE', ( #2342, #2249, #4762, #1392 ) ) ;
#1323 = VERTEX_POINT ( 'NONE', #3341 ) ;
#1324 = ORIENTED_EDGE ( 'NONE', *, *, #5930, .T. ) ;
#1325 = EDGE_CURVE ( 'NONE', #3218, #16, #3811, .T. ) ;
#1326 = CARTESIAN_POINT ( 'NONE',  ( 0.000000000000000000, 0.000000000000000000, 3.950000000000001954 ) ) ;
#1327 = LINE ( 'NONE', #1798, #2787 ) ;
#1328 = EDGE_CURVE ( 'NONE', #5258, #5451, #941, .T. ) ;
#1329 = CARTESIAN_POINT ( 'NONE',  ( -3.549999999999999378, 1.299999999999999156, 0.6500000000000007994 ) ) ;
#1330 = EDGE_LOOP ( 'NONE', ( #1453, #2574, #6107, #4731 ) ) ;
#1331 = LINE ( 'NONE', #1241, #2989 ) ;
#1332 = VECTOR ( 'NONE', #4919, 1000.000000000000000 ) ;
#1333 = VECTOR ( 'NONE', #902, 1000.000000000000000 ) ;
#1334 = ADVANCED_FACE ( 'NONE', ( #2385 ), #4303, .T. ) ;
#1335 = CARTESIAN_POINT ( 'NONE',  ( -5.535000000000000142, 0.2000000000000000111, -1.350000000000000089 ) ) ;
#1336 = VECTOR ( 'NONE', #5426, 1000.000000000000114 ) ;
#1337 = ADVANCED_FACE ( 'NONE', ( #3840 ), #884, .T. ) ;
#1338 = VECTOR ( 'NONE', #4092, 1000.000000000000000 ) ;
#1339 = DIRECTION ( 'NONE',  ( -1.000000000000000000, 0.000000000000000000, 0.000000000000000000 ) ) ;
#1340 = CARTESIAN_POINT ( 'NONE',  ( -5.559999999999999609, 2.049999999999999822, -1.149999999999999911 ) ) ;
#1341 = ORIENTED_EDGE ( 'NONE', *, *, #488, .T. ) ;
#1342 = EDGE_CURVE ( 'NONE', #5953, #1979, #410, .T. ) ;
#1343 = CARTESIAN_POINT ( 'NONE',  ( -10.05810562561766375, 0.4500000000000002887, 2.650000000000001688 ) ) ;
#1344 = PLANE ( 'NONE',  #2056 ) ;
#1345 = CLOSED_SHELL ( 'NONE', ( #485, #5536, #4714, #1883, #1291, #4, #5193, #5501, #4193, #4058, #5523, #3106, #1220, #2931, #4423, #3272, #3411, #4288, #4084, #3560, #665, #3922, #3953, #3735, #3600, #5854, #1334, #5574, #5897, #3691, #5324, #3201, #98, #750, #5808, #1732, #213, #828, #944, #1142, #1923, #4500, #4901, #4477, #510, #829, #2579, #1386, #5913, #881, #5210, #4093, #984, #5443 ) ) ;
#1346 = ORIENTED_EDGE ( 'NONE', *, *, #2287, .F. ) ;
#1347 = ORIENTED_EDGE ( 'NONE', *, *, #450, .T. ) ;
#1348 = EDGE_CURVE ( 'NONE', #2150, #2836, #5110, .T. ) ;
#1349 = CARTESIAN_POINT ( 'NONE',  ( 0.000000000000000000, 2.299999999999999822, 0.000000000000000000 ) ) ;
#1350 = VERTEX_POINT ( 'NONE', #4231 ) ;
#1351 = DIRECTION ( 'NONE',  ( 0.000000000000000000, 0.000000000000000000, 1.000000000000000000 ) ) ;
#1352 = LINE ( 'NONE', #2240, #1563 ) ;
#1353 = LINE ( 'NONE', #5550, #2376 ) ;
#1354 = DIRECTION ( 'NONE',  ( 0.000000000000000000, -1.000000000000000000, -0.000000000000000000 ) ) ;
#1355 = STYLED_ITEM ( 'NONE', ( #4487 ), #4527 ) ;
#1356 = ORIENTED_EDGE ( 'NONE', *, *, #4702, .F. ) ;
#1357 = ORIENTED_EDGE ( 'NONE', *, *, #3450, .F. ) ;
#1358 = ORIENTED_EDGE ( 'NONE', *, *, #1106, .F. ) ;
#1359 = ORIENTED_EDGE ( 'NONE', *, *, #4256, .F. ) ;
#1360 = AXIS2_PLACEMENT_3D ( 'NONE', #3177, #3739, #2665 ) ;
#1361 = VECTOR ( 'NONE', #188, 1000.000000000000000 ) ;
#1362 = VECTOR ( 'NONE', #3110, 1000.000000000000227 ) ;
#1363 = VERTEX_POINT ( 'NONE', #4106 ) ;
#1364 = FACE_OUTER_BOUND ( 'NONE', #6172, .T. ) ;
#1365 = ORIENTED_EDGE ( 'NONE', *, *, #5216, .F. ) ;
#1366 = EDGE_LOOP ( 'NONE', ( #1984, #1978, #123, #3920, #1822, #2272 ) ) ;
#1367 = AXIS2_PLACEMENT_3D ( 'NONE', #4365, #59, #3257 ) ;
#1368 = ORIENTED_EDGE ( 'NONE', *, *, #4696, .T. ) ;
#1369 = CARTESIAN_POINT ( 'NONE',  ( -4.035000000000000142, 2.299999999999999822, 0.1499999999999995226 ) ) ;
#1370 = VECTOR ( 'NONE', #2394, 1000.000000000000000 ) ;
#1371 = LINE ( 'NONE', #2788, #4729 ) ;
#1372 = VECTOR ( 'NONE', #4263, 1000.000000000000000 ) ;
#1373 = DIRECTION ( 'NONE',  ( 0.2492435693639532268, 0.6847910787717375047, 0.6847910787717347292 ) ) ;
#1374 = EDGE_CURVE ( 'NONE', #2869, #2641, #873, .T. ) ;
#1375 = LINE ( 'NONE', #3325, #3772 ) ;
#1376 = CARTESIAN_POINT ( 'NONE',  ( 4.860000000000001208, 2.049999999999997602, 1.656341625576287280 ) ) ;
#1377 = ORIENTED_EDGE ( 'NONE', *, *, #3226, .T. ) ;
#1378 = DIRECTION ( 'NONE',  ( 0.7071067811865439090, -0.7071067811865512365, -4.717825897487282512E-16 ) ) ;
#1379 = DIRECTION ( 'NONE',  ( 1.000000000000000000, 0.000000000000000000, 0.000000000000000000 ) ) ;
#1380 = LINE ( 'NONE', #895, #462 ) ;
#1381 = ORIENTED_EDGE ( 'NONE', *, *, #2054, .T. ) ;
#1382 = LINE ( 'NONE', #79, #5435 ) ;
#1383 = CARTESIAN_POINT ( 'NONE',  ( -4.035000000000000142, 2.299999999999999822, 0.1499999999999995226 ) ) ;
#1384 = CARTESIAN_POINT ( 'NONE',  ( 2.811523063262000743, 2.299999999999999822, -1.350000000000000311 ) ) ;
#1385 = CARTESIAN_POINT ( 'NONE',  ( -1.624999999999999334, 2.500000000000000444, -0.9499999999999992895 ) ) ;
#1386 = ADVANCED_FACE ( 'NONE', ( #4632 ), #5602, .T. ) ;
#1387 = ORIENTED_EDGE ( 'NONE', *, *, #1105, .T. ) ;
#1388 = EDGE_CURVE ( 'NONE', #1962, #126, #2803, .T. ) ;
#1389 = ORIENTED_EDGE ( 'NONE', *, *, #5856, .T. ) ;
#1390 = ORIENTED_EDGE ( 'NONE', *, *, #636, .T. ) ;
#1391 = AXIS2_PLACEMENT_3D ( 'NONE', #6041, #399, #3775 ) ;
#1392 = ORIENTED_EDGE ( 'NONE', *, *, #5271, .T. ) ;
#1393 = DIRECTION ( 'NONE',  ( 0.000000000000000000, 1.000000000000000000, 1.480634983344293768E-16 ) ) ;
#1394 = ORIENTED_EDGE ( 'NONE', *, *, #4892, .F. ) ;
#1395 = DIRECTION ( 'NONE',  ( -0.7071067811865461294, 1.393903106075798077E-16, -0.7071067811865489050 ) ) ;
#1396 = EDGE_LOOP ( 'NONE', ( #3025, #3404, #1840, #2871 ) ) ;
#1397 = ORIENTED_EDGE ( 'NONE', *, *, #3321, .F. ) ;
#1398 = DIRECTION ( 'NONE',  ( -1.000000000000000000, 0.000000000000000000, 0.000000000000000000 ) ) ;
#1399 = LINE ( 'NONE', #3789, #5276 ) ;
#1400 =( LENGTH_UNIT ( ) NAMED_UNIT ( * ) SI_UNIT ( .MILLI., .METRE. ) );
#1401 = ADVANCED_FACE ( 'NONE', ( #5043 ), #2701, .T. ) ;
#1402 = LINE ( 'NONE', #5282, #5755 ) ;
#1403 = CARTESIAN_POINT ( 'NONE',  ( -5.935000000000000497, 2.500000000000000000, -0.9000000000000001332 ) ) ;
#1404 = EDGE_LOOP ( 'NONE', ( #2151, #5085, #272, #4976 ) ) ;
#1405 = FACE_OUTER_BOUND ( 'NONE', #5921, .T. ) ;
#1406 = LINE ( 'NONE', #1907, #5263 ) ;
#1407 = ORIENTED_EDGE ( 'NONE', *, *, #3942, .T. ) ;
#1408 = PLANE ( 'NONE',  #2814 ) ;
#1409 = ORIENTED_EDGE ( 'NONE', *, *, #760, .T. ) ;
#1410 = DIRECTION ( 'NONE',  ( 0.000000000000000000, -1.000000000000000000, 0.000000000000000000 ) ) ;
#1411 = CARTESIAN_POINT ( 'NONE',  ( -6.060000000000001386, 2.250000000000000000, 2.650000000000000355 ) ) ;
#1412 = CARTESIAN_POINT ( 'NONE',  ( 5.535000000000000142, 0.2000000000000000111, -1.350000000000000089 ) ) ;
#1413 = DIRECTION ( 'NONE',  ( 1.000000000000000000, -0.000000000000000000, 0.000000000000000000 ) ) ;
#1414 = VERTEX_POINT ( 'NONE', #298 ) ;
#1415 = ORIENTED_EDGE ( 'NONE', *, *, #5517, .T. ) ;
#1416 = ORIENTED_EDGE ( 'NONE', *, *, #401, .T. ) ;
#1417 = ORIENTED_EDGE ( 'NONE', *, *, #4969, .F. ) ;
#1418 = ADVANCED_FACE ( 'NONE', ( #837 ), #3180, .T. ) ;
#1419 = ADVANCED_FACE ( 'NONE', ( #3243 ), #5082, .T. ) ;
#1420 = CARTESIAN_POINT ( 'NONE',  ( -6.299999999999999822, 2.479999999999999982, 3.950000000000001954 ) ) ;
#1421 = EDGE_CURVE ( 'NONE', #3399, #211, #327, .T. ) ;
#1422 = ORIENTED_EDGE ( 'NONE', *, *, #5200, .F. ) ;
#1423 = DIRECTION ( 'NONE',  ( 0.7071067811865475727, 0.000000000000000000, -0.7071067811865475727 ) ) ;
#1424 = ORIENTED_EDGE ( 'NONE', *, *, #1593, .F. ) ;
#1425 = ADVANCED_FACE ( 'NONE', ( #1852 ), #1318, .T. ) ;
#1426 = FACE_OUTER_BOUND ( 'NONE', #38, .T. ) ;
#1427 = VECTOR ( 'NONE', #4188, 1000.000000000000000 ) ;
#1428 = CARTESIAN_POINT ( 'NONE',  ( -4.035000000000000142, 2.100000000000000089, 0.1499999999999995226 ) ) ;
#1429 = LINE ( 'NONE', #2852, #1151 ) ;
#1430 = AXIS2_PLACEMENT_3D ( 'NONE', #5615, #4091, #6060 ) ;
#1431 = LINE ( 'NONE', #5252, #1133 ) ;
#1432 = ORIENTED_EDGE ( 'NONE', *, *, #3725, .T. ) ;
#1433 = FACE_OUTER_BOUND ( 'NONE', #2598, .T. ) ;
#1434 = AXIS2_PLACEMENT_3D ( 'NONE', #1307, #2748, #4650 ) ;
#1435 = CARTESIAN_POINT ( 'NONE',  ( 4.035000000000000142, 2.299999999999999822, 0.9000000000000003553 ) ) ;
#1436 = VERTEX_POINT ( 'NONE', #1384 ) ;
#1437 = AXIS2_PLACEMENT_3D ( 'NONE', #2522, #3889, #5347 ) ;
#1438 = CARTESIAN_POINT ( 'NONE',  ( -0.9708938223887971786, 2.299999999999999822, 0.4527352246352758236 ) ) ;
#1439 =( NAMED_UNIT ( * ) PLANE_ANGLE_UNIT ( ) SI_UNIT ( $, .RADIAN. ) );
#1440 = VERTEX_POINT ( 'NONE', #735 ) ;
#1441 = CARTESIAN_POINT ( 'NONE',  ( 3.835000000000000409, 2.299999999999999822, 0.1499999999999995226 ) ) ;
#1442 = VECTOR ( 'NONE', #2215, 1000.000000000000000 ) ;
#1443 = DIRECTION ( 'NONE',  ( 0.000000000000000000, 0.000000000000000000, 1.000000000000000000 ) ) ;
#1444 = DIRECTION ( 'NONE',  ( 0.000000000000000000, 1.000000000000000000, 2.174847976807625065E-16 ) ) ;
#1445 = FACE_OUTER_BOUND ( 'NONE', #1817, .T. ) ;
#1446 = EDGE_LOOP ( 'NONE', ( #910, #4799, #382, #1547, #2912, #4605, #1492, #3501, #2344, #1470, #5373, #5249, #6066, #339 ) ) ;
#1447 = EDGE_LOOP ( 'NONE', ( #6048, #5627, #779, #3365 ) ) ;
#1448 = LINE ( 'NONE', #5239, #5254 ) ;
#1449 = LINE ( 'NONE', #3835, #347 ) ;
#1450 = ADVANCED_FACE ( 'NONE', ( #5140 ), #2668, .T. ) ;
#1451 = ORIENTED_EDGE ( 'NONE', *, *, #5495, .F. ) ;
#1452 = AXIS2_PLACEMENT_3D ( 'NONE', #2589, #1218, #4893 ) ;
#1453 = ORIENTED_EDGE ( 'NONE', *, *, #3830, .T. ) ;
#1454 = DIRECTION ( 'NONE',  ( 0.000000000000000000, 0.000000000000000000, -1.000000000000000000 ) ) ;
#1455 = VECTOR ( 'NONE', #2557, 1000.000000000000000 ) ;
#1456 = VECTOR ( 'NONE', #3634, 1000.000000000000000 ) ;
#1457 = SHAPE_DEFINITION_REPRESENTATION ( #1700, #1184 ) ;
#1458 = VECTOR ( 'NONE', #2713, 1000.000000000000000 ) ;
#1459 = DIRECTION ( 'NONE',  ( 0.000000000000000000, 0.000000000000000000, 1.000000000000000000 ) ) ;
#1460 = DIRECTION ( 'NONE',  ( 0.000000000000000000, -1.000000000000000000, 0.000000000000000000 ) ) ;
#1461 = ORIENTED_EDGE ( 'NONE', *, *, #3563, .F. ) ;
#1462 = CARTESIAN_POINT ( 'NONE',  ( -5.935000000000000497, 2.299999999999999822, -0.9000000000000001332 ) ) ;
#1463 = CARTESIAN_POINT ( 'NONE',  ( -3.835000000000000853, 2.299999999999999822, -1.149999999999999911 ) ) ;
#1464 = LINE ( 'NONE', #5714, #3596 ) ;
#1465 = VECTOR ( 'NONE', #2561, 1000.000000000000000 ) ;
#1466 = ORIENTED_EDGE ( 'NONE', *, *, #3806, .F. ) ;
#1467 = CARTESIAN_POINT ( 'NONE',  ( -3.699999999999999734, 0.1799999999999996325, -4.244925670375280014 ) ) ;
#1468 = AXIS2_PLACEMENT_3D ( 'NONE', #265, #6075, #6009 ) ;
#1469 = FACE_OUTER_BOUND ( 'NONE', #2411, .T. ) ;
#1470 = ORIENTED_EDGE ( 'NONE', *, *, #1012, .T. ) ;
#1471 = CARTESIAN_POINT ( 'NONE',  ( -3.549999999999999378, 1.800000000000000044, 0.6500000000000007994 ) ) ;
#1472 = LINE ( 'NONE', #3395, #1166 ) ;
#1473 = LINE ( 'NONE', #5730, #2737 ) ;
#1474 = ORIENTED_EDGE ( 'NONE', *, *, #795, .F. ) ;
#1475 = EDGE_LOOP ( 'NONE', ( #935, #3377, #5710, #2034 ) ) ;
#1476 = LINE ( 'NONE', #1004, #2977 ) ;
#1477 = EDGE_CURVE ( 'NONE', #3543, #2012, #4136, .T. ) ;
#1478 = LINE ( 'NONE', #2975, #5165 ) ;
#1479 = ORIENTED_EDGE ( 'NONE', *, *, #2707, .F. ) ;
#1480 = ORIENTED_EDGE ( 'NONE', *, *, #593, .F. ) ;
#1481 = LINE ( 'NONE', #2448, #1551 ) ;
#1482 = AXIS2_PLACEMENT_3D ( 'NONE', #4083, #5088, #4511 ) ;
#1483 = ORIENTED_EDGE ( 'NONE', *, *, #3489, .F. ) ;
#1484 = DIRECTION ( 'NONE',  ( 0.000000000000000000, 1.000000000000000000, 0.000000000000000000 ) ) ;
#1485 = ORIENTED_EDGE ( 'NONE', *, *, #5818, .F. ) ;
#1486 = EDGE_CURVE ( 'NONE', #792, #4202, #5571, .T. ) ;
#1487 = EDGE_CURVE ( 'NONE', #2899, #4925, #6102, .T. ) ;
#1488 = LINE ( 'NONE', #4847, #5167 ) ;
#1489 = DIRECTION ( 'NONE',  ( -1.000000000000000000, 0.000000000000000000, 0.000000000000000000 ) ) ;
#1490 = DIRECTION ( 'NONE',  ( 0.000000000000000000, -2.174847976807625065E-16, 1.000000000000000000 ) ) ;
#1491 = ADVANCED_FACE ( 'NONE', ( #6076 ), #1786, .F. ) ;
#1492 = ORIENTED_EDGE ( 'NONE', *, *, #3818, .F. ) ;
#1493 = CARTESIAN_POINT ( 'NONE',  ( -4.035000000000000142, 0.000000000000000000, 0.1499999999999995226 ) ) ;
#1494 = FACE_OUTER_BOUND ( 'NONE', #2421, .T. ) ;
#1495 = DIRECTION ( 'NONE',  ( 1.000000000000000000, 0.000000000000000000, -2.282530889443167515E-16 ) ) ;
#1496 = VERTEX_POINT ( 'NONE', #5634 ) ;
#1497 = CARTESIAN_POINT ( 'NONE',  ( 4.035000000000000142, 9.129072045307475847, 0.1499999999999995226 ) ) ;
#1498 = EDGE_CURVE ( 'NONE', #4790, #732, #1353, .T. ) ;
#1499 = DIRECTION ( 'NONE',  ( -0.000000000000000000, 0.7071067811865441310, -0.7071067811865507924 ) ) ;
#1500 = FACE_OUTER_BOUND ( 'NONE', #2752, .T. ) ;
#1501 = ORIENTED_EDGE ( 'NONE', *, *, #3913, .T. ) ;
#1502 = ORIENTED_EDGE ( 'NONE', *, *, #5764, .T. ) ;
#1503 = EDGE_LOOP ( 'NONE', ( #3832, #5987, #2712, #4734 ) ) ;
#1504 = CARTESIAN_POINT ( 'NONE',  ( -4.234999999999999432, 0.3999999999999993006, -1.349999999999998979 ) ) ;
#1505 = CARTESIAN_POINT ( 'NONE',  ( 2.314681396984279438, 2.299999999999999822, -1.079353661602681536 ) ) ;
#1506 = EDGE_CURVE ( 'NONE', #5742, #16, #3698, .T. ) ;
#1507 = ORIENTED_EDGE ( 'NONE', *, *, #6116, .T. ) ;
#1508 = VERTEX_POINT ( 'NONE', #3700 ) ;
#1509 = PLANE ( 'NONE',  #4921 ) ;
#1510 = VECTOR ( 'NONE', #6188, 1000.000000000000000 ) ;
#1511 = CARTESIAN_POINT ( 'NONE',  ( 4.535000000000000142, 9.129072045307475847, 2.650000000000000355 ) ) ;
#1512 = EDGE_CURVE ( 'NONE', #5357, #3040, #5876, .T. ) ;
#1513 = DIRECTION ( 'NONE',  ( 0.000000000000000000, 0.000000000000000000, -1.000000000000000000 ) ) ;
#1514 = CARTESIAN_POINT ( 'NONE',  ( -4.535000000000000142, 2.049999999999999822, 2.650000000000000355 ) ) ;
#1515 = VERTEX_POINT ( 'NONE', #536 ) ;
#1516 = CARTESIAN_POINT ( 'NONE',  ( 1.375000000000000000, 0.1794675324079980094, -1.483143174397928199 ) ) ;
#1517 = PLANE ( 'NONE',  #336 ) ;
#1518 = DIRECTION ( 'NONE',  ( 1.000000000000000000, 0.000000000000000000, 0.000000000000000000 ) ) ;
#1519 = LINE ( 'NONE', #5376, #2562 ) ;
#1520 = EDGE_CURVE ( 'NONE', #2680, #4870, #1596, .T. ) ;
#1521 = VECTOR ( 'NONE', #504, 1000.000000000000000 ) ;
#1522 = DIRECTION ( 'NONE',  ( -1.000000000000000000, 0.000000000000000000, -2.282530889443167515E-16 ) ) ;
#1523 = PLANE ( 'NONE',  #5835 ) ;
#1524 = ADVANCED_FACE ( 'NONE', ( #3402 ), #5362, .T. ) ;
#1525 = LINE ( 'NONE', #3111, #130 ) ;
#1526 = ORIENTED_EDGE ( 'NONE', *, *, #2614, .T. ) ;
#1527 = LINE ( 'NONE', #5351, #3369 ) ;
#1528 = VECTOR ( 'NONE', #1839, 1000.000000000000000 ) ;
#1529 = CARTESIAN_POINT ( 'NONE',  ( 5.535000000000000142, 0.2000000000000000111, -1.149999999999999911 ) ) ;
#1530 = CARTESIAN_POINT ( 'NONE',  ( 1.375000000000000000, 0.8471798001561450242, -1.300000000000000044 ) ) ;
#1531 = CARTESIAN_POINT ( 'NONE',  ( 4.234999999999999432, 0.3999999999999993006, -1.149999999999999911 ) ) ;
#1532 = ORIENTED_EDGE ( 'NONE', *, *, #3283, .F. ) ;
#1533 = EDGE_CURVE ( 'NONE', #2706, #1991, #2765, .T. ) ;
#1534 = VECTOR ( 'NONE', #3099, 1000.000000000000000 ) ;
#1535 = ORIENTED_EDGE ( 'NONE', *, *, #3376, .F. ) ;
#1536 = FACE_OUTER_BOUND ( 'NONE', #4439, .T. ) ;
#1537 = CARTESIAN_POINT ( 'NONE',  ( 0.000000000000000000, 2.299999999999999822, -1.149999999999999467 ) ) ;
#1538 = CARTESIAN_POINT ( 'NONE',  ( 4.035000000000000142, 0.3999999999999993006, 0.1499999999999995226 ) ) ;
#1539 = VECTOR ( 'NONE', #2207, 1000.000000000000227 ) ;
#1540 = VERTEX_POINT ( 'NONE', #5232 ) ;
#1541 = ORIENTED_EDGE ( 'NONE', *, *, #1512, .T. ) ;
#1542 = VERTEX_POINT ( 'NONE', #933 ) ;
#1543 = DIRECTION ( 'NONE',  ( -0.000000000000000000, -1.000000000000000000, -0.000000000000000000 ) ) ;
#1544 = VECTOR ( 'NONE', #5002, 1000.000000000000000 ) ;
#1545 = CARTESIAN_POINT ( 'NONE',  ( 5.760000000000000675, 2.049999999999999822, -0.9500000000000001776 ) ) ;
#1546 = DIRECTION ( 'NONE',  ( 0.000000000000000000, 9.130123557772668088E-16, 1.000000000000000000 ) ) ;
#1547 = ORIENTED_EDGE ( 'NONE', *, *, #1130, .F. ) ;
#1548 = AXIS2_PLACEMENT_3D ( 'NONE', #1441, #429, #3360 ) ;
#1549 = LINE ( 'NONE', #2096, #3676 ) ;
#1550 = VECTOR ( 'NONE', #6187, 1000.000000000000000 ) ;
#1551 = VECTOR ( 'NONE', #64, 1000.000000000000000 ) ;
#1552 = DIRECTION ( 'NONE',  ( -1.000000000000000000, 0.000000000000000000, 0.000000000000000000 ) ) ;
#1553 = LINE ( 'NONE', #3485, #5648 ) ;
#1554 = ORIENTED_EDGE ( 'NONE', *, *, #4128, .F. ) ;
#1555 = CIRCLE ( 'NONE', #5553, 0.1999999999999996503 ) ;
#1556 = CARTESIAN_POINT ( 'NONE',  ( 4.000000000000000000, 1.548860246407862942E-15, 3.950000000000001954 ) ) ;
#1557 = DIRECTION ( 'NONE',  ( -1.000000000000000000, -0.000000000000000000, -0.000000000000000000 ) ) ;
#1558 = DIRECTION ( 'NONE',  ( -1.000000000000000000, 0.000000000000000000, 0.000000000000000000 ) ) ;
#1559 = LINE ( 'NONE', #2369, #5281 ) ;
#1560 = CARTESIAN_POINT ( 'NONE',  ( -4.035000000000000142, 9.129072045307475847, 0.1499999999999995226 ) ) ;
#1561 = DIRECTION ( 'NONE',  ( 1.000000000000000000, 0.000000000000000000, -0.000000000000000000 ) ) ;
#1562 = ORIENTED_EDGE ( 'NONE', *, *, #5665, .F. ) ;
#1563 = VECTOR ( 'NONE', #2762, 1000.000000000000000 ) ;
#1564 = ORIENTED_EDGE ( 'NONE', *, *, #2625, .F. ) ;
#1565 = CARTESIAN_POINT ( 'NONE',  ( -2.624999999999999112, 2.299999999999999822, -0.9499999999999992895 ) ) ;
#1566 = DIRECTION ( 'NONE',  ( 0.000000000000000000, -0.7071067811865460184, -0.7071067811865490160 ) ) ;
#1567 = EDGE_CURVE ( 'NONE', #2064, #1195, #1587, .T. ) ;
#1568 = EDGE_CURVE ( 'NONE', #5451, #379, #1559, .T. ) ;
#1569 = DIRECTION ( 'NONE',  ( -0.000000000000000000, 0.7071067811865510144, 0.7071067811865441310 ) ) ;
#1570 = EDGE_CURVE ( 'NONE', #5011, #742, #486, .T. ) ;
#1571 = VERTEX_POINT ( 'NONE', #4883 ) ;
#1572 = VERTEX_POINT ( 'NONE', #2461 ) ;
#1573 = DIRECTION ( 'NONE',  ( 0.000000000000000000, 0.000000000000000000, 1.000000000000000000 ) ) ;
#1574 = AXIS2_PLACEMENT_3D ( 'NONE', #5587, #4183, #2946 ) ;
#1575 = CARTESIAN_POINT ( 'NONE',  ( -10.05810562561766375, 0.9500000000000002887, -1.150000000000000133 ) ) ;
#1576 = APPLICATION_CONTEXT ( 'automotive_design' ) ;
#1577 = FILL_AREA_STYLE ('',( #2513 ) ) ;
#1578 = DIRECTION ( 'NONE',  ( 0.000000000000000000, 1.000000000000000000, 0.000000000000000000 ) ) ;
#1579 = ORIENTED_EDGE ( 'NONE', *, *, #2969, .T. ) ;
#1580 = DIRECTION ( 'NONE',  ( 0.000000000000000000, -1.000000000000000000, -0.000000000000000000 ) ) ;
#1581 = CARTESIAN_POINT ( 'NONE',  ( 1.375000000000000000, 0.3499999999999999778, -2.027389581993169987 ) ) ;
#1582 = EDGE_CURVE ( 'NONE', #4706, #1297, #3448, .T. ) ;
#1583 = FILL_AREA_STYLE_COLOUR ( '', #5642 ) ;
#1584 = VERTEX_POINT ( 'NONE', #2999 ) ;
#1585 = CARTESIAN_POINT ( 'NONE',  ( -6.500000000000001776, 2.479999999999999982, 2.650000000000000355 ) ) ;
#1586 = LINE ( 'NONE', #2026, #2149 ) ;
#1587 = LINE ( 'NONE', #2586, #1779 ) ;
#1588 = VERTEX_POINT ( 'NONE', #5346 ) ;
#1589 = CARTESIAN_POINT ( 'NONE',  ( -3.699999999999999734, 0.1799999999999996325, 2.650000000000000355 ) ) ;
#1590 = CARTESIAN_POINT ( 'NONE',  ( -5.760000000000000675, 0.4500000000000000111, -0.6499999999999951372 ) ) ;
#1591 = FACE_OUTER_BOUND ( 'NONE', #1503, .T. ) ;
#1592 = VERTEX_POINT ( 'NONE', #1058 ) ;
#1593 = EDGE_CURVE ( 'NONE', #2218, #1173, #5168, .T. ) ;
#1594 = ORIENTED_EDGE ( 'NONE', *, *, #5200, .T. ) ;
#1595 = PLANE ( 'NONE',  #5888 ) ;
#1596 = LINE ( 'NONE', #1131, #3198 ) ;
#1597 = PRESENTATION_STYLE_ASSIGNMENT (( #3036 ) ) ;
#1598 = DIRECTION ( 'NONE',  ( 0.000000000000000000, -1.000000000000000000, 9.130123557772668088E-16 ) ) ;
#1599 = CARTESIAN_POINT ( 'NONE',  ( -4.535000000000000142, 0.9500000000000002887, -1.150000000000000133 ) ) ;
#1600 = ORIENTED_EDGE ( 'NONE', *, *, #1694, .F. ) ;
#1601 = EDGE_CURVE ( 'NONE', #609, #28, #394, .T. ) ;
#1602 = DIRECTION ( 'NONE',  ( 0.000000000000000000, 0.000000000000000000, -1.000000000000000000 ) ) ;
#1603 = CARTESIAN_POINT ( 'NONE',  ( -5.935000000000000497, 0.000000000000000000, 0.8999999999999999112 ) ) ;
#1604 = ORIENTED_EDGE ( 'NONE', *, *, #5248, .F. ) ;
#1605 = CARTESIAN_POINT ( 'NONE',  ( -3.835000000000000853, 9.129072045307475847, -1.149999999999999911 ) ) ;
#1606 = DIRECTION ( 'NONE',  ( 0.000000000000000000, 0.000000000000000000, 1.000000000000000000 ) ) ;
#1607 = VECTOR ( 'NONE', #1853, 1000.000000000000000 ) ;
#1608 = DIRECTION ( 'NONE',  ( 1.000000000000000000, 0.000000000000000000, 0.000000000000000000 ) ) ;
#1609 = ORIENTED_EDGE ( 'NONE', *, *, #5344, .F. ) ;
#1610 = CARTESIAN_POINT ( 'NONE',  ( 6.060000000000001386, 2.250000000000000000, 2.650000000000000355 ) ) ;
#1611 = LINE ( 'NONE', #2052, #4461 ) ;
#1612 = VECTOR ( 'NONE', #2936, 1000.000000000000000 ) ;
#1613 = DIRECTION ( 'NONE',  ( -1.000000000000000000, 0.000000000000000000, 0.000000000000000000 ) ) ;
#1614 = DIRECTION ( 'NONE',  ( 0.000000000000000000, -1.000000000000000000, 0.000000000000000000 ) ) ;
#1615 = VECTOR ( 'NONE', #2866, 1000.000000000000000 ) ;
#1616 = DIRECTION ( 'NONE',  ( 0.000000000000000000, -1.000000000000000000, -0.000000000000000000 ) ) ;
#1617 = FACE_OUTER_BOUND ( 'NONE', #5228, .T. ) ;
#1618 = ORIENTED_EDGE ( 'NONE', *, *, #1634, .F. ) ;
#1619 = VERTEX_POINT ( 'NONE', #1909 ) ;
#1620 = EDGE_CURVE ( 'NONE', #6177, #4715, #962, .T. ) ;
#1621 = AXIS2_PLACEMENT_3D ( 'NONE', #3757, #2263, #3667 ) ;
#1622 = VERTEX_POINT ( 'NONE', #5722 ) ;
#1623 = CARTESIAN_POINT ( 'NONE',  ( -4.535000000000000142, 0.4500000000000000111, 2.650000000000001688 ) ) ;
#1624 = EDGE_CURVE ( 'NONE', #2906, #2218, #4349, .T. ) ;
#1625 = DIRECTION ( 'NONE',  ( 0.000000000000000000, -9.130123557772668088E-16, -1.000000000000000000 ) ) ;
#1626 = ORIENTED_EDGE ( 'NONE', *, *, #5095, .T. ) ;
#1627 = ORIENTED_EDGE ( 'NONE', *, *, #5083, .F. ) ;
#1628 = DIRECTION ( 'NONE',  ( 1.000000000000000000, 0.000000000000000000, -0.000000000000000000 ) ) ;
#1629 = CARTESIAN_POINT ( 'NONE',  ( 4.035000000000000142, 0.000000000000000000, 0.1499999999999995226 ) ) ;
#1630 = ORIENTED_EDGE ( 'NONE', *, *, #4287, .F. ) ;
#1631 = DIRECTION ( 'NONE',  ( 0.000000000000000000, -1.403297376292845919E-16, 1.000000000000000000 ) ) ;
#1632 = PRODUCT_RELATED_PRODUCT_CATEGORY ( 'part', '', ( #5559 ) ) ;
#1633 = EDGE_CURVE ( 'NONE', #792, #4167, #2426, .T. ) ;
#1634 = EDGE_CURVE ( 'NONE', #5704, #4233, #4224, .T. ) ;
#1635 = LINE ( 'NONE', #348, #2321 ) ;
#1636 = LINE ( 'NONE', #1244, #1338 ) ;
#1637 = VECTOR ( 'NONE', #1736, 1000.000000000000000 ) ;
#1638 = LINE ( 'NONE', #3137, #2757 ) ;
#1639 = ORIENTED_EDGE ( 'NONE', *, *, #1067, .F. ) ;
#1640 = CARTESIAN_POINT ( 'NONE',  ( -4.860000000000001208, 0.4500000000000000111, -0.6499999999999951372 ) ) ;
#1641 = DIRECTION ( 'NONE',  ( 0.000000000000000000, 0.000000000000000000, 1.000000000000000000 ) ) ;
#1642 = VECTOR ( 'NONE', #4248, 1000.000000000000000 ) ;
#1643 = DIRECTION ( 'NONE',  ( -0.5591929034707506796, 0.000000000000000000, 0.8290375725550390706 ) ) ;
#1644 = VECTOR ( 'NONE', #2891, 1000.000000000000000 ) ;
#1645 = AXIS2_PLACEMENT_3D ( 'NONE', #1664, #306, #247 ) ;
#1646 = ORIENTED_EDGE ( 'NONE', *, *, #4647, .T. ) ;
#1647 = LINE ( 'NONE', #5387, #945 ) ;
#1648 = AXIS2_PLACEMENT_3D ( 'NONE', #423, #451, #3386 ) ;
#1649 = LINE ( 'NONE', #146, #1758 ) ;
#1650 = CARTESIAN_POINT ( 'NONE',  ( 5.535000000000000142, 2.100000000000000089, -1.350000000000000089 ) ) ;
#1651 = LINE ( 'NONE', #5862, #3337 ) ;
#1652 = VECTOR ( 'NONE', #4292, 1000.000000000000000 ) ;
#1653 = EDGE_LOOP ( 'NONE', ( #5169, #5774, #1135, #2662 ) ) ;
#1654 = VERTEX_POINT ( 'NONE', #514 ) ;
#1655 = ORIENTED_EDGE ( 'NONE', *, *, #481, .T. ) ;
#1656 = EDGE_CURVE ( 'NONE', #5019, #5505, #44, .T. ) ;
#1657 = ORIENTED_EDGE ( 'NONE', *, *, #1986, .T. ) ;
#1658 = AXIS2_PLACEMENT_3D ( 'NONE', #2208, #1354, #5604 ) ;
#1659 = VECTOR ( 'NONE', #259, 1000.000000000000000 ) ;
#1660 = FACE_OUTER_BOUND ( 'NONE', #2610, .T. ) ;
#1661 = AXIS2_PLACEMENT_3D ( 'NONE', #1871, #2538, #5686 ) ;
#1662 = VERTEX_POINT ( 'NONE', #6128 ) ;
#1663 = LINE ( 'NONE', #278, #2666 ) ;
#1664 = CARTESIAN_POINT ( 'NONE',  ( 3.549999999999999822, 0.8000000000000000444, -3.538156721182005526 ) ) ;
#1665 = ORIENTED_EDGE ( 'NONE', *, *, #3911, .F. ) ;
#1666 = DIRECTION ( 'NONE',  ( -0.4226182617406998854, 0.000000000000000000, -0.9063077870366497146 ) ) ;
#1667 = EDGE_CURVE ( 'NONE', #2028, #2646, #1380, .T. ) ;
#1668 = ORIENTED_EDGE ( 'NONE', *, *, #1582, .F. ) ;
#1669 = DIRECTION ( 'NONE',  ( 1.000000000000000000, -1.258448950206388160E-16, 0.000000000000000000 ) ) ;
#1670 = ADVANCED_FACE ( 'NONE', ( #5201 ), #1056, .T. ) ;
#1671 = LINE ( 'NONE', #4157, #4261 ) ;
#1672 = CARTESIAN_POINT ( 'NONE',  ( -4.000000000000000000, 0.3800000000000010592, 3.950000000000001954 ) ) ;
#1673 = VERTEX_POINT ( 'NONE', #4935 ) ;
#1674 = LINE ( 'NONE', #2196, #2041 ) ;
#1675 = FACE_OUTER_BOUND ( 'NONE', #4124, .T. ) ;
#1676 = DIRECTION ( 'NONE',  ( 0.4226182617406998854, 0.000000000000000000, -0.9063077870366497146 ) ) ;
#1677 = EDGE_CURVE ( 'NONE', #4759, #2378, #2997, .T. ) ;
#1678 = DIRECTION ( 'NONE',  ( -1.000000000000000000, 0.000000000000000000, 0.000000000000000000 ) ) ;
#1679 = ORIENTED_EDGE ( 'NONE', *, *, #1841, .T. ) ;
#1680 = CARTESIAN_POINT ( 'NONE',  ( 0.000000000000000000, 0.000000000000000000, 0.1499999999999995226 ) ) ;
#1681 = FACE_OUTER_BOUND ( 'NONE', #3152, .T. ) ;
#1682 = DIRECTION ( 'NONE',  ( -0.000000000000000000, 1.000000000000000000, 0.000000000000000000 ) ) ;
#1683 = DIRECTION ( 'NONE',  ( -0.4226182617406998854, 0.000000000000000000, -0.9063077870366497146 ) ) ;
#1684 = EDGE_LOOP ( 'NONE', ( #5519, #5209, #5508, #434 ) ) ;
#1685 = ORIENTED_EDGE ( 'NONE', *, *, #5319, .F. ) ;
#1686 = ORIENTED_EDGE ( 'NONE', *, *, #753, .F. ) ;
#1687 = ORIENTED_EDGE ( 'NONE', *, *, #5494, .F. ) ;
#1688 = DIRECTION ( 'NONE',  ( 0.000000000000000000, -1.000000000000000000, 0.000000000000000000 ) ) ;
#1689 = VERTEX_POINT ( 'NONE', #75 ) ;
#1690 = CARTESIAN_POINT ( 'NONE',  ( 3.549999999999999822, 2.299999999999999822, -0.9499999999999986233 ) ) ;
#1691 = CARTESIAN_POINT ( 'NONE',  ( 3.835000000000000853, 2.299999999999999822, -1.149999999999999911 ) ) ;
#1692 = ORIENTED_EDGE ( 'NONE', *, *, #2303, .F. ) ;
#1693 = CARTESIAN_POINT ( 'NONE',  ( -5.535000000000000142, 9.129072045307475847, 1.531341625576287724 ) ) ;
#1694 = EDGE_CURVE ( 'NONE', #4898, #3752, #579, .T. ) ;
#1695 = LINE ( 'NONE', #2650, #4737 ) ;
#1696 = CARTESIAN_POINT ( 'NONE',  ( -2.811523063261999411, 2.500000000000000444, -1.350000000000000533 ) ) ;
#1697 = CARTESIAN_POINT ( 'NONE',  ( 4.000000000000000000, 0.1799999999999996603, 3.750000000000001776 ) ) ;
#1698 = CARTESIAN_POINT ( 'NONE',  ( -6.500000000000003553, 0.1799999999999999933, 2.650000000000000355 ) ) ;
#1699 = VERTEX_POINT ( 'NONE', #4963 ) ;
#1700 = PRODUCT_DEFINITION_SHAPE ( 'NONE', 'NONE',  #4991 ) ;
#1701 = CARTESIAN_POINT ( 'NONE',  ( 5.535000000000000142, 2.049999999999999822, 1.531341625576287724 ) ) ;
#1702 = LINE ( 'NONE', #3638, #54 ) ;
#1703 = CARTESIAN_POINT ( 'NONE',  ( -5.793557284223592113E-17, -1.001341876578516738E-31, 0.6500000000000012434 ) ) ;
#1704 = EDGE_CURVE ( 'NONE', #3578, #1440, #1519, .T. ) ;
#1705 = DIRECTION ( 'NONE',  ( 0.000000000000000000, -1.000000000000000000, 0.000000000000000000 ) ) ;
#1706 = EDGE_CURVE ( 'NONE', #2628, #3533, #606, .T. ) ;
#1707 = ORIENTED_EDGE ( 'NONE', *, *, #286, .F. ) ;
#1708 = CARTESIAN_POINT ( 'NONE',  ( 3.549999999999999822, 0.000000000000000000, -0.9499999999999986233 ) ) ;
#1709 = ORIENTED_EDGE ( 'NONE', *, *, #1189, .T. ) ;
#1710 = LINE ( 'NONE', #4168, #2872 ) ;
#1711 = FACE_OUTER_BOUND ( 'NONE', #1895, .T. ) ;
#1712 = DIRECTION ( 'NONE',  ( 1.000000000000000000, -0.000000000000000000, 0.000000000000000000 ) ) ;
#1713 = CARTESIAN_POINT ( 'NONE',  ( -6.535000000000000142, 2.049999999999999822, 2.650000000000001688 ) ) ;
#1714 = PRODUCT_RELATED_PRODUCT_CATEGORY ( 'part', '', ( #3390 ) ) ;
#1715 = FACE_OUTER_BOUND ( 'NONE', #5640, .T. ) ;
#1716 = EDGE_CURVE ( 'NONE', #877, #4770, #1143, .T. ) ;
#1717 = ORIENTED_EDGE ( 'NONE', *, *, #3109, .T. ) ;
#1718 = ORIENTED_EDGE ( 'NONE', *, *, #1328, .F. ) ;
#1719 = VERTEX_POINT ( 'NONE', #2493 ) ;
#1720 = VECTOR ( 'NONE', #4933, 1000.000000000000000 ) ;
#1721 = CARTESIAN_POINT ( 'NONE',  ( -3.549999999999999822, 0.000000000000000000, 3.950000000000001954 ) ) ;
#1722 = AXIS2_PLACEMENT_3D ( 'NONE', #3576, #3076, #1178 ) ;
#1723 = EDGE_LOOP ( 'NONE', ( #4467, #4282, #2905, #1630 ) ) ;
#1724 = VECTOR ( 'NONE', #3301, 1000.000000000000000 ) ;
#1725 = VECTOR ( 'NONE', #780, 1000.000000000000000 ) ;
#1726 = DIRECTION ( 'NONE',  ( -1.000000000000000000, -0.000000000000000000, -0.000000000000000000 ) ) ;
#1727 = CARTESIAN_POINT ( 'NONE',  ( -5.763487806297455052, 2.250000000000000000, 1.656341625576287280 ) ) ;
#1728 = EDGE_LOOP ( 'NONE', ( #3478, #3808, #104, #4926, #5336 ) ) ;
#1729 = DIRECTION ( 'NONE',  ( 0.000000000000000000, 0.000000000000000000, -1.000000000000000000 ) ) ;
#1730 = FACE_OUTER_BOUND ( 'NONE', #5243, .T. ) ;
#1731 = CARTESIAN_POINT ( 'NONE',  ( -4.035000000000000142, 2.500000000000000000, 0.1499999999999995226 ) ) ;
#1732 = ADVANCED_FACE ( 'NONE', ( #2550 ), #4491, .T. ) ;
#1733 = DIRECTION ( 'NONE',  ( 0.000000000000000000, 0.000000000000000000, -1.000000000000000000 ) ) ;
#1734 = CARTESIAN_POINT ( 'NONE',  ( 5.935000000000000497, 2.299999999999999822, -0.9000000000000001332 ) ) ;
#1735 = ORIENTED_EDGE ( 'NONE', *, *, #5116, .F. ) ;
#1737 = MECHANICAL_DESIGN_GEOMETRIC_PRESENTATION_REPRESENTATION (  '', ( #3660 ), #5941 ) ;
#1736 = DIRECTION ( 'NONE',  ( 0.000000000000000000, 0.000000000000000000, 1.000000000000000000 ) ) ;
#1738 = LINE ( 'NONE', #5562, #2258 ) ;
#1739 = CARTESIAN_POINT ( 'NONE',  ( 3.549999999999999822, 2.299999999999999822, -0.9499999999999986233 ) ) ;
#1740 = VECTOR ( 'NONE', #2081, 1000.000000000000000 ) ;
#1741 = CARTESIAN_POINT ( 'NONE',  ( 3.549999999999999822, 0.8000000000000000444, 0.1499999999999995226 ) ) ;
#1742 = VERTEX_POINT ( 'NONE', #1493 ) ;
#1743 = PLANE ( 'NONE',  #4048 ) ;
#1744 = CARTESIAN_POINT ( 'NONE',  ( 5.760000000000000675, 2.050000000000003375, 1.656341625576287280 ) ) ;
#1745 = DIRECTION ( 'NONE',  ( 0.000000000000000000, 0.000000000000000000, 1.000000000000000000 ) ) ;
#1746 = AXIS2_PLACEMENT_3D ( 'NONE', #5204, #17, #2864 ) ;
#1747 = DIRECTION ( 'NONE',  ( -2.891205793294679312E-16, 0.000000000000000000, -1.000000000000000000 ) ) ;
#1748 = DIRECTION ( 'NONE',  ( 0.000000000000000000, 0.000000000000000000, -1.000000000000000000 ) ) ;
#1749 = DIRECTION ( 'NONE',  ( 5.965348954528222655E-17, -0.000000000000000000, 1.000000000000000000 ) ) ;
#1750 = ORIENTED_EDGE ( 'NONE', *, *, #1567, .T. ) ;
#1751 = VECTOR ( 'NONE', #1875, 1000.000000000000000 ) ;
#1752 = ORIENTED_EDGE ( 'NONE', *, *, #5116, .T. ) ;
#1753 = EDGE_LOOP ( 'NONE', ( #1461, #4567, #5980, #43 ) ) ;
#1754 = VECTOR ( 'NONE', #281, 1000.000000000000000 ) ;
#1755 = ORIENTED_EDGE ( 'NONE', *, *, #3534, .T. ) ;
#1756 = EDGE_CURVE ( 'NONE', #1001, #2188, #5794, .T. ) ;
#1757 = ADVANCED_FACE ( 'NONE', ( #100 ), #2097, .T. ) ;
#1758 = VECTOR ( 'NONE', #615, 1000.000000000000000 ) ;
#1759 = DIRECTION ( 'NONE',  ( 0.000000000000000000, 0.000000000000000000, 1.000000000000000000 ) ) ;
#1760 = FACE_OUTER_BOUND ( 'NONE', #1330, .T. ) ;
#1761 = CARTESIAN_POINT ( 'NONE',  ( 1.375000000000000000, 0.2000000000000000111, -0.9499999999999999556 ) ) ;
#1762 = LINE ( 'NONE', #809, #1977 ) ;
#1763 = VECTOR ( 'NONE', #3717, 1000.000000000000000 ) ;
#1764 = VECTOR ( 'NONE', #5521, 1000.000000000000000 ) ;
#1765 = VERTEX_POINT ( 'NONE', #1020 ) ;
#1766 = CARTESIAN_POINT ( 'NONE',  ( 4.035000000000000142, 2.500000000000000000, 0.9000000000000003553 ) ) ;
#1767 = ORIENTED_EDGE ( 'NONE', *, *, #5646, .T. ) ;
#1768 = CARTESIAN_POINT ( 'NONE',  ( 3.549999999999999822, 2.299999999999999822, -0.9499999999999986233 ) ) ;
#1769 = VECTOR ( 'NONE', #3975, 1000.000000000000114 ) ;
#1770 = CARTESIAN_POINT ( 'NONE',  ( -1.811523063261999633, 2.299999999999999822, -1.350000000000000533 ) ) ;
#1771 = FACE_OUTER_BOUND ( 'NONE', #1044, .T. ) ;
#1772 = DIRECTION ( 'NONE',  ( 1.387778780781445676E-17, 1.546539602612219305E-18, 1.000000000000000000 ) ) ;
#1773 = PLANE ( 'NONE',  #2141 ) ;
#1774 = DIRECTION ( 'NONE',  ( -0.7071067811865439090, -0.7071067811865512365, -4.717825897487282512E-16 ) ) ;
#1775 = CARTESIAN_POINT ( 'NONE',  ( -4.035000000000001030, 0.3999999999999993006, -1.149999999999999911 ) ) ;
#1776 = ORIENTED_EDGE ( 'NONE', *, *, #2805, .T. ) ;
#1777 = FACE_OUTER_BOUND ( 'NONE', #2954, .T. ) ;
#1778 = CARTESIAN_POINT ( 'NONE',  ( 0.000000000000000000, 2.250000000000000000, 1.856341625576288790 ) ) ;
#1779 = VECTOR ( 'NONE', #5466, 1000.000000000000000 ) ;
#1780 = EDGE_CURVE ( 'NONE', #2965, #5357, #3941, .T. ) ;
#1781 =( REPRESENTATION_RELATIONSHIP ('NONE','NONE', #1184, #5021 ) REPRESENTATION_RELATIONSHIP_WITH_TRANSFORMATION ( #4307 )SHAPE_REPRESENTATION_RELATIONSHIP( ) );
#1782 = FACE_OUTER_BOUND ( 'NONE', #1015, .T. ) ;
#1783 = VERTEX_POINT ( 'NONE', #3916 ) ;
#1784 = CARTESIAN_POINT ( 'NONE',  ( 6.060000000000001386, 2.250000000000000000, 1.856341625576288790 ) ) ;
#1785 = CARTESIAN_POINT ( 'NONE',  ( -3.835000000000000853, 0.2000000000000000111, -0.8999999999999998002 ) ) ;
#1786 = PLANE ( 'NONE',  #4390 ) ;
#1787 = CARTESIAN_POINT ( 'NONE',  ( 4.841979210579088454E-17, 0.2000000000000000111, -0.8999999999999991340 ) ) ;
#1788 = LINE ( 'NONE', #839, #658 ) ;
#1789 = LINE ( 'NONE', #776, #1763 ) ;
#1790 = EDGE_CURVE ( 'NONE', #6073, #6192, #4463, .T. ) ;
#1791 = ORIENTED_EDGE ( 'NONE', *, *, #1601, .T. ) ;
#1792 = VECTOR ( 'NONE', #1373, 1000.000000000000000 ) ;
#1793 = ORIENTED_EDGE ( 'NONE', *, *, #61, .T. ) ;
#1794 = ORIENTED_EDGE ( 'NONE', *, *, #1348, .T. ) ;
#1795 = ORIENTED_EDGE ( 'NONE', *, *, #2021, .T. ) ;
#1796 = EDGE_CURVE ( 'NONE', #176, #4082, #5345, .T. ) ;
#1797 = PLANE ( 'NONE',  #4738 ) ;
#1798 = CARTESIAN_POINT ( 'NONE',  ( -5.535000000000000142, 2.100000000000000089, -1.350000000000000089 ) ) ;
#1799 = EDGE_CURVE ( 'NONE', #1006, #4915, #5877, .T. ) ;
#1800 = EDGE_LOOP ( 'NONE', ( #2904, #5118, #2512 ) ) ;
#1801 = EDGE_CURVE ( 'NONE', #4539, #4790, #2073, .T. ) ;
#1802 = VERTEX_POINT ( 'NONE', #5401 ) ;
#1803 = DIRECTION ( 'NONE',  ( 0.7235891002180049325, -0.4880670107913953060, 0.4880670107913974709 ) ) ;
#1804 = ORIENTED_EDGE ( 'NONE', *, *, #4547, .T. ) ;
#1805 = FACE_OUTER_BOUND ( 'NONE', #4836, .T. ) ;
#1806 = UNCERTAINTY_MEASURE_WITH_UNIT (LENGTH_MEASURE( 1.000000000000000082E-05 ), #654, 'distance_accuracy_value', 'NONE');
#1807 = DIRECTION ( 'NONE',  ( -0.000000000000000000, -0.000000000000000000, -1.000000000000000000 ) ) ;
#1808 = EDGE_CURVE ( 'NONE', #2965, #534, #162, .T. ) ;
#1809 = CARTESIAN_POINT ( 'NONE',  ( 0.000000000000000000, 0.000000000000000000, 0.000000000000000000 ) ) ;
#1810 = CARTESIAN_POINT ( 'NONE',  ( -3.549999999999999822, 0.000000000000000000, -0.9499999999999986233 ) ) ;
#1811 = PLANE ( 'NONE',  #4051 ) ;
#1812 = ORIENTED_EDGE ( 'NONE', *, *, #1656, .F. ) ;
#1813 = CARTESIAN_POINT ( 'NONE',  ( -4.235000000000001208, 2.299999999999999822, 2.825597661831454611E-15 ) ) ;
#1814 = DIRECTION ( 'NONE',  ( 0.000000000000000000, 0.000000000000000000, 1.000000000000000000 ) ) ;
#1815 = VERTEX_POINT ( 'NONE', #6025 ) ;
#1816 = CARTESIAN_POINT ( 'NONE',  ( 1.375000000000000000, 0.5627714910575180030, -1.723744783245070078 ) ) ;
#1817 = EDGE_LOOP ( 'NONE', ( #724, #2466, #5989, #5644, #2282 ) ) ;
#1818 = CARTESIAN_POINT ( 'NONE',  ( 1.625000000000000000, 0.000000000000000000, -1.899999999999999911 ) ) ;
#1819 = FACE_OUTER_BOUND ( 'NONE', #4080, .T. ) ;
#1820 = DIRECTION ( 'NONE',  ( -0.000000000000000000, 0.000000000000000000, -1.000000000000000000 ) ) ;
#1821 = DIRECTION ( 'NONE',  ( 1.000000000000000000, 0.000000000000000000, -0.000000000000000000 ) ) ;
#1822 = ORIENTED_EDGE ( 'NONE', *, *, #2917, .T. ) ;
#1823 = ORIENTED_EDGE ( 'NONE', *, *, #4746, .F. ) ;
#1824 = ORIENTED_EDGE ( 'NONE', *, *, #5864, .F. ) ;
#1825 = EDGE_LOOP ( 'NONE', ( #4638, #5320, #6078, #5215 ) ) ;
#1826 = VERTEX_POINT ( 'NONE', #3633 ) ;
#1827 = EDGE_CURVE ( 'NONE', #6141, #2575, #2162, .T. ) ;
#1828 = VERTEX_POINT ( 'NONE', #5996 ) ;
#1829 = ORIENTED_EDGE ( 'NONE', *, *, #3649, .T. ) ;
#1830 = ORIENTED_EDGE ( 'NONE', *, *, #3984, .F. ) ;
#1831 = EDGE_CURVE ( 'NONE', #2928, #2095, #5515, .T. ) ;
#1832 = DIRECTION ( 'NONE',  ( 0.000000000000000000, -1.000000000000000000, -0.000000000000000000 ) ) ;
#1833 = CARTESIAN_POINT ( 'NONE',  ( 5.559999999999999609, 0.9500000000000002887, -1.150000000000000133 ) ) ;
#1834 = VECTOR ( 'NONE', #1676, 1000.000000000000227 ) ;
#1835 = CIRCLE ( 'NONE', #4526, 0.1952518841866464350 ) ;
#1836 = DIRECTION ( 'NONE',  ( 0.000000000000000000, 0.000000000000000000, 1.000000000000000000 ) ) ;
#1837 = CARTESIAN_POINT ( 'NONE',  ( 4.035000000000000142, 0.000000000000000000, -1.182842712474618807 ) ) ;
#1838 = LINE ( 'NONE', #4687, #1751 ) ;
#1839 = DIRECTION ( 'NONE',  ( 1.000000000000000000, 0.000000000000000000, 1.711898167082375759E-16 ) ) ;
#1840 = ORIENTED_EDGE ( 'NONE', *, *, #5702, .F. ) ;
#1841 = EDGE_CURVE ( 'NONE', #5821, #1673, #1695, .T. ) ;
#1842 = CARTESIAN_POINT ( 'NONE',  ( 7.449536022653737710, 5.514536022653724778, 0.1499999999999995226 ) ) ;
#1843 = CARTESIAN_POINT ( 'NONE',  ( 4.785000000000000142, 0.4500000000000007327, 1.531341625576287502 ) ) ;
#1844 = CYLINDRICAL_SURFACE ( 'NONE', #1188, 0.1999999999999996503 ) ;
#1845 = EDGE_CURVE ( 'NONE', #4007, #4367, #3748, .T. ) ;
#1846 = AXIS2_PLACEMENT_3D ( 'NONE', #2702, #1682, #2244 ) ;
#1847 = CARTESIAN_POINT ( 'NONE',  ( -0.8115230632619995221, 2.500000000000000444, -1.350000000000000533 ) ) ;
#1848 = DIRECTION ( 'NONE',  ( -1.000000000000000000, 0.000000000000000000, 0.000000000000000000 ) ) ;
#1849 = VERTEX_POINT ( 'NONE', #1731 ) ;
#1850 = DIRECTION ( 'NONE',  ( 1.000000000000000000, 0.000000000000000000, 0.000000000000000000 ) ) ;
#1851 = CARTESIAN_POINT ( 'NONE',  ( 1.375000000000000000, 0.3499999999999999778, -2.799999999999999822 ) ) ;
#1852 = FACE_OUTER_BOUND ( 'NONE', #4705, .T. ) ;
#1853 = DIRECTION ( 'NONE',  ( 0.000000000000000000, 0.000000000000000000, -1.000000000000000000 ) ) ;
#1854 = VECTOR ( 'NONE', #2127, 1000.000000000000000 ) ;
#1855 = ORIENTED_EDGE ( 'NONE', *, *, #3456, .T. ) ;
#1856 = VERTEX_POINT ( 'NONE', #221 ) ;
#1857 = ORIENTED_EDGE ( 'NONE', *, *, #4746, .T. ) ;
#1858 = VERTEX_POINT ( 'NONE', #719 ) ;
#1859 = VECTOR ( 'NONE', #3921, 1000.000000000000000 ) ;
#1860 = CARTESIAN_POINT ( 'NONE',  ( -2.188476936737999257, 2.500000000000000444, -1.350000000000000533 ) ) ;
#1861 = VECTOR ( 'NONE', #2887, 1000.000000000000000 ) ;
#1862 = ORIENTED_EDGE ( 'NONE', *, *, #4586, .T. ) ;
#1863 = CARTESIAN_POINT ( 'NONE',  ( 1.625000000000000000, 0.4128422322972565284, -1.719138551857209984 ) ) ;
#1864 = EDGE_LOOP ( 'NONE', ( #652, #2631, #5628, #5185 ) ) ;
#1865 = AXIS2_PLACEMENT_3D ( 'NONE', #158, #1141, #4490 ) ;
#1866 = EDGE_CURVE ( 'NONE', #1826, #2635, #5554, .T. ) ;
#1867 = VECTOR ( 'NONE', #2682, 1000.000000000000000 ) ;
#1868 = EDGE_CURVE ( 'NONE', #936, #402, #819, .T. ) ;
#1869 = LINE ( 'NONE', #2785, #4264 ) ;
#1870 = VECTOR ( 'NONE', #4927, 1000.000000000000000 ) ;
#1872 = DIRECTION ( 'NONE',  ( -2.282530889443167515E-16, 0.000000000000000000, -1.000000000000000000 ) ) ;
#1871 = CARTESIAN_POINT ( 'NONE',  ( 1.375000000000000000, 0.4128422322972565284, -1.719138551857209984 ) ) ;
#1873 = AXIS2_PLACEMENT_3D ( 'NONE', #2585, #2140, #3545 ) ;
#1874 = SURFACE_STYLE_FILL_AREA ( #3230 ) ;
#1875 = DIRECTION ( 'NONE',  ( -1.000000000000000000, -0.000000000000000000, 5.965348954528222655E-17 ) ) ;
#1876 = DIRECTION ( 'NONE',  ( 1.000000000000000000, 0.000000000000000000, 0.000000000000000000 ) ) ;
#1877 = VERTEX_POINT ( 'NONE', #788 ) ;
#1878 = AXIS2_PLACEMENT_3D ( 'NONE', #4745, #2357, #116 ) ;
#1879 = LINE ( 'NONE', #4787, #5952 ) ;
#1880 = LINE ( 'NONE', #3387, #5457 ) ;
#1881 = VECTOR ( 'NONE', #1748, 1000.000000000000000 ) ;
#1882 = ADVANCED_FACE ( 'NONE', ( #1771 ), #3702, .F. ) ;
#1883 = ADVANCED_FACE ( 'NONE', ( #2225 ), #6063, .T. ) ;
#1884 = EDGE_CURVE ( 'NONE', #3931, #2158, #1635, .T. ) ;
#1885 = LINE ( 'NONE', #5758, #2495 ) ;
#1886 = ORIENTED_EDGE ( 'NONE', *, *, #4779, .F. ) ;
#1887 = CARTESIAN_POINT ( 'NONE',  ( 5.559999999999999609, 2.049999999999999822, -1.149999999999999911 ) ) ;
#1888 = CARTESIAN_POINT ( 'NONE',  ( -5.935000000000000497, 2.500000000000000000, 0.8999999999999999112 ) ) ;
#1889 = CARTESIAN_POINT ( 'NONE',  ( 4.035000000000001030, 0.3999999999999993006, -1.149999999999999911 ) ) ;
#1890 = EDGE_CURVE ( 'NONE', #4870, #1572, #2613, .T. ) ;
#1891 = ORIENTED_EDGE ( 'NONE', *, *, #3610, .F. ) ;
#1892 = ORIENTED_EDGE ( 'NONE', *, *, #1486, .T. ) ;
#1893 = ORIENTED_EDGE ( 'NONE', *, *, #392, .T. ) ;
#1894 = VECTOR ( 'NONE', #4199, 1000.000000000000000 ) ;
#1895 = EDGE_LOOP ( 'NONE', ( #6077, #307, #5450, #1365 ) ) ;
#1896 = FACE_OUTER_BOUND ( 'NONE', #1035, .T. ) ;
#1897 = CARTESIAN_POINT ( 'NONE',  ( 0.000000000000000000, 9.129072045307475847, -1.350000000000000089 ) ) ;
#1898 = CARTESIAN_POINT ( 'NONE',  ( -4.785000000000000142, 9.129072045307475847, 2.400000000000000355 ) ) ;
#1899 = VERTEX_POINT ( 'NONE', #3602 ) ;
#1900 = LINE ( 'NONE', #32, #5656 ) ;
#1902 = PLANE ( 'NONE',  #4624 ) ;
#1901 = CARTESIAN_POINT ( 'NONE',  ( 3.549999999999999822, 0.3999999999999998557, 3.950000000000001954 ) ) ;
#1903 = LINE ( 'NONE', #36, #1861 ) ;
#1904 = CARTESIAN_POINT ( 'NONE',  ( 0.000000000000000000, 2.279999999999998472, 3.950000000000001954 ) ) ;
#1905 = ORIENTED_EDGE ( 'NONE', *, *, #2333, .F. ) ;
#1906 = CARTESIAN_POINT ( 'NONE',  ( 4.535000000000000142, 2.299999999999999822, 2.649999999999999911 ) ) ;
#1907 = CARTESIAN_POINT ( 'NONE',  ( -4.234999999999999432, 2.100000000000000089, -1.350000000000000089 ) ) ;
#1908 = ORIENTED_EDGE ( 'NONE', *, *, #2254, .F. ) ;
#1909 = CARTESIAN_POINT ( 'NONE',  ( 4.535000000000000142, 0.4500000000000007327, 2.650000000000000355 ) ) ;
#1910 = FILL_AREA_STYLE_COLOUR ( '', #3013 ) ;
#1911 = ORIENTED_EDGE ( 'NONE', *, *, #5242, .T. ) ;
#1912 = CARTESIAN_POINT ( 'NONE',  ( 5.760000000000000675, 0.7500000000000024425, -0.9500000000000003997 ) ) ;
#1913 = CARTESIAN_POINT ( 'NONE',  ( 4.234999999999999432, 9.129072045307475847, -1.349999999999998979 ) ) ;
#1914 = EDGE_CURVE ( 'NONE', #4603, #5850, #5486, .T. ) ;
#1915 = LINE ( 'NONE', #3363, #4319 ) ;
#1916 = ORIENTED_EDGE ( 'NONE', *, *, #3046, .T. ) ;
#1917 = EDGE_LOOP ( 'NONE', ( #2456, #3133, #1181, #2315 ) ) ;
#1918 = ORIENTED_EDGE ( 'NONE', *, *, #4323, .T. ) ;
#1919 = ORIENTED_EDGE ( 'NONE', *, *, #5468, .T. ) ;
#1920 = CARTESIAN_POINT ( 'NONE',  ( -0.8115230632619995221, 0.2000000000000005107, -1.350000000000000533 ) ) ;
#1921 = CARTESIAN_POINT ( 'NONE',  ( 5.290438589180983975, 0.7690757258307052702, 1.337265899745581965 ) ) ;
#1922 = AXIS2_PLACEMENT_3D ( 'NONE', #251, #3726, #787 ) ;
#1923 = ADVANCED_FACE ( 'NONE', ( #4557 ), #4809, .T. ) ;
#1924 = DIRECTION ( 'NONE',  ( -0.000000000000000000, -1.000000000000000000, -1.971276677246372752E-16 ) ) ;
#1925 = ORIENTED_EDGE ( 'NONE', *, *, #1328, .T. ) ;
#1926 = ORIENTED_EDGE ( 'NONE', *, *, #5361, .F. ) ;
#1927 = DIRECTION ( 'NONE',  ( -0.000000000000000000, -1.000000000000000000, -0.000000000000000000 ) ) ;
#1928 = PLANE ( 'NONE',  #5156 ) ;
#1929 = VECTOR ( 'NONE', #4040, 1000.000000000000000 ) ;
#1930 = DIRECTION ( 'NONE',  ( 6.672013369141568175E-16, 0.000000000000000000, -1.000000000000000000 ) ) ;
#1931 = ORIENTED_EDGE ( 'NONE', *, *, #6080, .T. ) ;
#1932 = CARTESIAN_POINT ( 'NONE',  ( 2.637248527667444777E-16, 1.500000000000000666, 3.950000000000001954 ) ) ;
#1933 = DIRECTION ( 'NONE',  ( 0.000000000000000000, 0.000000000000000000, 1.000000000000000000 ) ) ;
#1934 = CARTESIAN_POINT ( 'NONE',  ( -3.927205953146758244, 1.300000000000000044, 3.750000000000000000 ) ) ;
#1935 = ORIENTED_EDGE ( 'NONE', *, *, #454, .F. ) ;
#1936 = EDGE_CURVE ( 'NONE', #824, #1802, #3101, .T. ) ;
#1937 = LINE ( 'NONE', #13, #426 ) ;
#1938 = CARTESIAN_POINT ( 'NONE',  ( 3.835000000000000409, 2.299999999999999822, 0.1499999999999995226 ) ) ;
#1939 = VERTEX_POINT ( 'NONE', #4985 ) ;
#1940 = CARTESIAN_POINT ( 'NONE',  ( 5.535000000000000142, 9.129072045307475847, -1.350000000000000089 ) ) ;
#1941 = VECTOR ( 'NONE', #1543, 1000.000000000000000 ) ;
#1942 = LINE ( 'NONE', #5762, #1372 ) ;
#1943 = CARTESIAN_POINT ( 'NONE',  ( -1.811523063261999633, 0.2000000000000005107, -1.350000000000000533 ) ) ;
#1944 = VERTEX_POINT ( 'NONE', #84 ) ;
#1945 = ORIENTED_EDGE ( 'NONE', *, *, #197, .T. ) ;
#1946 = FACE_OUTER_BOUND ( 'NONE', #5865, .T. ) ;
#1947 = CARTESIAN_POINT ( 'NONE',  ( 0.000000000000000000, 0.3999999999999998557, 3.950000000000001954 ) ) ;
#1948 = VERTEX_POINT ( 'NONE', #496 ) ;
#1949 = EDGE_CURVE ( 'NONE', #2515, #2799, #2406, .T. ) ;
#1950 = AXIS2_PLACEMENT_3D ( 'NONE', #5596, #5163, #290 ) ;
#1951 = EDGE_CURVE ( 'NONE', #3169, #2115, #2588, .T. ) ;
#1952 = ORIENTED_EDGE ( 'NONE', *, *, #3910, .T. ) ;
#1953 = EDGE_CURVE ( 'NONE', #1783, #5605, #5224, .T. ) ;
#1954 = VECTOR ( 'NONE', #2164, 1000.000000000000000 ) ;
#1955 = FACE_OUTER_BOUND ( 'NONE', #3138, .T. ) ;
#1956 = AXIS2_PLACEMENT_3D ( 'NONE', #3673, #2721, #2229 ) ;
#1957 = CARTESIAN_POINT ( 'NONE',  ( 4.035000000000000142, 0.2000000000000000111, 0.9000000000000003553 ) ) ;
#1958 = ORIENTED_EDGE ( 'NONE', *, *, #5460, .T. ) ;
#1959 = VECTOR ( 'NONE', #3462, 1000.000000000000227 ) ;
#1960 = FACE_OUTER_BOUND ( 'NONE', #3625, .T. ) ;
#1961 = DIRECTION ( 'NONE',  ( -1.000000000000000000, 0.000000000000000000, -0.000000000000000000 ) ) ;
#1962 = VERTEX_POINT ( 'NONE', #3267 ) ;
#1963 = LINE ( 'NONE', #1842, #1644 ) ;
#1964 = CARTESIAN_POINT ( 'NONE',  ( -3.835000000000000409, 0.2000000000000000944, -1.182842712474618807 ) ) ;
#1965 = AXIS2_PLACEMENT_3D ( 'NONE', #2433, #4797, #1443 ) ;
#1966 = ORIENTED_EDGE ( 'NONE', *, *, #4668, .T. ) ;
#1967 = CARTESIAN_POINT ( 'NONE',  ( 6.426666666666667638, 0.2533333333333337989, 3.823333333333335471 ) ) ;
#1968 = CARTESIAN_POINT ( 'NONE',  ( -4.035000000000000142, 2.299999999999999822, -0.8999999999999998002 ) ) ;
#1969 = DIRECTION ( 'NONE',  ( 6.672013369141568175E-16, 0.000000000000000000, -1.000000000000000000 ) ) ;
#1970 = VECTOR ( 'NONE', #4723, 1000.000000000000000 ) ;
#1971 = LINE ( 'NONE', #4793, #4401 ) ;
#1972 = EDGE_LOOP ( 'NONE', ( #3991, #1532, #4194, #2335, #3006 ) ) ;
#1973 = CARTESIAN_POINT ( 'NONE',  ( 0.4295360226537390247, 4.864536022653691560, 0.1499999999999995226 ) ) ;
#1974 = FACE_OUTER_BOUND ( 'NONE', #2337, .T. ) ;
#1975 = EDGE_CURVE ( 'NONE', #1515, #2380, #2796, .T. ) ;
#1976 = DIRECTION ( 'NONE',  ( -1.000000000000000000, 0.000000000000000000, 1.328990167950278744E-16 ) ) ;
#1977 = VECTOR ( 'NONE', #4641, 1000.000000000000000 ) ;
#1978 = ORIENTED_EDGE ( 'NONE', *, *, #3630, .F. ) ;
#1979 = VERTEX_POINT ( 'NONE', #4694 ) ;
#1980 = CARTESIAN_POINT ( 'NONE',  ( -6.500000000000001776, 2.479999999999999982, 3.750000000000001776 ) ) ;
#1981 = CARTESIAN_POINT ( 'NONE',  ( 1.625000000000000000, 0.3499999999999999778, -2.027389581993169987 ) ) ;
#1982 = EDGE_CURVE ( 'NONE', #4305, #5150, #393, .T. ) ;
#1983 = EDGE_CURVE ( 'NONE', #3578, #1261, #99, .T. ) ;
#1984 = ORIENTED_EDGE ( 'NONE', *, *, #3458, .F. ) ;
#1985 = DIRECTION ( 'NONE',  ( -0.4226182617406998854, 0.000000000000000000, 0.9063077870366497146 ) ) ;
#1986 = EDGE_CURVE ( 'NONE', #3016, #1962, #2519, .T. ) ;
#1987 = ADVANCED_FACE ( 'NONE', ( #5314 ), #1068, .F. ) ;
#1988 = VECTOR ( 'NONE', #9, 1000.000000000000000 ) ;
#1989 = PLANE ( 'NONE',  #2875 ) ;
#1990 = LINE ( 'NONE', #3042, #6062 ) ;
#1991 = VERTEX_POINT ( 'NONE', #5432 ) ;
#1992 = CARTESIAN_POINT ( 'NONE',  ( -5.535000000000000142, 2.049999999999999822, -1.350000000000000089 ) ) ;
#1993 = DIRECTION ( 'NONE',  ( -0.000000000000000000, -0.7071067811865490160, -0.7071067811865460184 ) ) ;
#1994 = ADVANCED_FACE ( 'NONE', ( #3490 ), #2472, .T. ) ;
#1995 = CARTESIAN_POINT ( 'NONE',  ( -3.549999999999999822, 0.000000000000000000, -0.9499999999999986233 ) ) ;
#1996 = LINE ( 'NONE', #1438, #620 ) ;
#1997 = VERTEX_POINT ( 'NONE', #585 ) ;
#1998 = DIRECTION ( 'NONE',  ( 0.000000000000000000, 0.000000000000000000, 1.000000000000000000 ) ) ;
#1999 = PLANE ( 'NONE',  #5772 ) ;
#2000 = LINE ( 'NONE', #5886, #2418 ) ;
#2001 = ORIENTED_EDGE ( 'NONE', *, *, #3192, .F. ) ;
#2002 = ORIENTED_EDGE ( 'NONE', *, *, #3532, .T. ) ;
#2003 = CARTESIAN_POINT ( 'NONE',  ( 0.6250000000000005551, 0.2000000000000000944, -0.9499999999999992895 ) ) ;
#2004 = FACE_OUTER_BOUND ( 'NONE', #4422, .T. ) ;
#2005 = DIRECTION ( 'NONE',  ( 0.000000000000000000, 9.130123557772668088E-16, 1.000000000000000000 ) ) ;
#2006 = ADVANCED_FACE ( 'NONE', ( #2621 ), #260, .T. ) ;
#2007 = ORIENTED_EDGE ( 'NONE', *, *, #874, .F. ) ;
#2008 = CARTESIAN_POINT ( 'NONE',  ( 6.500000000000001776, 0.1799999999999999933, 3.750000000000001776 ) ) ;
#2009 = CARTESIAN_POINT ( 'NONE',  ( 4.035000000000000142, 0.2000000000000000111, -0.8999999999999998002 ) ) ;
#2010 = AXIS2_PLACEMENT_3D ( 'NONE', #6157, #507, #5691 ) ;
#2011 = LINE ( 'NONE', #3038, #4239 ) ;
#2012 = VERTEX_POINT ( 'NONE', #1216 ) ;
#2013 = DIRECTION ( 'NONE',  ( 1.000000000000000000, 0.000000000000000000, 0.000000000000000000 ) ) ;
#2014 = FACE_OUTER_BOUND ( 'NONE', #3193, .T. ) ;
#2015 = ORIENTED_EDGE ( 'NONE', *, *, #3833, .F. ) ;
#2016 = LINE ( 'NONE', #4460, #2985 ) ;
#2017 = DIRECTION ( 'NONE',  ( 0.000000000000000000, 0.000000000000000000, -1.000000000000000000 ) ) ;
#2018 = AXIS2_PLACEMENT_3D ( 'NONE', #1531, #4069, #3297 ) ;
#2019 = FACE_OUTER_BOUND ( 'NONE', #6045, .T. ) ;
#2020 = EDGE_CURVE ( 'NONE', #94, #1070, #5036, .T. ) ;
#2021 = EDGE_CURVE ( 'NONE', #1019, #4776, #3238, .T. ) ;
#2022 = FILL_AREA_STYLE ('',( #1583 ) ) ;
#2023 = EDGE_LOOP ( 'NONE', ( #5829, #239, #5880, #5419 ) ) ;
#2024 = EDGE_CURVE ( 'NONE', #5207, #1802, #769, .T. ) ;
#2025 = CARTESIAN_POINT ( 'NONE',  ( -3.699999999999999734, 0.1799999999999996325, -4.244925670375280014 ) ) ;
#2026 = CARTESIAN_POINT ( 'NONE',  ( 0.000000000000000000, 1.299999999999999378, 3.750000000000000000 ) ) ;
#2027 = VECTOR ( 'NONE', #3108, 1000.000000000000000 ) ;
#2028 = VERTEX_POINT ( 'NONE', #1739 ) ;
#2029 = DIRECTION ( 'NONE',  ( 0.000000000000000000, -0.000000000000000000, -1.000000000000000000 ) ) ;
#2030 = CARTESIAN_POINT ( 'NONE',  ( 4.035000000000000142, 0.000000000000000000, 0.1499999999999995226 ) ) ;
#2031 = DIRECTION ( 'NONE',  ( 0.000000000000000000, -1.000000000000000000, 0.000000000000000000 ) ) ;
#2032 =( GEOMETRIC_REPRESENTATION_CONTEXT ( 3 ) GLOBAL_UNCERTAINTY_ASSIGNED_CONTEXT ( ( #1806 ) ) GLOBAL_UNIT_ASSIGNED_CONTEXT ( ( #654, #3527, #178 ) ) REPRESENTATION_CONTEXT ( 'NONE', 'WORKASPACE' ) );
#2033 = ORIENTED_EDGE ( 'NONE', *, *, #5177, .T. ) ;
#2034 = ORIENTED_EDGE ( 'NONE', *, *, #3630, .T. ) ;
#2035 = DIRECTION ( 'NONE',  ( 0.000000000000000000, -0.5000000000000015543, 0.8660254037844378194 ) ) ;
#2036 = AXIS2_PLACEMENT_3D ( 'NONE', #2186, #1393, #755 ) ;
#2037 = VERTEX_POINT ( 'NONE', #4625 ) ;
#2038 = LINE ( 'NONE', #3413, #3675 ) ;
#2039 = CARTESIAN_POINT ( 'NONE',  ( 4.785000000000000142, 0.2000000000000000111, 1.531341625576287502 ) ) ;
#2040 = ORIENTED_EDGE ( 'NONE', *, *, #3123, .F. ) ;
#2041 = VECTOR ( 'NONE', #1312, 1000.000000000000000 ) ;
#2042 = LINE ( 'NONE', #1605, #3375 ) ;
#2043 = VECTOR ( 'NONE', #5719, 1000.000000000000227 ) ;
#2044 = DIRECTION ( 'NONE',  ( 0.000000000000000000, -1.000000000000000000, 0.000000000000000000 ) ) ;
#2045 = VECTOR ( 'NONE', #3021, 1000.000000000000000 ) ;
#2046 = DIRECTION ( 'NONE',  ( -0.000000000000000000, -0.7071067811865490160, -0.7071067811865460184 ) ) ;
#2047 = ADVANCED_FACE ( 'NONE', ( #323, #2233, #3836, #4834, #3957, #529 ), #5296, .T. ) ;
#2048 = FACE_OUTER_BOUND ( 'NONE', #1825, .T. ) ;
#2049 = ORIENTED_EDGE ( 'NONE', *, *, #5016, .F. ) ;
#2050 = VECTOR ( 'NONE', #5339, 1000.000000000000000 ) ;
#2051 = DIRECTION ( 'NONE',  ( -1.000000000000000000, 0.000000000000000000, 0.000000000000000000 ) ) ;
#2052 = CARTESIAN_POINT ( 'NONE',  ( 1.546552252658926969E-16, 1.800000000000000044, 0.1499999999999995226 ) ) ;
#2053 = DIRECTION ( 'NONE',  ( 0.000000000000000000, -0.000000000000000000, -1.000000000000000000 ) ) ;
#2054 = EDGE_CURVE ( 'NONE', #11, #4739, #2434, .T. ) ;
#2055 = EDGE_CURVE ( 'NONE', #517, #2776, #5231, .T. ) ;
#2056 = AXIS2_PLACEMENT_3D ( 'NONE', #6032, #1286, #3208 ) ;
#2057 = ORIENTED_EDGE ( 'NONE', *, *, #5326, .T. ) ;
#2058 = DIRECTION ( 'NONE',  ( 0.000000000000000000, -1.000000000000000000, -0.000000000000000000 ) ) ;
#2059 = LINE ( 'NONE', #5388, #1465 ) ;
#2060 = AXIS2_PLACEMENT_3D ( 'NONE', #3483, #4435, #3022 ) ;
#2061 = CARTESIAN_POINT ( 'NONE',  ( 1.625000000000000000, 0.2000000000000000111, -0.9499999999999999556 ) ) ;
#2062 = EDGE_CURVE ( 'NONE', #3896, #2982, #999, .T. ) ;
#2063 = ORIENTED_EDGE ( 'NONE', *, *, #381, .F. ) ;
#2064 = VERTEX_POINT ( 'NONE', #4356 ) ;
#2065 = LINE ( 'NONE', #3471, #6138 ) ;
#2066 = DIRECTION ( 'NONE',  ( 0.4226182617406998854, 0.000000000000000000, -0.9063077870366497146 ) ) ;
#2067 = ORIENTED_EDGE ( 'NONE', *, *, #3906, .F. ) ;
#2068 = VECTOR ( 'NONE', #1522, 1000.000000000000000 ) ;
#2069 = DIRECTION ( 'NONE',  ( 0.000000000000000000, -0.7071067811865491270, 0.7071067811865460184 ) ) ;
#2070 = ORIENTED_EDGE ( 'NONE', *, *, #5135, .F. ) ;
#2071 = LINE ( 'NONE', #3479, #2045 ) ;
#2072 = CARTESIAN_POINT ( 'NONE',  ( -4.535000000000000142, 0.4500000000000000111, 2.650000000000001688 ) ) ;
#2073 = LINE ( 'NONE', #3540, #1336 ) ;
#2074 = LINE ( 'NONE', #1696, #526 ) ;
#2075 = DIRECTION ( 'NONE',  ( 0.4226182617406998854, 0.000000000000000000, 0.9063077870366497146 ) ) ;
#2076 = ORIENTED_EDGE ( 'NONE', *, *, #3806, .T. ) ;
#2077 = PLANE ( 'NONE',  #3962 ) ;
#2078 = DIRECTION ( 'NONE',  ( 1.000000000000000000, 0.000000000000000000, 0.000000000000000000 ) ) ;
#2079 = CARTESIAN_POINT ( 'NONE',  ( 5.760000000000000675, 0.4500000000000000111, -0.6499999999999951372 ) ) ;
#2080 = EDGE_CURVE ( 'NONE', #4250, #3222, #5323, .T. ) ;
#2081 = DIRECTION ( 'NONE',  ( 0.000000000000000000, 0.7071067811865462405, -0.7071067811865489050 ) ) ;
#2082 = LINE ( 'NONE', #696, #650 ) ;
#2083 =( REPRESENTATION_RELATIONSHIP ('NONE','NONE', #1184, #5021 ) REPRESENTATION_RELATIONSHIP_WITH_TRANSFORMATION ( #444 )SHAPE_REPRESENTATION_RELATIONSHIP( ) );
#2084 = DIRECTION ( 'NONE',  ( -0.000000000000000000, -1.000000000000000000, -0.000000000000000000 ) ) ;
#2085 = EDGE_LOOP ( 'NONE', ( #140, #4830, #1061, #2311 ) ) ;
#2086 = ORIENTED_EDGE ( 'NONE', *, *, #530, .F. ) ;
#2087 = ORIENTED_EDGE ( 'NONE', *, *, #4140, .F. ) ;
#2088 = EDGE_CURVE ( 'NONE', #2879, #5253, #2500, .T. ) ;
#2089 = ADVANCED_FACE ( 'NONE', ( #207 ), #1268, .F. ) ;
#2090 = DIRECTION ( 'NONE',  ( -0.000000000000000000, -0.000000000000000000, 1.000000000000000000 ) ) ;
#2091 = ORIENTED_EDGE ( 'NONE', *, *, #3754, .T. ) ;
#2092 = VERTEX_POINT ( 'NONE', #275 ) ;
#2093 = DIRECTION ( 'NONE',  ( 0.000000000000000000, 0.000000000000000000, 1.000000000000000000 ) ) ;
#2094 = DIRECTION ( 'NONE',  ( -1.000000000000000000, 0.000000000000000000, -1.221636250687892480E-16 ) ) ;
#2095 = VERTEX_POINT ( 'NONE', #2602 ) ;
#2096 = CARTESIAN_POINT ( 'NONE',  ( 3.635000000000000231, 0.2000000000000000111, -0.9499999999999986233 ) ) ;
#2097 = PLANE ( 'NONE',  #1125 ) ;
#2098 =( NAMED_UNIT ( * ) SI_UNIT ( $, .STERADIAN. ) SOLID_ANGLE_UNIT ( ) );
#2099 = LINE ( 'NONE', #103, #2658 ) ;
#2100 = ORIENTED_EDGE ( 'NONE', *, *, #3769, .F. ) ;
#2101 = DIRECTION ( 'NONE',  ( 0.000000000000000000, 1.000000000000000000, 0.000000000000000000 ) ) ;
#2102 = CARTESIAN_POINT ( 'NONE',  ( -5.763487806297455052, 2.250000000000000000, 1.656341625576287280 ) ) ;
#2103 = CARTESIAN_POINT ( 'NONE',  ( 5.763487806297455052, 2.250000000000000000, 1.656341625576287280 ) ) ;
#2104 = AXIS2_PLACEMENT_3D ( 'NONE', #4076, #1569, #5983 ) ;
#2105 = ADVANCED_FACE ( 'NONE', ( #3189 ), #1595, .F. ) ;
#2106 = ORIENTED_EDGE ( 'NONE', *, *, #2021, .F. ) ;
#2107 = EDGE_LOOP ( 'NONE', ( #3216, #5759, #1451, #5237, #4674 ) ) ;
#2108 = ORIENTED_EDGE ( 'NONE', *, *, #6154, .F. ) ;
#2109 = CARTESIAN_POINT ( 'NONE',  ( -1.792287627232066693, 2.299999999999999822, 0.8357574461947653299 ) ) ;
#2110 = DIRECTION ( 'NONE',  ( -1.000000000000000000, 0.000000000000000000, -1.711898167082376006E-16 ) ) ;
#2111 = AXIS2_PLACEMENT_3D ( 'NONE', #53, #1976, #5801 ) ;
#2112 = AXIS2_PLACEMENT_3D ( 'NONE', #2715, #5590, #4616 ) ;
#2113 = DIRECTION ( 'NONE',  ( 0.000000000000000000, 0.000000000000000000, 1.000000000000000000 ) ) ;
#2114 = DIRECTION ( 'NONE',  ( 1.328990167950278744E-16, -0.000000000000000000, 1.000000000000000000 ) ) ;
#2115 = VERTEX_POINT ( 'NONE', #1167 ) ;
#2116 = VERTEX_POINT ( 'NONE', #5055 ) ;
#2117 = STYLED_ITEM ( 'NONE', ( #4617 ), #2359 ) ;
#2118 = EDGE_LOOP ( 'NONE', ( #5020, #4159, #3339, #2179, #4499, #4575, #4176, #4506 ) ) ;
#2119 = CARTESIAN_POINT ( 'NONE',  ( -10.05810562561766375, 0.4500000000000000111, -0.6499999999999951372 ) ) ;
#2120 = AXIS2_PLACEMENT_3D ( 'NONE', #3473, #1598, #1625 ) ;
#2121 = LINE ( 'NONE', #1575, #2629 ) ;
#2122 = EDGE_CURVE ( 'NONE', #5807, #517, #3209, .T. ) ;
#2123 = EDGE_CURVE ( 'NONE', #4996, #2836, #3128, .T. ) ;
#2124 = EDGE_CURVE ( 'NONE', #2928, #792, #1200, .T. ) ;
#2125 = EDGE_LOOP ( 'NONE', ( #5440, #1262, #469, #4878 ) ) ;
#2126 = EDGE_CURVE ( 'NONE', #1742, #1944, #2181, .T. ) ;
#2127 = DIRECTION ( 'NONE',  ( 0.000000000000000000, 1.000000000000000000, 0.000000000000000000 ) ) ;
#2128 = FACE_OUTER_BOUND ( 'NONE', #3719, .T. ) ;
#2129 = ORIENTED_EDGE ( 'NONE', *, *, #86, .F. ) ;
#2130 = DIRECTION ( 'NONE',  ( 0.000000000000000000, 0.000000000000000000, -1.000000000000000000 ) ) ;
#2131 = VECTOR ( 'NONE', #2746, 1000.000000000000000 ) ;
#2132 = AXIS2_PLACEMENT_3D ( 'NONE', #4885, #3976, #1180 ) ;
#2133 = EDGE_CURVE ( 'NONE', #404, #6084, #789, .T. ) ;
#2134 = CARTESIAN_POINT ( 'NONE',  ( 0.000000000000000000, 0.000000000000000000, -0.9499999999999986233 ) ) ;
#2135 = AXIS2_PLACEMENT_3D ( 'NONE', #3241, #4570, #2275 ) ;
#2136 = DIRECTION ( 'NONE',  ( 0.000000000000000000, 0.000000000000000000, -1.000000000000000000 ) ) ;
#2137 = LINE ( 'NONE', #317, #1427 ) ;
#2138 = ORIENTED_EDGE ( 'NONE', *, *, #830, .F. ) ;
#2139 = DIRECTION ( 'NONE',  ( 1.000000000000000000, -3.872150616019656862E-16, 0.000000000000000000 ) ) ;
#2140 = DIRECTION ( 'NONE',  ( 0.9063077870366498257, 0.000000000000000000, -0.4226182617406999409 ) ) ;
#2141 = AXIS2_PLACEMENT_3D ( 'NONE', #3817, #6156, #5715 ) ;
#2142 = VECTOR ( 'NONE', #1074, 1000.000000000000227 ) ;
#2143 = ORIENTED_EDGE ( 'NONE', *, *, #5009, .T. ) ;
#2144 = DIRECTION ( 'NONE',  ( 0.4226182617406998854, 0.000000000000000000, 0.9063077870366497146 ) ) ;
#2145 = AXIS2_PLACEMENT_3D ( 'NONE', #5904, #128, #631 ) ;
#2146 = CARTESIAN_POINT ( 'NONE',  ( 4.035000000000000142, 0.2000000000000000111, 0.1499999999999995226 ) ) ;
#2147 = CARTESIAN_POINT ( 'NONE',  ( 4.535000000000000142, 0.4500000000000000111, 2.650000000000001688 ) ) ;
#2148 = DIRECTION ( 'NONE',  ( 1.000000000000000000, 0.000000000000000000, -0.000000000000000000 ) ) ;
#2149 = VECTOR ( 'NONE', #3027, 1000.000000000000000 ) ;
#2150 = VERTEX_POINT ( 'NONE', #4652 ) ;
#2151 = ORIENTED_EDGE ( 'NONE', *, *, #1388, .F. ) ;
#2152 = EDGE_LOOP ( 'NONE', ( #5703, #5868, #4680, #5558 ) ) ;
#2153 = EDGE_CURVE ( 'NONE', #1297, #2979, #5100, .T. ) ;
#2154 = CARTESIAN_POINT ( 'NONE',  ( 2.375000000000000888, 2.500000000000000444, -0.9499999999999992895 ) ) ;
#2155 = ORIENTED_EDGE ( 'NONE', *, *, #273, .T. ) ;
#2156 = CARTESIAN_POINT ( 'NONE',  ( -5.535000000000000142, 2.299999999999999822, 1.531341625576287280 ) ) ;
#2157 = DIRECTION ( 'NONE',  ( -0.000000000000000000, -0.000000000000000000, 1.000000000000000000 ) ) ;
#2158 = VERTEX_POINT ( 'NONE', #3758 ) ;
#2159 = ADVANCED_FACE ( 'NONE', ( #313 ), #1282, .T. ) ;
#2160 = CARTESIAN_POINT ( 'NONE',  ( 3.635000000000000231, 0.2000000000000000111, -0.9499999999999986233 ) ) ;
#2161 = EDGE_CURVE ( 'NONE', #904, #5708, #1308, .T. ) ;
#2162 = LINE ( 'NONE', #685, #2738 ) ;
#2163 = DIRECTION ( 'NONE',  ( 0.000000000000000000, 0.000000000000000000, 1.000000000000000000 ) ) ;
#2164 = DIRECTION ( 'NONE',  ( 0.000000000000000000, -1.000000000000000000, 0.000000000000000000 ) ) ;
#2165 = DIRECTION ( 'NONE',  ( -1.000000000000000000, 1.258448950206388160E-16, -1.912594791595156631E-16 ) ) ;
#2166 = ORIENTED_EDGE ( 'NONE', *, *, #4454, .T. ) ;
#2167 = DIRECTION ( 'NONE',  ( -1.000000000000000000, 1.258448950206388160E-16, 0.000000000000000000 ) ) ;
#2168 = EDGE_CURVE ( 'NONE', #2928, #815, #859, .T. ) ;
#2169 = LINE ( 'NONE', #483, #863 ) ;
#2170 = EDGE_CURVE ( 'NONE', #3271, #3399, #3668, .T. ) ;
#2171 = ORIENTED_EDGE ( 'NONE', *, *, #947, .F. ) ;
#2172 = CARTESIAN_POINT ( 'NONE',  ( 5.935000000000000497, 0.2000000000000000111, 0.8999999999999999112 ) ) ;
#2173 = ORIENTED_EDGE ( 'NONE', *, *, #2850, .F. ) ;
#2174 = CARTESIAN_POINT ( 'NONE',  ( -5.760000000000000675, 0.4500000000000000111, -0.6499999999999951372 ) ) ;
#2175 = CARTESIAN_POINT ( 'NONE',  ( 6.500000000000001776, 0.3800000000000013922, 3.950000000000001954 ) ) ;
#2176 = CARTESIAN_POINT ( 'NONE',  ( 3.635000000000000231, 0.2000000000000000111, -0.9499999999999986233 ) ) ;
#2177 = DIRECTION ( 'NONE',  ( -1.000000000000000000, 0.000000000000000000, 1.912594791595156631E-16 ) ) ;
#2178 = ORIENTED_EDGE ( 'NONE', *, *, #1845, .T. ) ;
#2179 = ORIENTED_EDGE ( 'NONE', *, *, #3424, .T. ) ;
#2180 = ORIENTED_EDGE ( 'NONE', *, *, #5707, .F. ) ;
#2181 = LINE ( 'NONE', #721, #3708 ) ;
#2182 = LINE ( 'NONE', #2639, #1237 ) ;
#2183 = EDGE_CURVE ( 'NONE', #3096, #5451, #3729, .T. ) ;
#2184 = EDGE_LOOP ( 'NONE', ( #1905, #4655, #3153, #1023 ) ) ;
#2185 = ORIENTED_EDGE ( 'NONE', *, *, #3534, .F. ) ;
#2186 = CARTESIAN_POINT ( 'NONE',  ( 1.625000000000000000, 0.1250000000000000000, -1.391127433392334023 ) ) ;
#2187 = CARTESIAN_POINT ( 'NONE',  ( 3.835000000000000409, 2.299999999999999822, 0.1499999999999995226 ) ) ;
#2188 = VERTEX_POINT ( 'NONE', #2716 ) ;
#2189 = DIRECTION ( 'NONE',  ( 0.000000000000000000, -0.7071067811865462405, 0.7071067811865489050 ) ) ;
#2190 = CARTESIAN_POINT ( 'NONE',  ( 3.835000000000000409, 2.299999999999999822, 0.1499999999999995226 ) ) ;
#2191 = CARTESIAN_POINT ( 'NONE',  ( 1.625000000000000000, 0.000000000000000000, -1.899999999999999911 ) ) ;
#2192 = DIRECTION ( 'NONE',  ( 1.000000000000000000, 0.000000000000000000, 0.000000000000000000 ) ) ;
#2193 = CARTESIAN_POINT ( 'NONE',  ( 5.935000000000000497, 2.299999999999999822, 0.8999999999999999112 ) ) ;
#2194 = CARTESIAN_POINT ( 'NONE',  ( -6.060000000000001386, 0.2499999999999997780, 2.650000000000000355 ) ) ;
#2195 = ORIENTED_EDGE ( 'NONE', *, *, #5822, .T. ) ;
#2196 = CARTESIAN_POINT ( 'NONE',  ( 3.549999999999999822, 2.299999999999999822, -0.9499999999999986233 ) ) ;
#2197 = CARTESIAN_POINT ( 'NONE',  ( 1.625000000000000000, 0.3499999999999999778, -2.027389581993169987 ) ) ;
#2198 = VECTOR ( 'NONE', #5658, 1000.000000000000000 ) ;
#2199 = EDGE_CURVE ( 'NONE', #4911, #1440, #5157, .T. ) ;
#2200 = EDGE_CURVE ( 'NONE', #3016, #2800, #5655, .T. ) ;
#2201 = EDGE_CURVE ( 'NONE', #3926, #4837, #3561, .T. ) ;
#2202 = DIRECTION ( 'NONE',  ( 0.000000000000000000, -1.000000000000000000, -0.000000000000000000 ) ) ;
#2203 = EDGE_LOOP ( 'NONE', ( #1935, #3554, #4044, #1359 ) ) ;
#2204 = PLANE ( 'NONE',  #2135 ) ;
#2205 = DIRECTION ( 'NONE',  ( 0.000000000000000000, 0.000000000000000000, 1.000000000000000000 ) ) ;
#2206 = DIRECTION ( 'NONE',  ( 0.000000000000000000, -0.000000000000000000, 1.000000000000000000 ) ) ;
#2207 = DIRECTION ( 'NONE',  ( 0.4226182617406998854, 0.000000000000000000, 0.9063077870366497146 ) ) ;
#2208 = CARTESIAN_POINT ( 'NONE',  ( 0.000000000000000000, 2.299999999999999822, 0.000000000000000000 ) ) ;
#2209 = EDGE_LOOP ( 'NONE', ( #5533, #3986, #806, #4505 ) ) ;
#2210 = ORIENTED_EDGE ( 'NONE', *, *, #5977, .F. ) ;
#2211 = ORIENTED_EDGE ( 'NONE', *, *, #3570, .T. ) ;
#2212 = ORIENTED_EDGE ( 'NONE', *, *, #401, .F. ) ;
#2213 = AXIS2_PLACEMENT_3D ( 'NONE', #1957, #1872, #5779 ) ;
#2214 = VECTOR ( 'NONE', #4147, 1000.000000000000000 ) ;
#2215 = DIRECTION ( 'NONE',  ( 0.000000000000000000, -1.000000000000000000, 8.131516293641268464E-16 ) ) ;
#2216 =( GEOMETRIC_REPRESENTATION_CONTEXT ( 3 ) GLOBAL_UNCERTAINTY_ASSIGNED_CONTEXT ( ( #1118 ) ) GLOBAL_UNIT_ASSIGNED_CONTEXT ( ( #720, #5878, #2098 ) ) REPRESENTATION_CONTEXT ( 'NONE', 'WORKASPACE' ) );
#2217 = ORIENTED_EDGE ( 'NONE', *, *, #5927, .F. ) ;
#2218 = VERTEX_POINT ( 'NONE', #2008 ) ;
#2219 = AXIS2_PLACEMENT_3D ( 'NONE', #4900, #3505, #151 ) ;
#2220 = LINE ( 'NONE', #5584, #3081 ) ;
#2221 = ORIENTED_EDGE ( 'NONE', *, *, #1796, .T. ) ;
#2222 = DIRECTION ( 'NONE',  ( -0.5773502691896292838, -0.5773502691896211791, 0.5773502691896268413 ) ) ;
#2223 = EDGE_CURVE ( 'NONE', #1991, #4233, #2795, .T. ) ;
#2224 = CARTESIAN_POINT ( 'NONE',  ( -0.1884769367379991456, 0.2000000000000005107, -1.350000000000000533 ) ) ;
#2225 = FACE_OUTER_BOUND ( 'NONE', #1972, .T. ) ;
#2226 = CARTESIAN_POINT ( 'NONE',  ( 1.625000000000000000, 0.1250000000000000000, -1.025000000000000133 ) ) ;
#2227 = CARTESIAN_POINT ( 'NONE',  ( -4.535000000000000142, 2.050000000000003375, 2.650000000000000355 ) ) ;
#2228 = ORIENTED_EDGE ( 'NONE', *, *, #2133, .F. ) ;
#2229 = DIRECTION ( 'NONE',  ( -1.000000000000000000, -1.258448950206388160E-16, 0.000000000000000000 ) ) ;
#2230 = EDGE_CURVE ( 'NONE', #1588, #6114, #391, .T. ) ;
#2231 = CARTESIAN_POINT ( 'NONE',  ( -4.035000000000000142, 0.2000000000000000111, 0.9000000000000003553 ) ) ;
#2232 = ADVANCED_FACE ( 'NONE', ( #4223 ), #1844, .T. ) ;
#2233 = FACE_BOUND ( 'NONE', #5366, .T. ) ;
#2234 = CIRCLE ( 'NONE', #5848, 0.1999999999999990119 ) ;
#2235 = MECHANICAL_DESIGN_GEOMETRIC_PRESENTATION_REPRESENTATION (  '', ( #5353 ), #5438 ) ;
#2236 = DIRECTION ( 'NONE',  ( -1.000000000000000000, -0.000000000000000000, -0.000000000000000000 ) ) ;
#2237 = ORIENTED_EDGE ( 'NONE', *, *, #4046, .F. ) ;
#2238 = AXIS2_PLACEMENT_3D ( 'NONE', #2758, #869, #4132 ) ;
#2239 = DIRECTION ( 'NONE',  ( -0.000000000000000000, -0.000000000000000000, 1.000000000000000000 ) ) ;
#2240 = CARTESIAN_POINT ( 'NONE',  ( 3.635000000000000231, 0.2000000000000000111, -0.9499999999999986233 ) ) ;
#2241 = DIRECTION ( 'NONE',  ( 1.000000000000000000, -0.000000000000000000, -1.912594791595156631E-16 ) ) ;
#2242 = ADVANCED_FACE ( 'NONE', ( #5522 ), #5199, .F. ) ;
#2243 = CIRCLE ( 'NONE', #3768, 0.3499999999999999223 ) ;
#2244 = DIRECTION ( 'NONE',  ( 0.000000000000000000, 0.000000000000000000, -1.000000000000000000 ) ) ;
#2245 = DIRECTION ( 'NONE',  ( 0.000000000000000000, 0.000000000000000000, -1.000000000000000000 ) ) ;
#2246 = ADVANCED_FACE ( 'NONE', ( #923 ), #3823, .F. ) ;
#2247 = EDGE_LOOP ( 'NONE', ( #102, #4612, #5299, #4173, #3240 ) ) ;
#2248 = AXIS2_PLACEMENT_3D ( 'NONE', #3709, #5598, #1678 ) ;
#2249 = ORIENTED_EDGE ( 'NONE', *, *, #1263, .F. ) ;
#2250 = ORIENTED_EDGE ( 'NONE', *, *, #1975, .T. ) ;
#2251 = VECTOR ( 'NONE', #5400, 1000.000000000000000 ) ;
#2252 = ORIENTED_EDGE ( 'NONE', *, *, #5389, .T. ) ;
#2253 = VECTOR ( 'NONE', #1239, 1000.000000000000000 ) ;
#2254 = EDGE_CURVE ( 'NONE', #3782, #4813, #5257, .T. ) ;
#2255 = LINE ( 'NONE', #5056, #2858 ) ;
#2256 = LINE ( 'NONE', #6111, #5458 ) ;
#2257 = ORIENTED_EDGE ( 'NONE', *, *, #657, .F. ) ;
#2258 = VECTOR ( 'NONE', #5493, 1000.000000000000000 ) ;
#2259 = LINE ( 'NONE', #3132, #1154 ) ;
#2260 = VERTEX_POINT ( 'NONE', #1934 ) ;
#2261 = DIRECTION ( 'NONE',  ( 3.872150616019656862E-16, -1.000000000000000000, 0.000000000000000000 ) ) ;
#2262 = LINE ( 'NONE', #2686, #5026 ) ;
#2263 = DIRECTION ( 'NONE',  ( 0.000000000000000000, 0.000000000000000000, 1.000000000000000000 ) ) ;
#2264 = DIRECTION ( 'NONE',  ( 0.000000000000000000, 9.130123557772668088E-16, 1.000000000000000000 ) ) ;
#2265 = AXIS2_PLACEMENT_3D ( 'NONE', #1898, #1423, #470 ) ;
#2266 = CARTESIAN_POINT ( 'NONE',  ( 3.549999999999999822, 2.299999999999999822, 2.650000000000000355 ) ) ;
#2267 = DIRECTION ( 'NONE',  ( -1.000000000000000000, -0.000000000000000000, -0.000000000000000000 ) ) ;
#2268 = ORIENTED_EDGE ( 'NONE', *, *, #2201, .F. ) ;
#2269 = DIRECTION ( 'NONE',  ( 0.000000000000000000, 1.000000000000000000, 0.000000000000000000 ) ) ;
#2270 = DIRECTION ( 'NONE',  ( -1.000000000000000000, 0.000000000000000000, -2.282530889443167515E-16 ) ) ;
#2271 = ORIENTED_EDGE ( 'NONE', *, *, #4808, .T. ) ;
#2272 = ORIENTED_EDGE ( 'NONE', *, *, #3843, .F. ) ;
#2273 = DIRECTION ( 'NONE',  ( -1.000000000000000000, 0.000000000000000000, 0.000000000000000000 ) ) ;
#2274 = ORIENTED_EDGE ( 'NONE', *, *, #3109, .F. ) ;
#2275 = DIRECTION ( 'NONE',  ( 3.336006684570784088E-16, 0.000000000000000000, 1.000000000000000000 ) ) ;
#2276 = CARTESIAN_POINT ( 'NONE',  ( -5.535000000000000142, 2.049999999999999822, 1.531341625576287724 ) ) ;
#2277 = DIRECTION ( 'NONE',  ( 0.9063077870366498257, 0.000000000000000000, -0.4226182617406999409 ) ) ;
#2278 = EDGE_CURVE ( 'NONE', #2345, #2260, #1464, .T. ) ;
#2279 = DIRECTION ( 'NONE',  ( 1.000000000000000000, 0.000000000000000000, 0.000000000000000000 ) ) ;
#2280 = VECTOR ( 'NONE', #2297, 1000.000000000000000 ) ;
#2281 = ORIENTED_EDGE ( 'NONE', *, *, #3518, .F. ) ;
#2282 = ORIENTED_EDGE ( 'NONE', *, *, #874, .T. ) ;
#2283 = ADVANCED_FACE ( 'NONE', ( #3223 ), #578, .T. ) ;
#2284 = ORIENTED_EDGE ( 'NONE', *, *, #2024, .T. ) ;
#2285 = PLANE ( 'NONE',  #5632 ) ;
#2286 = VERTEX_POINT ( 'NONE', #965 ) ;
#2287 = EDGE_CURVE ( 'NONE', #1673, #3865, #4259, .T. ) ;
#2288 = ADVANCED_FACE ( 'NONE', ( #2828 ), #1408, .T. ) ;
#2289 = EDGE_LOOP ( 'NONE', ( #5785, #24, #682, #1295, #701 ) ) ;
#2290 = DIRECTION ( 'NONE',  ( -1.000000000000000000, 0.000000000000000000, 0.000000000000000000 ) ) ;
#2291 = LINE ( 'NONE', #4184, #3342 ) ;
#2292 = DIRECTION ( 'NONE',  ( 0.7071067811865475727, 0.000000000000000000, -0.7071067811865475727 ) ) ;
#2293 = LINE ( 'NONE', #4281, #1510 ) ;
#2294 = ORIENTED_EDGE ( 'NONE', *, *, #1266, .T. ) ;
#2295 = LINE ( 'NONE', #4221, #5448 ) ;
#2296 = PLANE ( 'NONE',  #1271 ) ;
#2297 = DIRECTION ( 'NONE',  ( -6.672013369141568175E-16, 0.000000000000000000, -1.000000000000000000 ) ) ;
#2298 = CARTESIAN_POINT ( 'NONE',  ( -4.785000000000000142, 9.129072045307475847, 1.531341625576287502 ) ) ;
#2299 = VERTEX_POINT ( 'NONE', #458 ) ;
#2300 = CARTESIAN_POINT ( 'NONE',  ( -6.500000000000001776, 2.479999999999999982, 2.650000000000000355 ) ) ;
#2301 = LINE ( 'NONE', #6101, #5869 ) ;
#2302 = CARTESIAN_POINT ( 'NONE',  ( 1.375000000000000888, 2.500000000000000444, -0.9499999999999992895 ) ) ;
#2303 = EDGE_CURVE ( 'NONE', #1414, #4175, #6166, .T. ) ;
#2304 = CARTESIAN_POINT ( 'NONE',  ( 4.234999999999999432, 9.129072045307475847, -1.149999999999999911 ) ) ;
#2305 = VERTEX_POINT ( 'NONE', #927 ) ;
#2306 = EDGE_LOOP ( 'NONE', ( #3595, #2373, #1687, #2445 ) ) ;
#2307 = ORIENTED_EDGE ( 'NONE', *, *, #2717, .F. ) ;
#2308 = VERTEX_POINT ( 'NONE', #4852 ) ;
#2309 = FACE_OUTER_BOUND ( 'NONE', #1728, .T. ) ;
#2310 = PLANE ( 'NONE',  #5841 ) ;
#2311 = ORIENTED_EDGE ( 'NONE', *, *, #5127, .T. ) ;
#2312 = CARTESIAN_POINT ( 'NONE',  ( -4.035000000000000142, 2.299999999999999822, 0.1499999999999995226 ) ) ;
#2313 = AXIS2_PLACEMENT_3D ( 'NONE', #3120, #5436, #4075 ) ;
#2314 = ORIENTED_EDGE ( 'NONE', *, *, #2126, .F. ) ;
#2315 = ORIENTED_EDGE ( 'NONE', *, *, #3237, .F. ) ;
#2316 = FACE_OUTER_BOUND ( 'NONE', #1800, .T. ) ;
#2317 = EDGE_CURVE ( 'NONE', #543, #3865, #2862, .T. ) ;
#2318 = EDGE_CURVE ( 'NONE', #3393, #676, #1971, .T. ) ;
#2320 = DIRECTION ( 'NONE',  ( 1.000000000000000000, 0.000000000000000000, 0.000000000000000000 ) ) ;
#2319 = PLANE ( 'NONE',  #1878 ) ;
#2321 = VECTOR ( 'NONE', #4992, 1000.000000000000000 ) ;
#2322 = EDGE_CURVE ( 'NONE', #904, #4813, #1885, .T. ) ;
#2323 = ADVANCED_FACE ( 'NONE', ( #5227 ), #4761, .T. ) ;
#2324 = VECTOR ( 'NONE', #1103, 1000.000000000000000 ) ;
#2325 =( NAMED_UNIT ( * ) SI_UNIT ( $, .STERADIAN. ) SOLID_ANGLE_UNIT ( ) );
#2326 = PRESENTATION_LAYER_ASSIGNMENT (  '', '', ( #2117 ) ) ;
#2327 = DIRECTION ( 'NONE',  ( -0.4226182617406998854, 0.000000000000000000, 0.9063077870366497146 ) ) ;
#2328 = PLANE ( 'NONE',  #929 ) ;
#2329 = ORIENTED_EDGE ( 'NONE', *, *, #5060, .T. ) ;
#2330 = LINE ( 'NONE', #6190, #1156 ) ;
#2331 = CARTESIAN_POINT ( 'NONE',  ( 6.500000000000001776, 0.1799999999999999933, -4.244925670375280014 ) ) ;
#2332 = AXIS2_PLACEMENT_3D ( 'NONE', #5332, #2984, #1045 ) ;
#2333 = EDGE_CURVE ( 'NONE', #5019, #1542, #4289, .T. ) ;
#2334 = LINE ( 'NONE', #590, #5956 ) ;
#2335 = ORIENTED_EDGE ( 'NONE', *, *, #2816, .F. ) ;
#2336 = SURFACE_STYLE_FILL_AREA ( #3392 ) ;
#2337 = EDGE_LOOP ( 'NONE', ( #1709, #6110, #6097, #1432, #4386 ) ) ;
#2338 = CARTESIAN_POINT ( 'NONE',  ( 5.535000000000000142, 9.129072045307475847, -1.350000000000000089 ) ) ;
#2339 = CARTESIAN_POINT ( 'NONE',  ( 4.535000000000000142, 0.9500000000000002887, -1.150000000000000133 ) ) ;
#2340 = FACE_OUTER_BOUND ( 'NONE', #1139, .T. ) ;
#2341 = VECTOR ( 'NONE', #1073, 1000.000000000000114 ) ;
#2342 = ORIENTED_EDGE ( 'NONE', *, *, #3532, .F. ) ;
#2343 = ORIENTED_EDGE ( 'NONE', *, *, #3530, .T. ) ;
#2344 = ORIENTED_EDGE ( 'NONE', *, *, #6035, .T. ) ;
#2345 = VERTEX_POINT ( 'NONE', #3890 ) ;
#2346 = MANIFOLD_SOLID_BREP ( 'NONE', #121 ) ;
#2347 = VECTOR ( 'NONE', #2584, 1000.000000000000000 ) ;
#2348 = CARTESIAN_POINT ( 'NONE',  ( 1.625000000000000000, 0.5627714910575180030, -1.723744783245070078 ) ) ;
#2349 = AXIS2_PLACEMENT_3D ( 'NONE', #386, #2292, #4218 ) ;
#2350 = ORIENTED_EDGE ( 'NONE', *, *, #5053, .F. ) ;
#2351 = CYLINDRICAL_SURFACE ( 'NONE', #5279, 0.1499999999999999667 ) ;
#2352 = VECTOR ( 'NONE', #5305, 1000.000000000000000 ) ;
#2353 = AXIS2_PLACEMENT_3D ( 'NONE', #1329, #4394, #5804 ) ;
#2354 = DIRECTION ( 'NONE',  ( -1.000000000000000000, 0.000000000000000000, 0.000000000000000000 ) ) ;
#2355 = VECTOR ( 'NONE', #4905, 1000.000000000000000 ) ;
#2356 = EDGE_CURVE ( 'NONE', #534, #2092, #15, .T. ) ;
#2358 = FACE_OUTER_BOUND ( 'NONE', #5895, .T. ) ;
#2357 = DIRECTION ( 'NONE',  ( 0.000000000000000000, -1.971276677246372752E-16, 1.000000000000000000 ) ) ;
#2359 = ADVANCED_BREP_SHAPE_REPRESENTATION ( '', ( #2346, #926 ), #5333 ) ;
#2360 = VECTOR ( 'NONE', #3454, 1000.000000000000000 ) ;
#2361 = APPLICATION_PROTOCOL_DEFINITION ( 'draft international standard', 'automotive_design', 1998, #2537 ) ;
#2362 = EDGE_CURVE ( 'NONE', #1849, #343, #3332, .T. ) ;
#2363 = CARTESIAN_POINT ( 'NONE',  ( 3.635000000000000231, 0.2000000000000000111, -1.149999999999999911 ) ) ;
#2364 = CARTESIAN_POINT ( 'NONE',  ( 4.035000000000000142, 2.299999999999999822, 0.1499999999999995226 ) ) ;
#2365 = ORIENTED_EDGE ( 'NONE', *, *, #1149, .T. ) ;
#2366 = ADVANCED_FACE ( 'NONE', ( #1469 ), #5291, .F. ) ;
#2367 = DIRECTION ( 'NONE',  ( 1.000000000000000000, 0.000000000000000000, 0.000000000000000000 ) ) ;
#2368 = LINE ( 'NONE', #8, #60 ) ;
#2369 = CARTESIAN_POINT ( 'NONE',  ( 6.060000000000001386, 0.2499999999999997780, 2.650000000000000355 ) ) ;
#2370 = ORIENTED_EDGE ( 'NONE', *, *, #2625, .T. ) ;
#2371 = ADVANCED_FACE ( 'NONE', ( #4352 ), #47, .F. ) ;
#2372 = CARTESIAN_POINT ( 'NONE',  ( 4.035000000000000142, 0.2000000000000000111, -1.300000000000000266 ) ) ;
#2373 = ORIENTED_EDGE ( 'NONE', *, *, #3763, .F. ) ;
#2374 = LINE ( 'NONE', #3859, #2981 ) ;
#2375 = LINE ( 'NONE', #6169, #2884 ) ;
#2376 = VECTOR ( 'NONE', #3517, 1000.000000000000000 ) ;
#2377 = LINE ( 'NONE', #4823, #4335 ) ;
#2378 = VERTEX_POINT ( 'NONE', #5349 ) ;
#2379 = ORIENTED_EDGE ( 'NONE', *, *, #2088, .T. ) ;
#2380 = VERTEX_POINT ( 'NONE', #4910 ) ;
#2381 = ORIENTED_EDGE ( 'NONE', *, *, #1982, .F. ) ;
#2382 = CARTESIAN_POINT ( 'NONE',  ( -4.235000000000002096, 2.299999999999999822, -1.149999999999999689 ) ) ;
#2383 = CARTESIAN_POINT ( 'NONE',  ( 5.535000000000000142, 2.299999999999999822, -1.149999999999999467 ) ) ;
#2384 = ORIENTED_EDGE ( 'NONE', *, *, #3863, .F. ) ;
#2385 = FACE_OUTER_BOUND ( 'NONE', #4024, .T. ) ;
#2386 = ORIENTED_EDGE ( 'NONE', *, *, #3581, .F. ) ;
#2387 = ORIENTED_EDGE ( 'NONE', *, *, #1272, .T. ) ;
#2388 = LINE ( 'NONE', #1, #6155 ) ;
#2389 = ADVANCED_FACE ( 'NONE', ( #4493 ), #5402, .F. ) ;
#2390 = ITEM_DEFINED_TRANSFORMATION ( 'NONE', 'NONE', #2427,  #926 ) ;
#2391 = DIRECTION ( 'NONE',  ( 0.000000000000000000, -0.000000000000000000, -1.000000000000000000 ) ) ;
#2392 = CARTESIAN_POINT ( 'NONE',  ( 4.235000000000002984, 0.2000000000000000111, -1.149999999999999911 ) ) ;
#2393 = ORIENTED_EDGE ( 'NONE', *, *, #3837, .T. ) ;
#2394 = DIRECTION ( 'NONE',  ( 0.000000000000000000, -1.000000000000000000, 0.000000000000000000 ) ) ;
#2395 = CARTESIAN_POINT ( 'NONE',  ( 3.835000000000000409, 0.2000000000000000944, -1.182842712474618807 ) ) ;
#2396 = ORIENTED_EDGE ( 'NONE', *, *, #4668, .F. ) ;
#2397 = CARTESIAN_POINT ( 'NONE',  ( -6.060000000000001386, 0.2499999999999997780, 1.856341625576289678 ) ) ;
#2398 = ORIENTED_EDGE ( 'NONE', *, *, #3077, .F. ) ;
#2399 = LINE ( 'NONE', #4321, #3468 ) ;
#2400 = LINE ( 'NONE', #5698, #2559 ) ;
#2401 = CARTESIAN_POINT ( 'NONE',  ( 6.060000000000001386, 2.250000000000000000, 2.650000000000000355 ) ) ;
#2402 = EDGE_CURVE ( 'NONE', #2677, #4804, #1553, .T. ) ;
#2403 = ORIENTED_EDGE ( 'NONE', *, *, #5377, .T. ) ;
#2404 = EDGE_CURVE ( 'NONE', #402, #300, #3513, .T. ) ;
#2405 = ORIENTED_EDGE ( 'NONE', *, *, #3563, .T. ) ;
#2406 = LINE ( 'NONE', #3398, #3049 ) ;
#2407 = ORIENTED_EDGE ( 'NONE', *, *, #2322, .T. ) ;
#2408 = VERTEX_POINT ( 'NONE', #2496 ) ;
#2409 = CARTESIAN_POINT ( 'NONE',  ( -4.035000000000000142, 0.2000000000000000111, -0.8999999999999998002 ) ) ;
#2410 = CARTESIAN_POINT ( 'NONE',  ( 3.699999999999999734, 0.1799999999999996325, -4.244925670375280014 ) ) ;
#2411 = EDGE_LOOP ( 'NONE', ( #2473, #4336, #1600, #175, #396, #3148 ) ) ;
#2412 = ORIENTED_EDGE ( 'NONE', *, *, #3944, .T. ) ;
#2413 =( REPRESENTATION_RELATIONSHIP ('NONE','NONE', #1184, #5021 ) REPRESENTATION_RELATIONSHIP_WITH_TRANSFORMATION ( #3382 )SHAPE_REPRESENTATION_RELATIONSHIP( ) );
#2414 = LINE ( 'NONE', #6183, #2775 ) ;
#2415 = CARTESIAN_POINT ( 'NONE',  ( -6.426666666666667638, 0.2533333333333337989, 3.823333333333335471 ) ) ;
#2416 = VECTOR ( 'NONE', #2661, 1000.000000000000000 ) ;
#2417 = PLANE ( 'NONE',  #5948 ) ;
#2418 = VECTOR ( 'NONE', #5911, 1000.000000000000000 ) ;
#2419 = EDGE_CURVE ( 'NONE', #4915, #1227, #5532, .T. ) ;
#2420 = CARTESIAN_POINT ( 'NONE',  ( -3.549999999999999822, 0.8000000000000000444, -0.9499999999999986233 ) ) ;
#2421 = EDGE_LOOP ( 'NONE', ( #716, #5922, #3460, #3433 ) ) ;
#2422 = CARTESIAN_POINT ( 'NONE',  ( 4.860000000000001208, 2.250000000000000000, 1.856341625576288790 ) ) ;
#2423 = PLANE ( 'NONE',  #6055 ) ;
#2424 = CARTESIAN_POINT ( 'NONE',  ( -3.835000000000000853, 0.2000000000000000111, -1.149999999999999911 ) ) ;
#2425 = ORIENTED_EDGE ( 'NONE', *, *, #2771, .F. ) ;
#2426 = LINE ( 'NONE', #5259, #474 ) ;
#2427 = AXIS2_PLACEMENT_3D ( 'NONE', #3261, #385, #888 ) ;
#2428 = CARTESIAN_POINT ( 'NONE',  ( 1.625000000000000000, 0.2000000000000000111, -0.9499999999999999556 ) ) ;
#2429 = EDGE_CURVE ( 'NONE', #3782, #1070, #5820, .T. ) ;
#2430 = DIRECTION ( 'NONE',  ( 0.000000000000000000, -1.000000000000000000, 0.000000000000000000 ) ) ;
#2431 = VERTEX_POINT ( 'NONE', #4000 ) ;
#2432 = LINE ( 'NONE', #1973, #5058 ) ;
#2433 = CARTESIAN_POINT ( 'NONE',  ( 5.535000000000000142, 9.129072045307475847, -1.350000000000000089 ) ) ;
#2434 = LINE ( 'NONE', #6198, #305 ) ;
#2435 = EDGE_CURVE ( 'NONE', #1019, #904, #1525, .T. ) ;
#2436 = ORIENTED_EDGE ( 'NONE', *, *, #5285, .T. ) ;
#2437 = ORIENTED_EDGE ( 'NONE', *, *, #2486, .F. ) ;
#2438 = ORIENTED_EDGE ( 'NONE', *, *, #5954, .F. ) ;
#2439 = EDGE_CURVE ( 'NONE', #742, #5919, #608, .T. ) ;
#2440 = MANIFOLD_SOLID_BREP ( 'Combine2', #1345 ) ;
#2441 = CARTESIAN_POINT ( 'NONE',  ( -1.658646104491585227, 0.1799999999999993827, -2.482816958861491674 ) ) ;
#2442 = DIRECTION ( 'NONE',  ( -1.000000000000000000, 0.000000000000000000, 0.000000000000000000 ) ) ;
#2443 = ADVANCED_FACE ( 'NONE', ( #2048 ), #1113, .T. ) ;
#2444 = VECTOR ( 'NONE', #6039, 1000.000000000000000 ) ;
#2445 = ORIENTED_EDGE ( 'NONE', *, *, #2516, .T. ) ;
#2446 = EDGE_CURVE ( 'NONE', #3752, #3950, #1146, .T. ) ;
#2447 = VECTOR ( 'NONE', #1309, 1000.000000000000000 ) ;
#2448 = CARTESIAN_POINT ( 'NONE',  ( 10.05810562561766375, 0.4500000000000002887, 2.650000000000001688 ) ) ;
#2449 = AXIS2_PLACEMENT_3D ( 'NONE', #5104, #4564, #258 ) ;
#2450 = DIRECTION ( 'NONE',  ( 0.000000000000000000, -1.000000000000000000, -0.000000000000000000 ) ) ;
#2451 = ORIENTED_EDGE ( 'NONE', *, *, #1951, .T. ) ;
#2452 = VECTOR ( 'NONE', #527, 1000.000000000000000 ) ;
#2453 = VECTOR ( 'NONE', #96, 1000.000000000000000 ) ;
#2454 = LINE ( 'NONE', #3968, #4269 ) ;
#2455 = PLANE ( 'NONE',  #4957 ) ;
#2456 = ORIENTED_EDGE ( 'NONE', *, *, #95, .F. ) ;
#2457 = DIRECTION ( 'NONE',  ( 0.000000000000000000, 0.000000000000000000, 1.000000000000000000 ) ) ;
#2458 = CARTESIAN_POINT ( 'NONE',  ( 3.549999999999999822, 1.800000000000000044, 2.650000000000000799 ) ) ;
#2459 = AXIS2_PLACEMENT_3D ( 'NONE', #1383, #3242, #3313 ) ;
#2460 = DIRECTION ( 'NONE',  ( 1.000000000000000000, 0.000000000000000000, 1.912594791595156631E-16 ) ) ;
#2461 = CARTESIAN_POINT ( 'NONE',  ( -3.927205953146760908, 0.1799999999999996880, 3.750000000000003997 ) ) ;
#2462 = PLANE ( 'NONE',  #4137 ) ;
#2463 = AXIS2_PLACEMENT_3D ( 'NONE', #117, #3985, #2031 ) ;
#2464 = VECTOR ( 'NONE', #3353, 1000.000000000000000 ) ;
#2465 =( NAMED_UNIT ( * ) SI_UNIT ( $, .STERADIAN. ) SOLID_ANGLE_UNIT ( ) );
#2466 = ORIENTED_EDGE ( 'NONE', *, *, #4512, .T. ) ;
#2467 = FACE_OUTER_BOUND ( 'NONE', #950, .T. ) ;
#2468 = DIRECTION ( 'NONE',  ( 1.711898167082376006E-16, -0.000000000000000000, 1.000000000000000000 ) ) ;
#2469 = DIRECTION ( 'NONE',  ( 0.000000000000000000, 0.000000000000000000, -1.000000000000000000 ) ) ;
#2470 = VECTOR ( 'NONE', #5046, 1000.000000000000114 ) ;
#2471 = EDGE_CURVE ( 'NONE', #1515, #1783, #2099, .T. ) ;
#2472 = CYLINDRICAL_SURFACE ( 'NONE', #4622, 0.3499999999999999223 ) ;
#2473 = ORIENTED_EDGE ( 'NONE', *, *, #4588, .T. ) ;
#2474 = EDGE_LOOP ( 'NONE', ( #4459, #5735, #422, #4507, #3330, #5040 ) ) ;
#2475 = MANIFOLD_SOLID_BREP ( 'Boss-Extrude4', #1034 ) ;
#2476 = CARTESIAN_POINT ( 'NONE',  ( 1.375000000000000000, 0.1250000000000000000, -1.391127433392334023 ) ) ;
#2477 = LINE ( 'NONE', #2783, #2988 ) ;
#2478 = FACE_OUTER_BOUND ( 'NONE', #5340, .T. ) ;
#2479 = VERTEX_POINT ( 'NONE', #354 ) ;
#2480 = EDGE_CURVE ( 'NONE', #5103, #2889, #1638, .T. ) ;
#2481 = ORIENTED_EDGE ( 'NONE', *, *, #3685, .F. ) ;
#2482 = ORIENTED_EDGE ( 'NONE', *, *, #142, .F. ) ;
#2483 = UNCERTAINTY_MEASURE_WITH_UNIT (LENGTH_MEASURE( 1.000000000000000082E-05 ), #4385, 'distance_accuracy_value', 'NONE');
#2484 = PLANE ( 'NONE',  #3848 ) ;
#2485 = EDGE_CURVE ( 'NONE', #4837, #2680, #3671, .T. ) ;
#2486 = EDGE_CURVE ( 'NONE', #2479, #5258, #3205, .T. ) ;
#2487 = EDGE_CURVE ( 'NONE', #1858, #1939, #764, .T. ) ;
#2488 = PLANE ( 'NONE',  #5348 ) ;
#2489 = CARTESIAN_POINT ( 'NONE',  ( 5.535000000000000142, 0.4500000000000007327, 1.531341625576287724 ) ) ;
#2490 = ORIENTED_EDGE ( 'NONE', *, *, #4209, .T. ) ;
#2491 = DIRECTION ( 'NONE',  ( 1.000000000000000000, 0.000000000000000000, 0.000000000000000000 ) ) ;
#2492 = DIRECTION ( 'NONE',  ( -1.000000000000000000, 0.000000000000000000, 0.000000000000000000 ) ) ;
#2493 = CARTESIAN_POINT ( 'NONE',  ( 5.760000000000000675, 0.4500000000000001776, 1.656341625576287280 ) ) ;
#2494 = LINE ( 'NONE', #5757, #2849 ) ;
#2495 = VECTOR ( 'NONE', #4724, 1000.000000000000000 ) ;
#2496 = CARTESIAN_POINT ( 'NONE',  ( 3.835000000000000853, 0.2000000000000000111, -0.8999999999999998002 ) ) ;
#2497 = VERTEX_POINT ( 'NONE', #3635 ) ;
#2498 = FACE_OUTER_BOUND ( 'NONE', #4951, .T. ) ;
#2499 = LINE ( 'NONE', #191, #6067 ) ;
#2500 = LINE ( 'NONE', #4415, #167 ) ;
#2501 = VERTEX_POINT ( 'NONE', #2227 ) ;
#2502 = ORIENTED_EDGE ( 'NONE', *, *, #1348, .F. ) ;
#2503 = DIRECTION ( 'NONE',  ( 0.000000000000000000, -1.000000000000000000, -1.971276677246372752E-16 ) ) ;
#2504 = EDGE_CURVE ( 'NONE', #211, #5284, #2693, .T. ) ;
#2505 = CARTESIAN_POINT ( 'NONE',  ( -2.811523063261999411, 0.2000000000000005107, -1.350000000000000533 ) ) ;
#2506 = DIRECTION ( 'NONE',  ( 0.000000000000000000, 0.000000000000000000, -1.000000000000000000 ) ) ;
#2507 = ORIENTED_EDGE ( 'NONE', *, *, #2486, .T. ) ;
#2508 = ORIENTED_EDGE ( 'NONE', *, *, #2893, .F. ) ;
#2509 = FILL_AREA_STYLE_COLOUR ( '', #2638 ) ;
#2510 = CARTESIAN_POINT ( 'NONE',  ( 0.6718937872977411851, 2.299999999999999822, -0.3133092184837029115 ) ) ;
#2511 = EDGE_CURVE ( 'NONE', #2879, #677, #2137, .T. ) ;
#2512 = ORIENTED_EDGE ( 'NONE', *, *, #4607, .T. ) ;
#2513 = FILL_AREA_STYLE_COLOUR ( '', #3164 ) ;
#2514 = CARTESIAN_POINT ( 'NONE',  ( 3.700000000000000622, 1.300000000000000044, 2.650000000000000355 ) ) ;
#2515 = VERTEX_POINT ( 'NONE', #1340 ) ;
#2516 = EDGE_CURVE ( 'NONE', #5483, #3442, #5620, .T. ) ;
#2517 = ADVANCED_FACE ( 'NONE', ( #6093 ), #5102, .F. ) ;
#2518 = PLANE ( 'NONE',  #2145 ) ;
#2519 = LINE ( 'NONE', #2072, #4126 ) ;
#2520 = DIRECTION ( 'NONE',  ( 1.000000000000000000, 1.258448950206388160E-16, 0.000000000000000000 ) ) ;
#2521 = VECTOR ( 'NONE', #3200, 1000.000000000000000 ) ;
#2522 = CARTESIAN_POINT ( 'NONE',  ( 3.835000000000000853, 9.129072045307475847, -1.149999999999999911 ) ) ;
#2523 = VECTOR ( 'NONE', #761, 1000.000000000000000 ) ;
#2524 = DIRECTION ( 'NONE',  ( -1.000000000000000000, 0.000000000000000000, 0.000000000000000000 ) ) ;
#2525 = VERTEX_POINT ( 'NONE', #3168 ) ;
#2526 = CARTESIAN_POINT ( 'NONE',  ( 5.535000000000000142, 0.4500000000000000111, -1.350000000000000089 ) ) ;
#2527 = EDGE_CURVE ( 'NONE', #5106, #3067, #5072, .T. ) ;
#2528 = LINE ( 'NONE', #4442, #4961 ) ;
#2529 = PLANE ( 'NONE',  #3526 ) ;
#2530 = VECTOR ( 'NONE', #2046, 1000.000000000000114 ) ;
#2531 = DIRECTION ( 'NONE',  ( 0.000000000000000000, 0.000000000000000000, 1.000000000000000000 ) ) ;
#2532 = VECTOR ( 'NONE', #4095, 1000.000000000000000 ) ;
#2533 = VERTEX_POINT ( 'NONE', #1775 ) ;
#2534 = VECTOR ( 'NONE', #5017, 1000.000000000000000 ) ;
#2535 = LINE ( 'NONE', #5470, #1740 ) ;
#2536 = LINE ( 'NONE', #3495, #3378 ) ;
#2537 = APPLICATION_CONTEXT ( 'automotive_design' ) ;
#2538 = DIRECTION ( 'NONE',  ( 1.000000000000000000, 0.000000000000000000, 0.000000000000000000 ) ) ;
#2539 = CARTESIAN_POINT ( 'NONE',  ( 4.535000000000000142, 2.049999999999999822, -1.149999999999999911 ) ) ;
#2540 = ORIENTED_EDGE ( 'NONE', *, *, #1124, .T. ) ;
#2541 = VERTEX_POINT ( 'NONE', #4123 ) ;
#2542 = LINE ( 'NONE', #5335, #713 ) ;
#2543 = VECTOR ( 'NONE', #2058, 1000.000000000000000 ) ;
#2544 = ORIENTED_EDGE ( 'NONE', *, *, #4930, .F. ) ;
#2545 = LINE ( 'NONE', #3908, #3347 ) ;
#2546 = VERTEX_POINT ( 'NONE', #1672 ) ;
#2547 = VECTOR ( 'NONE', #3580, 1000.000000000000000 ) ;
#2548 = FACE_OUTER_BOUND ( 'NONE', #5181, .T. ) ;
#2549 = VECTOR ( 'NONE', #3231, 1000.000000000000114 ) ;
#2550 = FACE_OUTER_BOUND ( 'NONE', #2289, .T. ) ;
#2551 = ADVANCED_FACE ( 'NONE', ( #3704 ), #6029, .T. ) ;
#2552 = VECTOR ( 'NONE', #1208, 1000.000000000000000 ) ;
#2553 = CARTESIAN_POINT ( 'NONE',  ( 0.000000000000000000, 0.000000000000000000, 0.000000000000000000 ) ) ;
#2554 = PRESENTATION_STYLE_ASSIGNMENT (( #3050 ) ) ;
#2555 = ORIENTED_EDGE ( 'NONE', *, *, #3998, .T. ) ;
#2556 = VECTOR ( 'NONE', #1005, 1000.000000000000000 ) ;
#2557 = DIRECTION ( 'NONE',  ( -0.000000000000000000, -1.000000000000000000, -0.000000000000000000 ) ) ;
#2558 = DIRECTION ( 'NONE',  ( 0.000000000000000000, -1.000000000000000000, 0.000000000000000000 ) ) ;
#2559 = VECTOR ( 'NONE', #901, 1000.000000000000000 ) ;
#2560 = FACE_OUTER_BOUND ( 'NONE', #5455, .T. ) ;
#2561 = DIRECTION ( 'NONE',  ( 1.000000000000000000, 0.000000000000000000, 0.000000000000000000 ) ) ;
#2562 = VECTOR ( 'NONE', #2582, 1000.000000000000000 ) ;
#2563 = VECTOR ( 'NONE', #5176, 1000.000000000000000 ) ;
#2564 = CARTESIAN_POINT ( 'NONE',  ( 1.625000000000000666, 2.299999999999999822, -0.9499999999999992895 ) ) ;
#2565 = ORIENTED_EDGE ( 'NONE', *, *, #3235, .T. ) ;
#2566 = ORIENTED_EDGE ( 'NONE', *, *, #2581, .T. ) ;
#2567 = VERTEX_POINT ( 'NONE', #1310 ) ;
#2568 = ORIENTED_EDGE ( 'NONE', *, *, #2816, .T. ) ;
#2569 = VECTOR ( 'NONE', #4274, 1000.000000000000000 ) ;
#2570 = ORIENTED_EDGE ( 'NONE', *, *, #3818, .T. ) ;
#2571 = VECTOR ( 'NONE', #5175, 1000.000000000000000 ) ;
#2572 = LINE ( 'NONE', #570, #3654 ) ;
#2573 = ORIENTED_EDGE ( 'NONE', *, *, #1124, .F. ) ;
#2574 = ORIENTED_EDGE ( 'NONE', *, *, #5707, .T. ) ;
#2575 = VERTEX_POINT ( 'NONE', #3606 ) ;
#2576 = LINE ( 'NONE', #182, #4366 ) ;
#2577 = ORIENTED_EDGE ( 'NONE', *, *, #1914, .T. ) ;
#2578 = CARTESIAN_POINT ( 'NONE',  ( 1.375000000000000000, 2.194217003719185044, -0.9499999999999999556 ) ) ;
#2579 = ADVANCED_FACE ( 'NONE', ( #5557 ), #2751, .T. ) ;
#2580 = VECTOR ( 'NONE', #350, 1000.000000000000000 ) ;
#2581 = EDGE_CURVE ( 'NONE', #28, #4706, #5490, .T. ) ;
#2582 = DIRECTION ( 'NONE',  ( 3.872150616019656862E-16, -1.000000000000000000, 0.000000000000000000 ) ) ;
#2583 = VERTEX_POINT ( 'NONE', #5195 ) ;
#2584 = DIRECTION ( 'NONE',  ( 0.000000000000000000, 1.000000000000000000, 0.000000000000000000 ) ) ;
#2585 = CARTESIAN_POINT ( 'NONE',  ( -2.624999999999999112, 2.500000000000000444, -0.9499999999999992895 ) ) ;
#2586 = CARTESIAN_POINT ( 'NONE',  ( -4.535000000000000142, 2.299999999999999822, 2.650000000000000355 ) ) ;
#2587 = FACE_OUTER_BOUND ( 'NONE', #4608, .T. ) ;
#2588 = LINE ( 'NONE', #4036, #1834 ) ;
#2589 = CARTESIAN_POINT ( 'NONE',  ( 4.860000000000001208, 2.250000000000000000, 2.650000000000000355 ) ) ;
#2590 = LINE ( 'NONE', #5982, #3778 ) ;
#2591 = EDGE_CURVE ( 'NONE', #2286, #4305, #4688, .T. ) ;
#2592 = EDGE_CURVE ( 'NONE', #5919, #6073, #5716, .T. ) ;
#2593 = EDGE_CURVE ( 'NONE', #2378, #804, #2921, .T. ) ;
#2594 = CARTESIAN_POINT ( 'NONE',  ( 10.05810562561766375, 0.4500000000000001776, 1.656341625576287280 ) ) ;
#2595 = FACE_OUTER_BOUND ( 'NONE', #3159, .T. ) ;
#2596 = EDGE_CURVE ( 'NONE', #1997, #3438, #2293, .T. ) ;
#2597 = FACE_OUTER_BOUND ( 'NONE', #235, .T. ) ;
#2598 = EDGE_LOOP ( 'NONE', ( #3705, #4540, #4353, #261, #2502, #1685 ) ) ;
#2599 = ORIENTED_EDGE ( 'NONE', *, *, #2969, .F. ) ;
#2600 = ORIENTED_EDGE ( 'NONE', *, *, #5889, .T. ) ;
#2601 = ORIENTED_EDGE ( 'NONE', *, *, #4178, .F. ) ;
#2602 = CARTESIAN_POINT ( 'NONE',  ( 3.549999999999999822, 0.000000000000000000, -0.9499999999999986233 ) ) ;
#2603 = EDGE_CURVE ( 'NONE', #5978, #4829, #3793, .T. ) ;
#2604 = CYLINDRICAL_SURFACE ( 'NONE', #3940, 0.1999999999999996503 ) ;
#2605 = DIRECTION ( 'NONE',  ( 0.000000000000000000, 0.7071067811865441310, -0.7071067811865507924 ) ) ;
#2606 = ORIENTED_EDGE ( 'NONE', *, *, #996, .T. ) ;
#2607 = ORIENTED_EDGE ( 'NONE', *, *, #4215, .T. ) ;
#2608 = DIRECTION ( 'NONE',  ( -1.000000000000000000, 0.000000000000000000, 0.000000000000000000 ) ) ;
#2609 = CARTESIAN_POINT ( 'NONE',  ( 1.239209091733658230, 0.2000000000000000111, -2.267175647862716303 ) ) ;
#2610 = EDGE_LOOP ( 'NONE', ( #118, #3539, #4725, #3406 ) ) ;
#2611 = FACE_OUTER_BOUND ( 'NONE', #5896, .T. ) ;
#2612 = CARTESIAN_POINT ( 'NONE',  ( 6.060000000000001386, 2.250000000000000000, 2.650000000000000355 ) ) ;
#2613 = LINE ( 'NONE', #4060, #210 ) ;
#2614 = EDGE_CURVE ( 'NONE', #1856, #1877, #891, .T. ) ;
#2615 = FACE_OUTER_BOUND ( 'NONE', #2922, .T. ) ;
#2616 = DIRECTION ( 'NONE',  ( -0.000000000000000000, -1.000000000000000000, -0.000000000000000000 ) ) ;
#2617 = EDGE_LOOP ( 'NONE', ( #274, #5543, #2100, #5506 ) ) ;
#2618 = CARTESIAN_POINT ( 'NONE',  ( 4.035000000000000142, 0.2000000000000000111, 0.9000000000000003553 ) ) ;
#2619 = CARTESIAN_POINT ( 'NONE',  ( -6.299999999999999822, 0.000000000000000000, 3.950000000000001954 ) ) ;
#2620 = CYLINDRICAL_SURFACE ( 'NONE', #3885, 0.1999999999999996503 ) ;
#2621 = FACE_OUTER_BOUND ( 'NONE', #4270, .T. ) ;
#2622 = ADVANCED_FACE ( 'NONE', ( #4720 ), #447, .F. ) ;
#2623 = FACE_OUTER_BOUND ( 'NONE', #1446, .T. ) ;
#2624 = DIRECTION ( 'NONE',  ( -1.912594791595156631E-16, 0.000000000000000000, -1.000000000000000000 ) ) ;
#2625 = EDGE_CURVE ( 'NONE', #3620, #4768, #3326, .T. ) ;
#2626 = LINE ( 'NONE', #2147, #4243 ) ;
#2627 = PLANE ( 'NONE',  #2104 ) ;
#2628 = VERTEX_POINT ( 'NONE', #4343 ) ;
#2629 = VECTOR ( 'NONE', #3437, 1000.000000000000000 ) ;
#2630 = ORIENTED_EDGE ( 'NONE', *, *, #1953, .T. ) ;
#2631 = ORIENTED_EDGE ( 'NONE', *, *, #1027, .F. ) ;
#2632 = ORIENTED_EDGE ( 'NONE', *, *, #694, .T. ) ;
#2633 = EDGE_CURVE ( 'NONE', #677, #582, #2853, .T. ) ;
#2634 = MECHANICAL_DESIGN_GEOMETRIC_PRESENTATION_REPRESENTATION (  '', ( #2117 ), #3547 ) ;
#2635 = VERTEX_POINT ( 'NONE', #2822 ) ;
#2636 = EDGE_CURVE ( 'NONE', #1572, #2546, #5784, .T. ) ;
#2637 = DIRECTION ( 'NONE',  ( 0.000000000000000000, 0.000000000000000000, 1.000000000000000000 ) ) ;
#2638 = COLOUR_RGB ( '',0.7960784313725489669, 0.8235294117647058432, 0.9372549019607843146 ) ;
#2639 = CARTESIAN_POINT ( 'NONE',  ( -2.374999999999999556, 2.500000000000000444, -0.9499999999999992895 ) ) ;
#2640 = ORIENTED_EDGE ( 'NONE', *, *, #4121, .T. ) ;
#2641 = VERTEX_POINT ( 'NONE', #2364 ) ;
#2642 = EDGE_CURVE ( 'NONE', #1203, #2260, #1431, .T. ) ;
#2643 = ORIENTED_EDGE ( 'NONE', *, *, #3219, .F. ) ;
#2644 = LINE ( 'NONE', #3320, #1047 ) ;
#2645 = DIRECTION ( 'NONE',  ( 1.000000000000000000, 0.000000000000000000, -5.965348954528222655E-17 ) ) ;
#2646 = VERTEX_POINT ( 'NONE', #421 ) ;
#2647 = DIRECTION ( 'NONE',  ( 0.000000000000000000, -1.000000000000000000, -0.000000000000000000 ) ) ;
#2648 = AXIS2_PLACEMENT_3D ( 'NONE', #1086, #3535, #2013 ) ;
#2649 = CARTESIAN_POINT ( 'NONE',  ( 0.000000000000000000, 0.2000000000000000111, -1.350000000000000089 ) ) ;
#2650 = CARTESIAN_POINT ( 'NONE',  ( 4.035000000000000142, 2.299999999999999822, -1.300000000000000266 ) ) ;
#2651 = SHAPE_REPRESENTATION_RELATIONSHIP ( 'NONE' , 'NONE' ,  #2927, #109 ) ;
#2652 = AXIS2_PLACEMENT_3D ( 'NONE', #2025, #2139, #3978 ) ;
#2653 = DIRECTION ( 'NONE',  ( 1.000000000000000000, 0.000000000000000000, 0.000000000000000000 ) ) ;
#2654 = CARTESIAN_POINT ( 'NONE',  ( 1.625000000000000000, 0.3499999999999999778, -2.799999999999999822 ) ) ;
#2655 = ORIENTED_EDGE ( 'NONE', *, *, #4101, .F. ) ;
#2656 = CARTESIAN_POINT ( 'NONE',  ( 0.000000000000000000, 0.2000000000000000111, -1.350000000000000089 ) ) ;
#2657 = DIRECTION ( 'NONE',  ( 0.000000000000000000, -1.000000000000000000, -0.000000000000000000 ) ) ;
#2658 = VECTOR ( 'NONE', #4029, 1000.000000000000000 ) ;
#2659 = AXIS2_PLACEMENT_3D ( 'NONE', #2664, #3144, #5526 ) ;
#2660 = AXIS2_PLACEMENT_3D ( 'NONE', #5217, #440, #2354 ) ;
#2661 = DIRECTION ( 'NONE',  ( 0.000000000000000000, -1.000000000000000000, 0.000000000000000000 ) ) ;
#2662 = ORIENTED_EDGE ( 'NONE', *, *, #1884, .F. ) ;
#2663 = VECTOR ( 'NONE', #3956, 1000.000000000000000 ) ;
#2664 = CARTESIAN_POINT ( 'NONE',  ( 4.234999999999999432, 9.129072045307475847, -1.350000000000000089 ) ) ;
#2665 = DIRECTION ( 'NONE',  ( 0.000000000000000000, -0.000000000000000000, -1.000000000000000000 ) ) ;
#2666 = VECTOR ( 'NONE', #4087, 1000.000000000000000 ) ;
#2667 = CARTESIAN_POINT ( 'NONE',  ( -2.887098013116944362, 0.1098505867410887460, -0.2838077876826127777 ) ) ;
#2668 = PLANE ( 'NONE',  #2689 ) ;
#2669 = DIRECTION ( 'NONE',  ( 0.000000000000000000, -1.000000000000000000, 0.000000000000000000 ) ) ;
#2670 = LINE ( 'NONE', #4669, #1881 ) ;
#2671 = VECTOR ( 'NONE', #3083, 1000.000000000000000 ) ;
#2672 = CARTESIAN_POINT ( 'NONE',  ( 0.8115230632620006324, 2.299999999999999822, -1.350000000000000089 ) ) ;
#2673 = ORIENTED_EDGE ( 'NONE', *, *, #3155, .T. ) ;
#2674 = ORIENTED_EDGE ( 'NONE', *, *, #3972, .T. ) ;
#2675 = EDGE_LOOP ( 'NONE', ( #4489, #2087, #3430, #1407, #334 ) ) ;
#2676 = ADVANCED_FACE ( 'NONE', ( #2888 ), #6123, .F. ) ;
#2677 = VERTEX_POINT ( 'NONE', #4249 ) ;
#2678 = DIRECTION ( 'NONE',  ( 0.000000000000000000, 1.000000000000000000, 0.000000000000000000 ) ) ;
#2679 = DIRECTION ( 'NONE',  ( 1.000000000000000000, 0.000000000000000000, 0.000000000000000000 ) ) ;
#2680 = VERTEX_POINT ( 'NONE', #4785 ) ;
#2681 = LINE ( 'NONE', #2839, #4850 ) ;
#2682 = DIRECTION ( 'NONE',  ( 0.000000000000000000, -1.000000000000000000, -0.000000000000000000 ) ) ;
#2683 = ORIENTED_EDGE ( 'NONE', *, *, #3573, .T. ) ;
#2684 = DIRECTION ( 'NONE',  ( -1.000000000000000000, 0.000000000000000000, 0.000000000000000000 ) ) ;
#2685 = EDGE_CURVE ( 'NONE', #1948, #2116, #4219, .T. ) ;
#2686 = CARTESIAN_POINT ( 'NONE',  ( -0.7621358577874927098, 0.2000000000000000111, 0.9004181244342598367 ) ) ;
#2687 = EDGE_CURVE ( 'NONE', #4889, #4202, #3850, .T. ) ;
#2688 = ADVANCED_FACE ( 'NONE', ( #5283 ), #2328, .F. ) ;
#2689 = AXIS2_PLACEMENT_3D ( 'NONE', #800, #4572, #2206 ) ;
#2690 = DIRECTION ( 'NONE',  ( 0.000000000000000000, 0.000000000000000000, -1.000000000000000000 ) ) ;
#2691 =( NAMED_UNIT ( * ) SI_UNIT ( $, .STERADIAN. ) SOLID_ANGLE_UNIT ( ) );
#2692 = DIRECTION ( 'NONE',  ( 0.000000000000000000, -1.000000000000000000, -0.000000000000000000 ) ) ;
#2693 = LINE ( 'NONE', #5031, #3847 ) ;
#2694 = VERTEX_POINT ( 'NONE', #3883 ) ;
#2695 = CARTESIAN_POINT ( 'NONE',  ( -4.535000000000000142, 0.2000000000000000111, 2.650000000000000355 ) ) ;
#2696 = DIRECTION ( 'NONE',  ( 0.000000000000000000, 0.000000000000000000, 1.000000000000000000 ) ) ;
#2697 = LINE ( 'NONE', #6098, #6152 ) ;
#2698 = ORIENTED_EDGE ( 'NONE', *, *, #4702, .T. ) ;
#2699 = DIRECTION ( 'NONE',  ( -0.000000000000000000, -0.7071067811865490160, -0.7071067811865460184 ) ) ;
#2700 = CARTESIAN_POINT ( 'NONE',  ( -6.535000000000000142, 2.049999999999999822, -1.350000000000000089 ) ) ;
#2701 = PLANE ( 'NONE',  #572 ) ;
#2702 = CARTESIAN_POINT ( 'NONE',  ( -3.635000000000000231, 2.299999999999999822, -1.149999999999999911 ) ) ;
#2703 = DIRECTION ( 'NONE',  ( 0.000000000000000000, 0.000000000000000000, 1.000000000000000000 ) ) ;
#2704 = ORIENTED_EDGE ( 'NONE', *, *, #1568, .T. ) ;
#2705 = ORIENTED_EDGE ( 'NONE', *, *, #2998, .T. ) ;
#2706 = VERTEX_POINT ( 'NONE', #5161 ) ;
#2707 = EDGE_CURVE ( 'NONE', #3399, #1542, #2791, .T. ) ;
#2708 = CARTESIAN_POINT ( 'NONE',  ( -4.035000000000000142, 2.299999999999999822, -1.300000000000000266 ) ) ;
#2709 = DIRECTION ( 'NONE',  ( 0.000000000000000000, 1.000000000000000000, 0.000000000000000000 ) ) ;
#2710 = ORIENTED_EDGE ( 'NONE', *, *, #3934, .T. ) ;
#2711 = DIRECTION ( 'NONE',  ( 1.000000000000000000, -0.000000000000000000, 2.891205793294679312E-16 ) ) ;
#2712 = ORIENTED_EDGE ( 'NONE', *, *, #2439, .F. ) ;
#2713 = DIRECTION ( 'NONE',  ( 0.000000000000000000, -1.000000000000000000, 0.000000000000000000 ) ) ;
#2714 = FACE_OUTER_BOUND ( 'NONE', #3486, .T. ) ;
#2715 = CARTESIAN_POINT ( 'NONE',  ( 0.000000000000000000, 9.129072045307475847, -1.350000000000000089 ) ) ;
#2716 = CARTESIAN_POINT ( 'NONE',  ( 1.625000000000000666, 0.2000000000000000944, -0.9499999999999992895 ) ) ;
#2717 = EDGE_CURVE ( 'NONE', #3903, #3389, #629, .T. ) ;
#2718 = CARTESIAN_POINT ( 'NONE',  ( 3.549999999999999822, 2.421762239271879391, 0.4482050807568974116 ) ) ;
#2719 = ORIENTED_EDGE ( 'NONE', *, *, #912, .T. ) ;
#2720 = PRODUCT_DEFINITION_SHAPE ( 'NONE', 'NONE',  #6206 ) ;
#2721 = DIRECTION ( 'NONE',  ( 8.898577864680272081E-17, -0.7071067811865461294, 0.7071067811865490160 ) ) ;
#2722 = VECTOR ( 'NONE', #5749, 1000.000000000000000 ) ;
#2723 = FACE_OUTER_BOUND ( 'NONE', #1366, .T. ) ;
#2724 = ORIENTED_EDGE ( 'NONE', *, *, #1512, .F. ) ;
#2725 = EDGE_CURVE ( 'NONE', #2646, #1436, #2545, .T. ) ;
#2726 = EDGE_LOOP ( 'NONE', ( #2914, #5240, #2091, #5350 ) ) ;
#2727 = LINE ( 'NONE', #4628, #3566 ) ;
#2728 = VECTOR ( 'NONE', #687, 1000.000000000000000 ) ;
#2729 = DIRECTION ( 'NONE',  ( -0.000000000000000000, -1.000000000000000000, -0.000000000000000000 ) ) ;
#2730 = CARTESIAN_POINT ( 'NONE',  ( 1.625000000000000000, 0.8471798001561450242, -1.550000000000000044 ) ) ;
#2731 = CARTESIAN_POINT ( 'NONE',  ( 4.535000000000000142, 0.2000000000000000111, 2.650000000000000355 ) ) ;
#2732 = CARTESIAN_POINT ( 'NONE',  ( 4.860000000000001208, 0.4500000000000011768, 1.656341625576287280 ) ) ;
#2733 = VERTEX_POINT ( 'NONE', #660 ) ;
#2734 = ORIENTED_EDGE ( 'NONE', *, *, #4215, .F. ) ;
#2735 = VERTEX_POINT ( 'NONE', #2039 ) ;
#2736 = ORIENTED_EDGE ( 'NONE', *, *, #1790, .F. ) ;
#2737 = VECTOR ( 'NONE', #492, 1000.000000000000000 ) ;
#2738 = VECTOR ( 'NONE', #5971, 1000.000000000000000 ) ;
#2739 = DIRECTION ( 'NONE',  ( 0.000000000000000000, -1.000000000000000000, -0.000000000000000000 ) ) ;
#2740 = ORIENTED_EDGE ( 'NONE', *, *, #531, .F. ) ;
#2741 = VERTEX_POINT ( 'NONE', #3477 ) ;
#2742 = AXIS2_PLACEMENT_3D ( 'NONE', #4145, #5608, #5579 ) ;
#2743 = CARTESIAN_POINT ( 'NONE',  ( -5.760000000000000675, 2.050000000000003375, 1.656341625576287280 ) ) ;
#2744 = ORIENTED_EDGE ( 'NONE', *, *, #6042, .T. ) ;
#2745 = LINE ( 'NONE', #1768, #4766 ) ;
#2746 = DIRECTION ( 'NONE',  ( -1.000000000000000000, 0.000000000000000000, 0.000000000000000000 ) ) ;
#2747 = LINE ( 'NONE', #2649, #4129 ) ;
#2748 = DIRECTION ( 'NONE',  ( -1.000000000000000000, 0.000000000000000000, 0.000000000000000000 ) ) ;
#2749 = DIRECTION ( 'NONE',  ( 1.000000000000000000, 0.000000000000000000, 0.000000000000000000 ) ) ;
#2750 = CARTESIAN_POINT ( 'NONE',  ( -1.811523063261999633, 2.500000000000000444, -1.350000000000000533 ) ) ;
#2751 = PLANE ( 'NONE',  #700 ) ;
#2752 = EDGE_LOOP ( 'NONE', ( #4598, #5367, #4013, #2507 ) ) ;
#2753 = LINE ( 'NONE', #389, #1637 ) ;
#2754 = DIRECTION ( 'NONE',  ( 1.000000000000000000, 0.000000000000000000, 0.000000000000000000 ) ) ;
#2755 = EDGE_CURVE ( 'NONE', #1858, #4790, #4403, .T. ) ;
#2756 = AXIS2_PLACEMENT_3D ( 'NONE', #2338, #4387, #1998 ) ;
#2757 = VECTOR ( 'NONE', #2267, 1000.000000000000000 ) ;
#2758 = CARTESIAN_POINT ( 'NONE',  ( 0.000000000000000000, 2.479999999999999982, -4.244925670375280014 ) ) ;
#2759 = ORIENTED_EDGE ( 'NONE', *, *, #3612, .T. ) ;
#2760 = AXIS2_PLACEMENT_3D ( 'NONE', #3167, #5101, #316 ) ;
#2761 = CARTESIAN_POINT ( 'NONE',  ( 4.035000000000000142, 2.299999999999999822, -1.182842712474618807 ) ) ;
#2762 = DIRECTION ( 'NONE',  ( 1.000000000000000000, 0.000000000000000000, 0.000000000000000000 ) ) ;
#2763 = CARTESIAN_POINT ( 'NONE',  ( -6.535000000000000142, 0.4500000000000000111, 2.650000000000001688 ) ) ;
#2764 = VECTOR ( 'NONE', #4067, 1000.000000000000000 ) ;
#2765 = LINE ( 'NONE', #367, #4473 ) ;
#2766 = CARTESIAN_POINT ( 'NONE',  ( 3.835000000000000409, 0.2000000000000000111, 0.1499999999999995226 ) ) ;
#2767 = LINE ( 'NONE', #3280, #5679 ) ;
#2768 = ADVANCED_FACE ( 'NONE', ( #2014 ), #1014, .F. ) ;
#2769 = PLANE ( 'NONE',  #2332 ) ;
#2770 = EDGE_LOOP ( 'NONE', ( #4828, #3079, #2601, #4664 ) ) ;
#2771 = EDGE_CURVE ( 'NONE', #1742, #1979, #4458, .T. ) ;
#2772 = VECTOR ( 'NONE', #1546, 1000.000000000000000 ) ;
#2773 = ORIENTED_EDGE ( 'NONE', *, *, #2834, .T. ) ;
#2774 = ORIENTED_EDGE ( 'NONE', *, *, #3226, .F. ) ;
#2775 = VECTOR ( 'NONE', #6148, 1000.000000000000000 ) ;
#2776 = VERTEX_POINT ( 'NONE', #5812 ) ;
#2777 = AXIS2_PLACEMENT_3D ( 'NONE', #2619, #4525, #4068 ) ;
#2778 = CARTESIAN_POINT ( 'NONE',  ( -4.535000000000000142, 0.4500000000000002887, 2.650000000000001688 ) ) ;
#2779 = ORIENTED_EDGE ( 'NONE', *, *, #4902, .F. ) ;
#2780 = VECTOR ( 'NONE', #2703, 1000.000000000000000 ) ;
#2781 = VECTOR ( 'NONE', #922, 1000.000000000000000 ) ;
#2782 = DIRECTION ( 'NONE',  ( -0.3420201433256684354, 6.013280796121514840E-17, 0.9396926207859085389 ) ) ;
#2783 = CARTESIAN_POINT ( 'NONE',  ( 4.035000000000000142, 2.299999999999999822, 0.1499999999999995226 ) ) ;
#2784 = ORIENTED_EDGE ( 'NONE', *, *, #3900, .T. ) ;
#2785 = CARTESIAN_POINT ( 'NONE',  ( 1.625000000000000000, 0.1794675324079980094, -1.483143174397928199 ) ) ;
#2786 = VECTOR ( 'NONE', #3825, 1000.000000000000000 ) ;
#2787 = VECTOR ( 'NONE', #2877, 1000.000000000000114 ) ;
#2788 = CARTESIAN_POINT ( 'NONE',  ( 5.535000000000000142, 9.129072045307475847, 1.531341625576287724 ) ) ;
#2789 = EDGE_CURVE ( 'NONE', #676, #2431, #1049, .T. ) ;
#2790 = PLANE ( 'NONE',  #2349 ) ;
#2791 = LINE ( 'NONE', #1376, #1724 ) ;
#2792 = ORIENTED_EDGE ( 'NONE', *, *, #1487, .F. ) ;
#2793 = LINE ( 'NONE', #2695, #2764 ) ;
#2794 = CARTESIAN_POINT ( 'NONE',  ( 2.811523063262000743, 0.2000000000000005107, -1.350000000000000533 ) ) ;
#2795 = LINE ( 'NONE', #359, #3403 ) ;
#2796 = LINE ( 'NONE', #2859, #206 ) ;
#2797 = ORIENTED_EDGE ( 'NONE', *, *, #911, .F. ) ;
#2798 = PLANE ( 'NONE',  #143 ) ;
#2799 = VERTEX_POINT ( 'NONE', #3536 ) ;
#2800 = VERTEX_POINT ( 'NONE', #1514 ) ;
#2801 = CARTESIAN_POINT ( 'NONE',  ( 3.549999999999999822, 0.2000000000000000111, -0.9499999999999986233 ) ) ;
#2802 = LINE ( 'NONE', #4666, #4563 ) ;
#2803 = LINE ( 'NONE', #4701, #664 ) ;
#2804 = PLANE ( 'NONE',  #254 ) ;
#2805 = EDGE_CURVE ( 'NONE', #1662, #868, #3509, .T. ) ;
#2806 = ORIENTED_EDGE ( 'NONE', *, *, #1831, .F. ) ;
#2807 = ORIENTED_EDGE ( 'NONE', *, *, #3759, .T. ) ;
#2808 = ORIENTED_EDGE ( 'NONE', *, *, #5625, .F. ) ;
#2809 = ORIENTED_EDGE ( 'NONE', *, *, #4254, .F. ) ;
#2810 = ADVANCED_FACE ( 'NONE', ( #601 ), #2455, .F. ) ;
#2811 = FACE_OUTER_BOUND ( 'NONE', #456, .T. ) ;
#2812 = EDGE_CURVE ( 'NONE', #4569, #4203, #1990, .T. ) ;
#2813 = DIRECTION ( 'NONE',  ( 0.000000000000000000, 0.000000000000000000, -1.000000000000000000 ) ) ;
#2814 = AXIS2_PLACEMENT_3D ( 'NONE', #5695, #994, #1848 ) ;
#2815 = EDGE_LOOP ( 'NONE', ( #1240, #4086, #1424, #3233 ) ) ;
#2816 = EDGE_CURVE ( 'NONE', #770, #2879, #5843, .T. ) ;
#2817 = ORIENTED_EDGE ( 'NONE', *, *, #4923, .F. ) ;
#2818 = FACE_OUTER_BOUND ( 'NONE', #1447, .T. ) ;
#2819 = UNCERTAINTY_MEASURE_WITH_UNIT (LENGTH_MEASURE( 1.000000000000000082E-05 ), #3422, 'distance_accuracy_value', 'NONE');
#2820 = CARTESIAN_POINT ( 'NONE',  ( 3.635000000000000231, 0.2000000000000000111, -0.9499999999999986233 ) ) ;
#2821 = CARTESIAN_POINT ( 'NONE',  ( 4.535000000000000142, 2.049999999999999822, 2.650000000000000355 ) ) ;
#2822 = CARTESIAN_POINT ( 'NONE',  ( 1.625000000000000000, 0.000000000000000000, -2.799999999999999822 ) ) ;
#2823 = ORIENTED_EDGE ( 'NONE', *, *, #2843, .T. ) ;
#2824 = PLANE ( 'NONE',  #45 ) ;
#2825 = CARTESIAN_POINT ( 'NONE',  ( 2.625000000000000444, 0.2000000000000000944, -0.9499999999999992895 ) ) ;
#2826 = VERTEX_POINT ( 'NONE', #4376 ) ;
#2827 = ORIENTED_EDGE ( 'NONE', *, *, #3194, .T. ) ;
#2828 = FACE_OUTER_BOUND ( 'NONE', #1163, .T. ) ;
#2829 = VERTEX_POINT ( 'NONE', #5372 ) ;
#2830 = CARTESIAN_POINT ( 'NONE',  ( -1.188476936737999257, 2.500000000000000444, -1.350000000000000533 ) ) ;
#2831 = CARTESIAN_POINT ( 'NONE',  ( 3.549999999999999822, 0.2000000000000000111, -1.149999999999999911 ) ) ;
#2832 = VECTOR ( 'NONE', #919, 1000.000000000000000 ) ;
#2833 = DIRECTION ( 'NONE',  ( 1.000000000000000000, 0.000000000000000000, 0.000000000000000000 ) ) ;
#2834 = EDGE_CURVE ( 'NONE', #2158, #5630, #3441, .T. ) ;
#2835 = ORIENTED_EDGE ( 'NONE', *, *, #5581, .F. ) ;
#2836 = VERTEX_POINT ( 'NONE', #542 ) ;
#2837 = ORIENTED_EDGE ( 'NONE', *, *, #2725, .T. ) ;
#2838 = EDGE_CURVE ( 'NONE', #1195, #5595, #2953, .T. ) ;
#2839 = CARTESIAN_POINT ( 'NONE',  ( 4.785000000000000142, 2.299999999999999822, 1.531341625576287502 ) ) ;
#2840 = CARTESIAN_POINT ( 'NONE',  ( 0.000000000000000000, 2.500000000000000000, 0.000000000000000000 ) ) ;
#2841 = ORIENTED_EDGE ( 'NONE', *, *, #640, .T. ) ;
#2842 = FACE_OUTER_BOUND ( 'NONE', #3467, .T. ) ;
#2843 = EDGE_CURVE ( 'NONE', #5115, #5576, #4906, .T. ) ;
#2844 = ORIENTED_EDGE ( 'NONE', *, *, #1716, .T. ) ;
#2845 = VECTOR ( 'NONE', #5499, 1000.000000000000000 ) ;
#2846 = ADVANCED_FACE ( 'NONE', ( #4430 ), #3969, .F. ) ;
#2847 = CARTESIAN_POINT ( 'NONE',  ( 4.535000000000000142, 0.4500000000000000111, -0.6499999999999951372 ) ) ;
#2848 = DIRECTION ( 'NONE',  ( 0.000000000000000000, 1.000000000000000000, 0.000000000000000000 ) ) ;
#2849 = VECTOR ( 'NONE', #963, 1000.000000000000000 ) ;
#2850 = EDGE_CURVE ( 'NONE', #533, #1619, #5902, .T. ) ;
#2851 = DIRECTION ( 'NONE',  ( 0.000000000000000000, 0.000000000000000000, 1.000000000000000000 ) ) ;
#2852 = CARTESIAN_POINT ( 'NONE',  ( 1.625000000000000000, 0.000000000000000000, -2.799999999999999822 ) ) ;
#2853 = LINE ( 'NONE', #4309, #4419 ) ;
#2854 = ORIENTED_EDGE ( 'NONE', *, *, #2636, .T. ) ;
#2855 = CARTESIAN_POINT ( 'NONE',  ( 5.935000000000000497, 2.299999999999999822, -0.9000000000000001332 ) ) ;
#2856 = CARTESIAN_POINT ( 'NONE',  ( 4.035000000000000142, 0.2000000000000000111, 0.9000000000000003553 ) ) ;
#2857 = CARTESIAN_POINT ( 'NONE',  ( 1.625000000000000000, 0.8471798001561450242, -1.300000000000000044 ) ) ;
#2858 = VECTOR ( 'NONE', #5957, 1000.000000000000000 ) ;
#2859 = CARTESIAN_POINT ( 'NONE',  ( -0.6249999999999992228, 2.500000000000000444, -0.9499999999999992895 ) ) ;
#2860 = ORIENTED_EDGE ( 'NONE', *, *, #5927, .T. ) ;
#2861 = AXIS2_PLACEMENT_3D ( 'NONE', #3945, #5428, #77 ) ;
#2862 = LINE ( 'NONE', #2372, #3311 ) ;
#2863 = VERTEX_POINT ( 'NONE', #1603 ) ;
#2864 = DIRECTION ( 'NONE',  ( 0.000000000000000000, 0.000000000000000000, 1.000000000000000000 ) ) ;
#2865 = LINE ( 'NONE', #5295, #5170 ) ;
#2866 = DIRECTION ( 'NONE',  ( 0.000000000000000000, -1.000000000000000000, 0.000000000000000000 ) ) ;
#2867 = VECTOR ( 'NONE', #3400, 1000.000000000000000 ) ;
#2868 = EDGE_LOOP ( 'NONE', ( #3961, #3556, #5992, #5585, #4846, #1755, #2774 ) ) ;
#2869 = VERTEX_POINT ( 'NONE', #5421 ) ;
#2870 = EDGE_LOOP ( 'NONE', ( #271, #2599, #5050, #4234 ) ) ;
#2871 = ORIENTED_EDGE ( 'NONE', *, *, #375, .F. ) ;
#2872 = VECTOR ( 'NONE', #6074, 1000.000000000000000 ) ;
#2873 = CARTESIAN_POINT ( 'NONE',  ( 4.035000000000000142, 2.299999999999999822, 0.9000000000000003553 ) ) ;
#2874 = EDGE_CURVE ( 'NONE', #4175, #2028, #2576, .T. ) ;
#2875 = AXIS2_PLACEMENT_3D ( 'NONE', #5783, #5309, #3041 ) ;
#2876 = ORIENTED_EDGE ( 'NONE', *, *, #635, .T. ) ;
#2877 = DIRECTION ( 'NONE',  ( 0.000000000000000000, 0.7071067811865460184, 0.7071067811865490160 ) ) ;
#2878 = VECTOR ( 'NONE', #2222, 1000.000000000000000 ) ;
#2879 = VERTEX_POINT ( 'NONE', #2743 ) ;
#2880 = ORIENTED_EDGE ( 'NONE', *, *, #2874, .T. ) ;
#2881 = CIRCLE ( 'NONE', #148, 0.2500000000000000000 ) ;
#2882 = CARTESIAN_POINT ( 'NONE',  ( -5.935000000000000497, 2.500000000000000000, -0.9000000000000001332 ) ) ;
#2883 = UNCERTAINTY_MEASURE_WITH_UNIT (LENGTH_MEASURE( 1.000000000000000082E-05 ), #224, 'distance_accuracy_value', 'NONE');
#2884 = VECTOR ( 'NONE', #3828, 1000.000000000000000 ) ;
#2885 = ORIENTED_EDGE ( 'NONE', *, *, #5447, .T. ) ;
#2886 = APPLICATION_PROTOCOL_DEFINITION ( 'draft international standard', 'automotive_design', 1998, #1576 ) ;
#2887 = DIRECTION ( 'NONE',  ( 0.000000000000000000, -1.000000000000000000, 0.000000000000000000 ) ) ;
#2888 = FACE_OUTER_BOUND ( 'NONE', #4800, .T. ) ;
#2889 = VERTEX_POINT ( 'NONE', #5965 ) ;
#2890 = EDGE_CURVE ( 'NONE', #217, #5704, #2259, .T. ) ;
#2891 = DIRECTION ( 'NONE',  ( -0.7071067811865489050, -0.7071067811865462405, 0.000000000000000000 ) ) ;
#2892 = DIRECTION ( 'NONE',  ( 0.4226182617406998854, 0.000000000000000000, -0.9063077870366497146 ) ) ;
#2893 = EDGE_CURVE ( 'NONE', #4776, #4813, #3196, .T. ) ;
#2894 = LINE ( 'NONE', #2424, #918 ) ;
#2895 = PRODUCT_DEFINITION_CONTEXT ( 'detailed design', #5746, 'design' ) ;
#2896 = ORIENTED_EDGE ( 'NONE', *, *, #1027, .T. ) ;
#2897 = DIRECTION ( 'NONE',  ( 0.000000000000000000, 0.000000000000000000, 1.000000000000000000 ) ) ;
#2898 = DIRECTION ( 'NONE',  ( -0.000000000000000000, -1.000000000000000000, -0.000000000000000000 ) ) ;
#2899 = VERTEX_POINT ( 'NONE', #4117 ) ;
#2900 = CARTESIAN_POINT ( 'NONE',  ( 3.549999999999999378, 1.299999999999999156, 0.6500000000000007994 ) ) ;
#2901 = DIRECTION ( 'NONE',  ( 1.000000000000000000, 0.000000000000000000, 0.000000000000000000 ) ) ;
#2902 = CARTESIAN_POINT ( 'NONE',  ( 3.835000000000000409, 2.299999999999999822, -1.182842712474618807 ) ) ;
#2903 = LINE ( 'NONE', #4265, #3932 ) ;
#2904 = ORIENTED_EDGE ( 'NONE', *, *, #3456, .F. ) ;
#2905 = ORIENTED_EDGE ( 'NONE', *, *, #4509, .T. ) ;
#2906 = VERTEX_POINT ( 'NONE', #1172 ) ;
#2907 = EDGE_LOOP ( 'NONE', ( #3206, #388, #4096, #2284 ) ) ;
#2908 = LINE ( 'NONE', #2873, #241 ) ;
#2909 = LINE ( 'NONE', #5771, #1959 ) ;
#2910 = DIRECTION ( 'NONE',  ( 0.000000000000000000, -1.000000000000000000, 0.000000000000000000 ) ) ;
#2911 = VECTOR ( 'NONE', #2264, 1000.000000000000000 ) ;
#2912 = ORIENTED_EDGE ( 'NONE', *, *, #4454, .F. ) ;
#2913 = EDGE_CURVE ( 'NONE', #5106, #3151, #216, .T. ) ;
#2914 = ORIENTED_EDGE ( 'NONE', *, *, #3880, .F. ) ;
#2915 = ORIENTED_EDGE ( 'NONE', *, *, #6035, .F. ) ;
#2916 = LINE ( 'NONE', #4742, #743 ) ;
#2917 = EDGE_CURVE ( 'NONE', #2012, #2741, #756, .T. ) ;
#2918 = ORIENTED_EDGE ( 'NONE', *, *, #2199, .T. ) ;
#2919 = PRODUCT_CONTEXT ( 'NONE', #3632, 'mechanical' ) ;
#2920 = FACE_OUTER_BOUND ( 'NONE', #4546, .T. ) ;
#2921 = LINE ( 'NONE', #1904, #3142 ) ;
#2922 = EDGE_LOOP ( 'NONE', ( #2944, #1136, #2350, #841 ) ) ;
#2923 = EDGE_CURVE ( 'NONE', #1311, #990, #4987, .T. ) ;
#2924 = CARTESIAN_POINT ( 'NONE',  ( 5.535000000000000142, 2.299999999999999822, 1.531341625576287280 ) ) ;
#2925 = DIRECTION ( 'NONE',  ( -0.000000000000000000, 0.000000000000000000, -1.000000000000000000 ) ) ;
#2926 = LINE ( 'NONE', #1787, #3541 ) ;
#2927 = SHAPE_REPRESENTATION ( 'FFC3B11-xxxx_06', ( #926 ), #5424 ) ;
#2928 = VERTEX_POINT ( 'NONE', #4088 ) ;
#2929 = EDGE_CURVE ( 'NONE', #741, #2345, #5063, .T. ) ;
#2930 = CARTESIAN_POINT ( 'NONE',  ( -4.234999999999999432, 0.2000000000000000111, -1.149999999999999911 ) ) ;
#2931 = ADVANCED_FACE ( 'NONE', ( #4053 ), #4550, .F. ) ;
#2932 = DIRECTION ( 'NONE',  ( 0.000000000000000000, 0.000000000000000000, 1.000000000000000000 ) ) ;
#2933 = ORIENTED_EDGE ( 'NONE', *, *, #252, .T. ) ;
#2934 = PLANE ( 'NONE',  #1548 ) ;
#2935 = LINE ( 'NONE', #2831, #5668 ) ;
#2936 = DIRECTION ( 'NONE',  ( 0.000000000000000000, 0.000000000000000000, 1.000000000000000000 ) ) ;
#2937 = LINE ( 'NONE', #2401, #5729 ) ;
#2938 = EDGE_CURVE ( 'NONE', #2869, #559, #4516, .T. ) ;
#2939 = ORIENTED_EDGE ( 'NONE', *, *, #4844, .T. ) ;
#2940 = ORIENTED_EDGE ( 'NONE', *, *, #3010, .F. ) ;
#2941 = LINE ( 'NONE', #3370, #2867 ) ;
#2942 = LINE ( 'NONE', #1505, #2142 ) ;
#2943 = ORIENTED_EDGE ( 'NONE', *, *, #494, .F. ) ;
#2944 = ORIENTED_EDGE ( 'NONE', *, *, #1620, .T. ) ;
#2945 = CARTESIAN_POINT ( 'NONE',  ( -6.299999999999999822, 0.3800000000000013922, 3.950000000000001954 ) ) ;
#2946 = DIRECTION ( 'NONE',  ( 0.000000000000000000, 0.000000000000000000, -1.000000000000000000 ) ) ;
#2947 = CARTESIAN_POINT ( 'NONE',  ( 0.000000000000000000, 2.250000000000000000, 0.000000000000000000 ) ) ;
#2948 = VECTOR ( 'NONE', #2114, 1000.000000000000000 ) ;
#2949 = ORIENTED_EDGE ( 'NONE', *, *, #2923, .F. ) ;
#2950 = CONTEXT_DEPENDENT_SHAPE_REPRESENTATION ( #2083, #5008 ) ;
#2951 = DIRECTION ( 'NONE',  ( 1.000000000000000000, 0.000000000000000000, 0.000000000000000000 ) ) ;
#2952 = VECTOR ( 'NONE', #1096, 1000.000000000000000 ) ;
#2953 = LINE ( 'NONE', #5873, #3678 ) ;
#2954 = EDGE_LOOP ( 'NONE', ( #2854, #2885, #2257, #1284 ) ) ;
#2955 = DIRECTION ( 'NONE',  ( 0.4226182617406998854, 0.000000000000000000, 0.9063077870366497146 ) ) ;
#2956 = VECTOR ( 'NONE', #5816, 1000.000000000000000 ) ;
#2957 = CARTESIAN_POINT ( 'NONE',  ( -3.699999999999999289, 1.300000000000000044, 2.650000000000001243 ) ) ;
#2958 = DIRECTION ( 'NONE',  ( 1.912594791595156631E-16, 0.000000000000000000, -1.000000000000000000 ) ) ;
#2959 = AXIS2_PLACEMENT_3D ( 'NONE', #4542, #5959, #3624 ) ;
#2960 = ADVANCED_FACE ( 'NONE', ( #2128 ), #4584, .F. ) ;
#2961 = CARTESIAN_POINT ( 'NONE',  ( 6.500000000000001776, 0.1799999999999999933, -4.244925670375280014 ) ) ;
#2962 = AXIS2_PLACEMENT_3D ( 'NONE', #4685, #5616, #2749 ) ;
#2963 = VECTOR ( 'NONE', #1930, 1000.000000000000000 ) ;
#2964 = DIRECTION ( 'NONE',  ( 1.711898167082376006E-16, -0.000000000000000000, 1.000000000000000000 ) ) ;
#2965 = VERTEX_POINT ( 'NONE', #1691 ) ;
#2966 = DIRECTION ( 'NONE',  ( 0.4226182617406998854, 0.000000000000000000, -0.9063077870366497146 ) ) ;
#2967 = CIRCLE ( 'NONE', #2959, 0.1999999999999996503 ) ;
#2968 = FACE_OUTER_BOUND ( 'NONE', #293, .T. ) ;
#2969 = EDGE_CURVE ( 'NONE', #2115, #602, #715, .T. ) ;
#2970 = CARTESIAN_POINT ( 'NONE',  ( -3.699999999999999734, 0.1799999999999996325, 3.125756774163613638 ) ) ;
#2971 = EDGE_LOOP ( 'NONE', ( #5828, #3264, #1618, #3143, #5380, #4043, #1225, #626 ) ) ;
#2972 = ORIENTED_EDGE ( 'NONE', *, *, #203, .F. ) ;
#2973 = ORIENTED_EDGE ( 'NONE', *, *, #5392, .T. ) ;
#2974 = CARTESIAN_POINT ( 'NONE',  ( -10.05810562561766375, 2.050000000000003375, 2.650000000000000355 ) ) ;
#2975 = CARTESIAN_POINT ( 'NONE',  ( 3.549999999999999822, 2.299999999999999822, -0.9499999999999986233 ) ) ;
#2976 = EDGE_CURVE ( 'NONE', #1436, #4109, #5482, .T. ) ;
#2977 = VECTOR ( 'NONE', #3809, 1000.000000000000000 ) ;
#2978 = ADVANCED_FACE ( 'NONE', ( #5510 ), #4180, .F. ) ;
#2979 = VERTEX_POINT ( 'NONE', #1629 ) ;
#2980 = ORIENTED_EDGE ( 'NONE', *, *, #2317, .T. ) ;
#2981 = VECTOR ( 'NONE', #5321, 1000.000000000000000 ) ;
#2982 = VERTEX_POINT ( 'NONE', #2187 ) ;
#2983 = VECTOR ( 'NONE', #4597, 999.9999999999998863 ) ;
#2984 = DIRECTION ( 'NONE',  ( 0.000000000000000000, -0.000000000000000000, 1.000000000000000000 ) ) ;
#2985 = VECTOR ( 'NONE', #3443, 1000.000000000000000 ) ;
#2986 = CARTESIAN_POINT ( 'NONE',  ( 4.785000000000000142, 9.129072045307475847, 2.400000000000000355 ) ) ;
#2987 = ORIENTED_EDGE ( 'NONE', *, *, #1756, .F. ) ;
#2988 = VECTOR ( 'NONE', #3929, 1000.000000000000000 ) ;
#2989 = VECTOR ( 'NONE', #6089, 1000.000000000000000 ) ;
#2990 = FACE_OUTER_BOUND ( 'NONE', #3744, .T. ) ;
#2991 = CARTESIAN_POINT ( 'NONE',  ( -3.549999999999999822, 1.800000000000000044, 2.650000000000000799 ) ) ;
#2992 = ORIENTED_EDGE ( 'NONE', *, *, #2287, .T. ) ;
#2993 = DIRECTION ( 'NONE',  ( 3.336006684570784088E-16, -0.000000000000000000, -1.000000000000000000 ) ) ;
#2994 = FACE_OUTER_BOUND ( 'NONE', #3310, .T. ) ;
#2995 = VECTOR ( 'NONE', #80, 1000.000000000000000 ) ;
#2996 = CARTESIAN_POINT ( 'NONE',  ( -4.035000000000000142, 2.299999999999999822, -1.182842712474618807 ) ) ;
#2997 = LINE ( 'NONE', #4882, #5563 ) ;
#2998 = EDGE_CURVE ( 'NONE', #1203, #2546, #3662, .T. ) ;
#2999 = CARTESIAN_POINT ( 'NONE',  ( -4.035000000000000142, 0.3999999999999993006, 0.1499999999999995226 ) ) ;
#3000 = LINE ( 'NONE', #5290, #4528 ) ;
#3001 = DIRECTION ( 'NONE',  ( 0.000000000000000000, 0.000000000000000000, 1.000000000000000000 ) ) ;
#3002 = ORIENTED_EDGE ( 'NONE', *, *, #4545, .T. ) ;
#3003 = DIRECTION ( 'NONE',  ( 2.282530889443167515E-16, 0.000000000000000000, -1.000000000000000000 ) ) ;
#3004 = DIRECTION ( 'NONE',  ( 0.5591929034707506796, 0.000000000000000000, 0.8290375725550390706 ) ) ;
#3005 = DIRECTION ( 'NONE',  ( -1.000000000000000000, 0.000000000000000000, 0.000000000000000000 ) ) ;
#3006 = ORIENTED_EDGE ( 'NONE', *, *, #5377, .F. ) ;
#3007 = CARTESIAN_POINT ( 'NONE',  ( 5.935000000000000497, 0.000000000000000000, -0.9000000000000001332 ) ) ;
#3008 = LINE ( 'NONE', #3870, #3871 ) ;
#3009 = ORIENTED_EDGE ( 'NONE', *, *, #6119, .F. ) ;
#3010 = EDGE_CURVE ( 'NONE', #2735, #2567, #5092, .T. ) ;
#3011 = EDGE_LOOP ( 'NONE', ( #5399, #1752, #5928, #1824 ) ) ;
#3012 = EDGE_CURVE ( 'NONE', #2299, #5742, #2220, .T. ) ;
#3013 = COLOUR_RGB ( '',0.7960784313725489669, 0.8235294117647058432, 0.9372549019607843146 ) ;
#3014 = DIRECTION ( 'NONE',  ( 0.000000000000000000, 1.000000000000000000, 0.000000000000000000 ) ) ;
#3015 = DIRECTION ( 'NONE',  ( 0.000000000000000000, 0.000000000000000000, -1.000000000000000000 ) ) ;
#3016 = VERTEX_POINT ( 'NONE', #3224 ) ;
#3017 = ADVANCED_FACE ( 'NONE', ( #5122 ), #814, .F. ) ;
#3018 = FACE_OUTER_BOUND ( 'NONE', #4290, .T. ) ;
#3019 = CARTESIAN_POINT ( 'NONE',  ( -3.549999999999999822, 0.8000000000000000444, -3.538156721182005526 ) ) ;
#3020 = ORIENTED_EDGE ( 'NONE', *, *, #2838, .F. ) ;
#3021 = DIRECTION ( 'NONE',  ( -1.000000000000000000, 1.758165685111629112E-16, 0.000000000000000000 ) ) ;
#3022 = DIRECTION ( 'NONE',  ( 0.000000000000000000, -0.000000000000000000, 1.000000000000000000 ) ) ;
#3023 = CARTESIAN_POINT ( 'NONE',  ( -4.035000000000000142, 0.2000000000000000111, 0.9000000000000003553 ) ) ;
#3024 =( NAMED_UNIT ( * ) PLANE_ANGLE_UNIT ( ) SI_UNIT ( $, .RADIAN. ) );
#3025 = ORIENTED_EDGE ( 'NONE', *, *, #4923, .T. ) ;
#3026 = LINE ( 'NONE', #1182, #2347 ) ;
#3027 = DIRECTION ( 'NONE',  ( 1.000000000000000000, -1.758165685111629112E-16, 0.000000000000000000 ) ) ;
#3028 = ORIENTED_EDGE ( 'NONE', *, *, #6201, .T. ) ;
#3029 = CARTESIAN_POINT ( 'NONE',  ( 1.375000000000000000, 0.000000000000000000, -2.799999999999999822 ) ) ;
#3030 = DIRECTION ( 'NONE',  ( 1.000000000000000000, 0.000000000000000000, -5.965348954528222655E-17 ) ) ;
#3031 = DIRECTION ( 'NONE',  ( 0.9063077870366498257, 0.000000000000000000, -0.4226182617406999409 ) ) ;
#3032 = FACE_OUTER_BOUND ( 'NONE', #4297, .T. ) ;
#3033 = LINE ( 'NONE', #4010, #2948 ) ;
#3034 = VERTEX_POINT ( 'NONE', #975 ) ;
#3035 = ORIENTED_EDGE ( 'NONE', *, *, #2511, .T. ) ;
#3036 = SURFACE_STYLE_USAGE ( .BOTH. , #3504 ) ;
#3037 = EDGE_CURVE ( 'NONE', #3891, #609, #1449, .T. ) ;
#3038 = CARTESIAN_POINT ( 'NONE',  ( 0.9708938223887983998, 2.299999999999999822, 0.4527352246352763787 ) ) ;
#3039 = ORIENTED_EDGE ( 'NONE', *, *, #449, .T. ) ;
#3040 = VERTEX_POINT ( 'NONE', #3401 ) ;
#3041 = DIRECTION ( 'NONE',  ( -1.000000000000000000, 0.000000000000000000, 0.000000000000000000 ) ) ;
#3042 = CARTESIAN_POINT ( 'NONE',  ( 3.699999999999999289, 1.299999999999999822, 3.125756774163613638 ) ) ;
#3043 = EDGE_LOOP ( 'NONE', ( #22, #3779, #302, #2155 ) ) ;
#3044 = DIRECTION ( 'NONE',  ( -0.7071067811865474617, 0.000000000000000000, 0.7071067811865474617 ) ) ;
#3045 = AXIS2_PLACEMENT_3D ( 'NONE', #4530, #1705, #3642 ) ;
#3046 = EDGE_CURVE ( 'NONE', #3104, #4202, #2909, .T. ) ;
#3047 = CARTESIAN_POINT ( 'NONE',  ( 1.625000000000000666, 2.500000000000000444, -0.9499999999999992895 ) ) ;
#3048 = VECTOR ( 'NONE', #3777, 1000.000000000000000 ) ;
#3049 = VECTOR ( 'NONE', #141, 1000.000000000000000 ) ;
#3050 = SURFACE_STYLE_USAGE ( .BOTH. , #4466 ) ;
#3051 = ORIENTED_EDGE ( 'NONE', *, *, #2596, .T. ) ;
#3052 = LINE ( 'NONE', #641, #1455 ) ;
#3053 = FACE_OUTER_BOUND ( 'NONE', #5491, .T. ) ;
#3054 = LINE ( 'NONE', #4943, #4838 ) ;
#3055 = VECTOR ( 'NONE', #101, 1000.000000000000000 ) ;
#3056 = CARTESIAN_POINT ( 'NONE',  ( 3.835000000000000409, 2.299999999999999822, 0.1499999999999995226 ) ) ;
#3057 = CARTESIAN_POINT ( 'NONE',  ( 1.625000000000000000, 0.1610173276348189908, -1.708107021321285224 ) ) ;
#3058 = CARTESIAN_POINT ( 'NONE',  ( 4.785000000000000142, 2.049999999999999822, 2.400000000000000799 ) ) ;
#3059 = ORIENTED_EDGE ( 'NONE', *, *, #2593, .F. ) ;
#3060 = ORIENTED_EDGE ( 'NONE', *, *, #1177, .T. ) ;
#3061 = EDGE_CURVE ( 'NONE', #2641, #23, #2477, .T. ) ;
#3062 = ORIENTED_EDGE ( 'NONE', *, *, #6119, .T. ) ;
#3063 = ITEM_DEFINED_TRANSFORMATION ( 'NONE', 'NONE', #5635,  #926 ) ;
#3064 = DIRECTION ( 'NONE',  ( 0.000000000000000000, 0.000000000000000000, -1.000000000000000000 ) ) ;
#3065 = VECTOR ( 'NONE', #1628, 1000.000000000000000 ) ;
#3066 = ORIENTED_EDGE ( 'NONE', *, *, #1780, .T. ) ;
#3067 = VERTEX_POINT ( 'NONE', #4802 ) ;
#3068 = VECTOR ( 'NONE', #5219, 1000.000000000000114 ) ;
#3069 = DIRECTION ( 'NONE',  ( 1.000000000000000000, -0.000000000000000000, 0.000000000000000000 ) ) ;
#3070 = CARTESIAN_POINT ( 'NONE',  ( -5.760000000000000675, 2.050000000000003375, 2.650000000000000355 ) ) ;
#3071 = ORIENTED_EDGE ( 'NONE', *, *, #1374, .T. ) ;
#3072 = VECTOR ( 'NONE', #2729, 1000.000000000000000 ) ;
#3073 = CARTESIAN_POINT ( 'NONE',  ( -5.935000000000000497, 0.2000000000000000111, 0.8999999999999999112 ) ) ;
#3074 = AXIS2_PLACEMENT_3D ( 'NONE', #5944, #2624, #4946 ) ;
#3075 = VECTOR ( 'NONE', #886, 1000.000000000000000 ) ;
#3076 = DIRECTION ( 'NONE',  ( 0.7071067811865462405, -0.7071067811865489050, 4.717825897487298289E-16 ) ) ;
#3077 = EDGE_CURVE ( 'NONE', #540, #3466, #5329, .T. ) ;
#3078 = CARTESIAN_POINT ( 'NONE',  ( 4.535000000000000142, 0.4500000000000000111, 2.650000000000001688 ) ) ;
#3079 = ORIENTED_EDGE ( 'NONE', *, *, #5468, .F. ) ;
#3080 = ADVANCED_FACE ( 'NONE', ( #5831 ), #3371, .F. ) ;
#3081 = VECTOR ( 'NONE', #1300, 1000.000000000000000 ) ;
#3082 = DIRECTION ( 'NONE',  ( 0.000000000000000000, 1.000000000000000000, 0.000000000000000000 ) ) ;
#3083 = DIRECTION ( 'NONE',  ( 0.000000000000000000, -0.6427876096865349220, -0.7660444431189817882 ) ) ;
#3084 = CARTESIAN_POINT ( 'NONE',  ( -4.785000000000000142, 2.299999999999999822, 1.531341625576287502 ) ) ;
#3085 = AXIS2_PLACEMENT_3D ( 'NONE', #1077, #5917, #2506 ) ;
#3086 = VECTOR ( 'NONE', #4169, 1000.000000000000000 ) ;
#3087 = PLANE ( 'NONE',  #5054 ) ;
#3088 = CARTESIAN_POINT ( 'NONE',  ( -4.785000000000000142, 0.2000000000000000111, 1.531341625576287502 ) ) ;
#3089 = CARTESIAN_POINT ( 'NONE',  ( 1.625000000000000000, 0.6009615426646959246, -1.506680608523724985 ) ) ;
#3090 = DIRECTION ( 'NONE',  ( -1.000000000000000000, 0.000000000000000000, 0.000000000000000000 ) ) ;
#3091 = EDGE_LOOP ( 'NONE', ( #3785, #513, #2076, #2607 ) ) ;
#3092 = ORIENTED_EDGE ( 'NONE', *, *, #5180, .T. ) ;
#3093 = EDGE_LOOP ( 'NONE', ( #5639, #236, #34, #1033 ) ) ;
#3094 = ORIENTED_EDGE ( 'NONE', *, *, #142, .T. ) ;
#3095 = VECTOR ( 'NONE', #5241, 1000.000000000000000 ) ;
#3096 = VERTEX_POINT ( 'NONE', #5272 ) ;
#3097 = AXIS2_PLACEMENT_3D ( 'NONE', #2302, #2277, #4170 ) ;
#3098 = EDGE_CURVE ( 'NONE', #3746, #4569, #5360, .T. ) ;
#3099 = DIRECTION ( 'NONE',  ( -0.000000000000000000, -1.000000000000000000, -0.000000000000000000 ) ) ;
#3100 = ORIENTED_EDGE ( 'NONE', *, *, #865, .T. ) ;
#3101 = LINE ( 'NONE', #4020, #2214 ) ;
#3102 = LINE ( 'NONE', #3131, #1066 ) ;
#3103 = CARTESIAN_POINT ( 'NONE',  ( -5.535000000000000142, 0.4500000000000007327, -1.350000000000000089 ) ) ;
#3104 = VERTEX_POINT ( 'NONE', #2505 ) ;
#3105 = LINE ( 'NONE', #1089, #4869 ) ;
#3106 = ADVANCED_FACE ( 'NONE', ( #2004 ), #4329, .F. ) ;
#3107 = VECTOR ( 'NONE', #6091, 1000.000000000000000 ) ;
#3108 = DIRECTION ( 'NONE',  ( 0.000000000000000000, 0.000000000000000000, -1.000000000000000000 ) ) ;
#3109 = EDGE_CURVE ( 'NONE', #1592, #372, #27, .T. ) ;
#3110 = DIRECTION ( 'NONE',  ( 0.000000000000000000, 0.6427876096865359212, 0.7660444431189807890 ) ) ;
#3111 = CARTESIAN_POINT ( 'NONE',  ( 0.1495000175455291069, 2.299999999999999822, 0.06971300307578698341 ) ) ;
#3112 = ORIENTED_EDGE ( 'NONE', *, *, #3900, .F. ) ;
#3113 = LINE ( 'NONE', #190, #5855 ) ;
#3114 = CARTESIAN_POINT ( 'NONE',  ( 1.625000000000000000, 0.000000000000000000, -1.899999999999999911 ) ) ;
#3115 = DIRECTION ( 'NONE',  ( -6.672013369141568175E-16, 0.000000000000000000, -1.000000000000000000 ) ) ;
#3116 = EDGE_CURVE ( 'NONE', #3816, #3720, #2942, .T. ) ;
#3117 = EDGE_CURVE ( 'NONE', #1161, #4859, #4833, .T. ) ;
#3118 = DIRECTION ( 'NONE',  ( 1.000000000000000000, 0.000000000000000000, -0.000000000000000000 ) ) ;
#3119 = DIRECTION ( 'NONE',  ( 1.000000000000000000, 0.000000000000000000, -0.000000000000000000 ) ) ;
#3120 = CARTESIAN_POINT ( 'NONE',  ( 4.785000000000000142, 9.129072045307475847, 2.400000000000000355 ) ) ;
#3121 = DIRECTION ( 'NONE',  ( 0.000000000000000000, -1.000000000000000000, 0.000000000000000000 ) ) ;
#3122 = EDGE_CURVE ( 'NONE', #1944, #2863, #3008, .T. ) ;
#3123 = EDGE_CURVE ( 'NONE', #94, #1019, #1478, .T. ) ;
#3124 = EDGE_LOOP ( 'NONE', ( #3657, #3888, #3397, #831 ) ) ;
#3125 = ORIENTED_EDGE ( 'NONE', *, *, #106, .F. ) ;
#3126 = VERTEX_POINT ( 'NONE', #2383 ) ;
#3127 = ORIENTED_EDGE ( 'NONE', *, *, #4999, .T. ) ;
#3128 = LINE ( 'NONE', #2119, #4795 ) ;
#3129 = FACE_OUTER_BOUND ( 'NONE', #4015, .T. ) ;
#3130 = ORIENTED_EDGE ( 'NONE', *, *, #5646, .F. ) ;
#3131 = CARTESIAN_POINT ( 'NONE',  ( 3.699999999999999734, 0.1799999999999996325, 2.650000000000000355 ) ) ;
#3132 = CARTESIAN_POINT ( 'NONE',  ( -4.860000000000001208, 2.250000000000000000, 2.650000000000000355 ) ) ;
#3133 = ORIENTED_EDGE ( 'NONE', *, *, #4596, .F. ) ;
#3134 = CARTESIAN_POINT ( 'NONE',  ( 5.760000000000000675, 0.4500000000000000111, -0.6499999999999951372 ) ) ;
#3135 = CARTESIAN_POINT ( 'NONE',  ( -5.535000000000000142, 9.129072045307475847, 1.531341625576287724 ) ) ;
#3136 = LINE ( 'NONE', #5071, #1362 ) ;
#3137 = CARTESIAN_POINT ( 'NONE',  ( 10.05810562561766375, 2.049999999999999822, -1.149999999999999911 ) ) ;
#3138 = EDGE_LOOP ( 'NONE', ( #1368, #5059, #4276, #4721, #2705, #3723 ) ) ;
#3139 = PLANE ( 'NONE',  #1950 ) ;
#3140 = DIRECTION ( 'NONE',  ( 0.000000000000000000, -0.7071067811865460184, 0.7071067811865490160 ) ) ;
#3141 = VECTOR ( 'NONE', #5067, 1000.000000000000000 ) ;
#3142 = VECTOR ( 'NONE', #1876, 1000.000000000000000 ) ;
#3143 = ORIENTED_EDGE ( 'NONE', *, *, #2890, .F. ) ;
#3144 = DIRECTION ( 'NONE',  ( 0.000000000000000000, 0.000000000000000000, 1.000000000000000000 ) ) ;
#3145 = LINE ( 'NONE', #5173, #4358 ) ;
#3146 = DIRECTION ( 'NONE',  ( 1.000000000000000000, 0.000000000000000000, 0.000000000000000000 ) ) ;
#3147 = CYLINDRICAL_SURFACE ( 'NONE', #361, 0.1999999999999990119 ) ;
#3148 = ORIENTED_EDGE ( 'NONE', *, *, #3725, .F. ) ;
#3149 = AXIS2_PLACEMENT_3D ( 'NONE', #3529, #5417, #1134 ) ;
#3150 = ORIENTED_EDGE ( 'NONE', *, *, #6127, .T. ) ;
#3151 = VERTEX_POINT ( 'NONE', #4300 ) ;
#3152 = EDGE_LOOP ( 'NONE', ( #4181, #1916, #3851, #5535, #1958, #1918, #1390, #1409, #5734, #371, #4267, #1236, #5304, #403 ) ) ;
#3153 = ORIENTED_EDGE ( 'NONE', *, *, #3187, .F. ) ;
#3154 = ADVANCED_FACE ( 'NONE', ( #1038 ), #4894, .T. ) ;
#3155 = EDGE_CURVE ( 'NONE', #2158, #3393, #2334, .T. ) ;
#3156 = VECTOR ( 'NONE', #1616, 1000.000000000000000 ) ;
#3157 = DIRECTION ( 'NONE',  ( 1.000000000000000000, 0.000000000000000000, -0.000000000000000000 ) ) ;
#3158 = VERTEX_POINT ( 'NONE', #1981 ) ;
#3159 = EDGE_LOOP ( 'NONE', ( #2544, #6054, #5000, #6015, #2143, #1966 ) ) ;
#3160 = LINE ( 'NONE', #4116, #6163 ) ;
#3161 = DIRECTION ( 'NONE',  ( 3.872150616019656862E-16, 1.000000000000000000, 0.000000000000000000 ) ) ;
#3162 = ORIENTED_EDGE ( 'NONE', *, *, #3769, .T. ) ;
#3163 = DIRECTION ( 'NONE',  ( 0.000000000000000000, -1.000000000000000000, -0.000000000000000000 ) ) ;
#3164 = COLOUR_RGB ( '',1.000000000000000000, 1.000000000000000000, 0.9411764705882352811 ) ;
#3165 = DIRECTION ( 'NONE',  ( 0.000000000000000000, 0.000000000000000000, 1.000000000000000000 ) ) ;
#3166 = VECTOR ( 'NONE', #4940, 1000.000000000000000 ) ;
#3167 = CARTESIAN_POINT ( 'NONE',  ( 1.625000000000000000, 0.8471798001561450242, -1.550000000000000044 ) ) ;
#3168 = CARTESIAN_POINT ( 'NONE',  ( 4.785000000000000142, 2.299999999999999822, 1.531341625576287502 ) ) ;
#3169 = VERTEX_POINT ( 'NONE', #3901 ) ;
#3170 = LINE ( 'NONE', #3733, #848 ) ;
#3171 = FACE_OUTER_BOUND ( 'NONE', #4604, .T. ) ;
#3172 = AXIS2_PLACEMENT_3D ( 'NONE', #4375, #69, #2951 ) ;
#3173 = VECTOR ( 'NONE', #3303, 1000.000000000000000 ) ;
#3174 = CIRCLE ( 'NONE', #455, 0.1999999999999996503 ) ;
#3175 = DIRECTION ( 'NONE',  ( 0.000000000000000000, 0.000000000000000000, 1.000000000000000000 ) ) ;
#3176 = ORIENTED_EDGE ( 'NONE', *, *, #2976, .T. ) ;
#3177 = CARTESIAN_POINT ( 'NONE',  ( 0.000000000000000000, 1.800000000000000044, 0.000000000000000000 ) ) ;
#3178 = AXIS2_PLACEMENT_3D ( 'NONE', #4052, #5964, #4237 ) ;
#3179 = CARTESIAN_POINT ( 'NONE',  ( 5.763487806297455052, 2.250000000000000000, 1.656341625576287280 ) ) ;
#3180 = PLANE ( 'NONE',  #3097 ) ;
#3181 = CARTESIAN_POINT ( 'NONE',  ( 5.535000000000000142, 0.2000000000000000111, -1.149999999999999911 ) ) ;
#3182 = CARTESIAN_POINT ( 'NONE',  ( 1.375000000000000888, 0.2000000000000000944, -0.9499999999999992895 ) ) ;
#3183 = AXIS2_PLACEMENT_3D ( 'NONE', #4322, #2468, #18 ) ;
#3184 = VERTEX_POINT ( 'NONE', #4864 ) ;
#3185 = VERTEX_POINT ( 'NONE', #562 ) ;
#3186 = EDGE_LOOP ( 'NONE', ( #4397, #2719, #1483, #1199, #5813, #1554, #6038, #5121 ) ) ;
#3187 = EDGE_CURVE ( 'NONE', #5659, #379, #6087, .T. ) ;
#3188 = CONICAL_SURFACE ( 'NONE', #152, 0.2000000000000013989, 0.7853981633974533860 ) ;
#3189 = FACE_OUTER_BOUND ( 'NONE', #3898, .T. ) ;
#3190 = VECTOR ( 'NONE', #3090, 1000.000000000000000 ) ;
#3191 = PLANE ( 'NONE',  #2742 ) ;
#3192 = EDGE_CURVE ( 'NONE', #5478, #4377, #1649, .T. ) ;
#3193 = EDGE_LOOP ( 'NONE', ( #3557, #1190, #651, #5752, #3614 ) ) ;
#3194 = EDGE_CURVE ( 'NONE', #4794, #300, #1122, .T. ) ;
#3195 = DIRECTION ( 'NONE',  ( 0.000000000000000000, -1.000000000000000000, 0.000000000000000000 ) ) ;
#3196 = LINE ( 'NONE', #2609, #3574 ) ;
#3197 = ORIENTED_EDGE ( 'NONE', *, *, #3123, .T. ) ;
#3198 = VECTOR ( 'NONE', #1759, 1000.000000000000000 ) ;
#3199 = PLANE ( 'NONE',  #5359 ) ;
#3200 = DIRECTION ( 'NONE',  ( -0.000000000000000000, -1.000000000000000000, -1.971276677246372752E-16 ) ) ;
#3201 = ADVANCED_FACE ( 'NONE', ( #4502 ), #4073, .F. ) ;
#3202 = DIRECTION ( 'NONE',  ( 0.000000000000000000, 0.000000000000000000, 1.000000000000000000 ) ) ;
#3203 = DIRECTION ( 'NONE',  ( 0.000000000000000000, 0.000000000000000000, 1.000000000000000000 ) ) ;
#3204 = DIRECTION ( 'NONE',  ( 1.000000000000000000, 0.000000000000000000, -5.965348954528222655E-17 ) ) ;
#3205 = LINE ( 'NONE', #5594, #2532 ) ;
#3206 = ORIENTED_EDGE ( 'NONE', *, *, #1936, .F. ) ;
#3207 = DIRECTION ( 'NONE',  ( 0.000000000000000000, -1.000000000000000000, -0.000000000000000000 ) ) ;
#3208 = DIRECTION ( 'NONE',  ( 0.000000000000000000, -0.000000000000000000, -1.000000000000000000 ) ) ;
#3209 = CIRCLE ( 'NONE', #1482, 0.2500000000000000000 ) ;
#3210 = UNCERTAINTY_MEASURE_WITH_UNIT (LENGTH_MEASURE( 1.000000000000000082E-05 ), #1400, 'distance_accuracy_value', 'NONE');
#3211 = CARTESIAN_POINT ( 'NONE',  ( 4.535000000000000142, 0.4500000000000000111, 2.650000000000001688 ) ) ;
#3212 = DIRECTION ( 'NONE',  ( 0.7071067811865512365, -0.7071067811865439090, 0.000000000000000000 ) ) ;
#3213 = CARTESIAN_POINT ( 'NONE',  ( 0.000000000000000000, 2.299999999999999822, 0.000000000000000000 ) ) ;
#3214 = CARTESIAN_POINT ( 'NONE',  ( -4.535000000000000142, 0.4500000000000000111, -0.6499999999999951372 ) ) ;
#3215 = DIRECTION ( 'NONE',  ( 0.000000000000000000, 0.000000000000000000, 1.000000000000000000 ) ) ;
#3216 = ORIENTED_EDGE ( 'NONE', *, *, #3915, .F. ) ;
#3217 = ORIENTED_EDGE ( 'NONE', *, *, #2771, .T. ) ;
#3218 = VERTEX_POINT ( 'NONE', #3057 ) ;
#3219 = EDGE_CURVE ( 'NONE', #2979, #23, #3550, .T. ) ;
#3220 = DIRECTION ( 'NONE',  ( 0.000000000000000000, -1.000000000000000000, 1.087346232093581841E-16 ) ) ;
#3221 = EDGE_CURVE ( 'NONE', #4250, #4517, #2536, .T. ) ;
#3222 = VERTEX_POINT ( 'NONE', #4475 ) ;
#3223 = FACE_OUTER_BOUND ( 'NONE', #3854, .T. ) ;
#3224 = CARTESIAN_POINT ( 'NONE',  ( -4.535000000000000142, 0.4500000000000000111, 2.650000000000001688 ) ) ;
#3225 = EDGE_LOOP ( 'NONE', ( #2773, #5274, #4710, #3569, #157, #5985 ) ) ;
#3226 = EDGE_CURVE ( 'NONE', #1508, #2899, #2590, .T. ) ;
#3227 = LINE ( 'NONE', #3724, #2878 ) ;
#3228 = LINE ( 'NONE', #5652, #5924 ) ;
#3229 = DIRECTION ( 'NONE',  ( 1.000000000000000000, 0.000000000000000000, 0.000000000000000000 ) ) ;
#3230 = FILL_AREA_STYLE ('',( #6120 ) ) ;
#3231 = DIRECTION ( 'NONE',  ( -0.7071067811865474617, 0.000000000000000000, -0.7071067811865474617 ) ) ;
#3232 = DIRECTION ( 'NONE',  ( 0.000000000000000000, -0.000000000000000000, -1.000000000000000000 ) ) ;
#3233 = ORIENTED_EDGE ( 'NONE', *, *, #1624, .F. ) ;
#3234 = LINE ( 'NONE', #2656, #1153 ) ;
#3235 = EDGE_CURVE ( 'NONE', #4211, #1114, #2082, .T. ) ;
#3236 = LINE ( 'NONE', #767, #3585 ) ;
#3237 = EDGE_CURVE ( 'NONE', #3185, #3816, #3588, .T. ) ;
#3238 = LINE ( 'NONE', #4566, #706 ) ;
#3239 = DIRECTION ( 'NONE',  ( 1.000000000000000000, -0.000000000000000000, -2.282530889443167515E-16 ) ) ;
#3240 = ORIENTED_EDGE ( 'NONE', *, *, #1272, .F. ) ;
#3241 = CARTESIAN_POINT ( 'NONE',  ( -3.835000000000000853, 9.129072045307475847, -1.149999999999999911 ) ) ;
#3242 = DIRECTION ( 'NONE',  ( -0.000000000000000000, -0.000000000000000000, -1.000000000000000000 ) ) ;
#3243 = FACE_OUTER_BOUND ( 'NONE', #4645, .T. ) ;
#3244 = LINE ( 'NONE', #4314, #4609 ) ;
#3245 = DIRECTION ( 'NONE',  ( 5.965348954528222655E-17, -0.000000000000000000, 1.000000000000000000 ) ) ;
#3246 = LINE ( 'NONE', #2732, #2470 ) ;
#3247 = ORIENTED_EDGE ( 'NONE', *, *, #4315, .T. ) ;
#3248 = EDGE_LOOP ( 'NONE', ( #6174, #2250, #6195, #5731 ) ) ;
#3249 = ORIENTED_EDGE ( 'NONE', *, *, #1041, .F. ) ;
#3250 = VECTOR ( 'NONE', #3165, 1000.000000000000000 ) ;
#3251 = VECTOR ( 'NONE', #2044, 1000.000000000000000 ) ;
#3252 = LINE ( 'NONE', #1721, #3256 ) ;
#3253 = AXIS2_PLACEMENT_3D ( 'NONE', #5261, #2964, #5378 ) ;
#3254 = ADVANCED_FACE ( 'NONE', ( #4445 ), #4009, .F. ) ;
#3255 = ORIENTED_EDGE ( 'NONE', *, *, #3424, .F. ) ;
#3256 = VECTOR ( 'NONE', #2709, 1000.000000000000000 ) ;
#3257 = DIRECTION ( 'NONE',  ( 0.000000000000000000, -0.000000000000000000, 1.000000000000000000 ) ) ;
#3258 = ORIENTED_EDGE ( 'NONE', *, *, #4835, .F. ) ;
#3259 = PLANE ( 'NONE',  #345 ) ;
#3260 = CARTESIAN_POINT ( 'NONE',  ( -0.3749999999999994449, 2.299999999999999822, -0.9499999999999992895 ) ) ;
#3261 = CARTESIAN_POINT ( 'NONE',  ( 1.000000000000000000, 2.168404344971006403E-17, 1.340073885192083480E-15 ) ) ;
#3262 = DIRECTION ( 'NONE',  ( 0.000000000000000000, 0.000000000000000000, 1.000000000000000000 ) ) ;
#3263 = DIRECTION ( 'NONE',  ( -0.000000000000000000, -1.000000000000000000, -1.971276677246372752E-16 ) ) ;
#3264 = ORIENTED_EDGE ( 'NONE', *, *, #2223, .T. ) ;
#3265 = DIRECTION ( 'NONE',  ( 0.4226182617406998854, 0.000000000000000000, 0.9063077870366497146 ) ) ;
#3266 = CARTESIAN_POINT ( 'NONE',  ( 4.535000000000000142, 0.4500000000000000111, 2.650000000000001688 ) ) ;
#3267 = CARTESIAN_POINT ( 'NONE',  ( -4.535000000000000142, 0.4500000000000000111, -1.350000000000000089 ) ) ;
#3268 = EDGE_CURVE ( 'NONE', #1540, #4769, #2059, .T. ) ;
#3269 = VECTOR ( 'NONE', #5464, 1000.000000000000114 ) ;
#3270 = ADVANCED_FACE ( 'NONE', ( #1681 ), #5042, .T. ) ;
#3271 = VERTEX_POINT ( 'NONE', #1192 ) ;
#3272 = ADVANCED_FACE ( 'NONE', ( #4533 ), #231, .T. ) ;
#3273 = LINE ( 'NONE', #1708, #42 ) ;
#3274 = ORIENTED_EDGE ( 'NONE', *, *, #4613, .T. ) ;
#3275 = VECTOR ( 'NONE', #3417, 1000.000000000000000 ) ;
#3276 = DIRECTION ( 'NONE',  ( 0.000000000000000000, -1.000000000000000000, 0.000000000000000000 ) ) ;
#3277 = PLANE ( 'NONE',  #1468 ) ;
#3278 = DIRECTION ( 'NONE',  ( 0.000000000000000000, 0.8660254037844378194, 0.5000000000000015543 ) ) ;
#3279 = VECTOR ( 'NONE', #4753, 1000.000000000000000 ) ;
#3280 = CARTESIAN_POINT ( 'NONE',  ( -4.035000000000000142, 0.2000000000000000111, -0.8999999999999998002 ) ) ;
#3281 = CARTESIAN_POINT ( 'NONE',  ( 0.3750000000000007772, 2.299999999999999822, -0.9499999999999992895 ) ) ;
#3282 = VECTOR ( 'NONE', #2157, 1000.000000000000000 ) ;
#3283 = EDGE_CURVE ( 'NONE', #5253, #4996, #5409, .T. ) ;
#3284 = VERTEX_POINT ( 'NONE', #5434 ) ;
#3285 = ORIENTED_EDGE ( 'NONE', *, *, #171, .F. ) ;
#3286 = VECTOR ( 'NONE', #4212, 1000.000000000000000 ) ;
#3287 = VERTEX_POINT ( 'NONE', #3088 ) ;
#3288 = VECTOR ( 'NONE', #5727, 1000.000000000000000 ) ;
#3289 = ORIENTED_EDGE ( 'NONE', *, *, #5383, .T. ) ;
#3290 = DIRECTION ( 'NONE',  ( -0.000000000000000000, -1.000000000000000000, -0.000000000000000000 ) ) ;
#3291 = ORIENTED_EDGE ( 'NONE', *, *, #2435, .T. ) ;
#3292 = VECTOR ( 'NONE', #4948, 1000.000000000000000 ) ;
#3293 = ORIENTED_EDGE ( 'NONE', *, *, #68, .T. ) ;
#3294 = ORIENTED_EDGE ( 'NONE', *, *, #454, .T. ) ;
#3295 = DIRECTION ( 'NONE',  ( -1.000000000000000000, 0.000000000000000000, 0.000000000000000000 ) ) ;
#3296 = CARTESIAN_POINT ( 'NONE',  ( 4.785000000000000142, 0.2000000000000000111, 1.531341625576287502 ) ) ;
#3297 = DIRECTION ( 'NONE',  ( 0.000000000000000000, 0.000000000000000000, 1.000000000000000000 ) ) ;
#3298 =( NAMED_UNIT ( * ) SI_UNIT ( $, .STERADIAN. ) SOLID_ANGLE_UNIT ( ) );
#3299 = AXIS2_PLACEMENT_3D ( 'NONE', #6144, #4774, #5214 ) ;
#3300 = PLANE ( 'NONE',  #5356 ) ;
#3301 = DIRECTION ( 'NONE',  ( 1.000000000000000000, 0.000000000000000000, 0.000000000000000000 ) ) ;
#3302 = ORIENTED_EDGE ( 'NONE', *, *, #1841, .F. ) ;
#3303 = DIRECTION ( 'NONE',  ( 1.000000000000000000, 0.000000000000000000, 1.711898167082375759E-16 ) ) ;
#3304 = EDGE_CURVE ( 'NONE', #2869, #2982, #1555, .T. ) ;
#3305 = LINE ( 'NONE', #2395, #5178 ) ;
#3306 = VECTOR ( 'NONE', #775, 1000.000000000000000 ) ;
#3307 = EDGE_CURVE ( 'NONE', #3317, #480, #4039, .T. ) ;
#3308 = DIRECTION ( 'NONE',  ( -1.000000000000000000, 0.000000000000000000, 0.000000000000000000 ) ) ;
#3309 = DIRECTION ( 'NONE',  ( 1.000000000000000000, 0.000000000000000000, 0.000000000000000000 ) ) ;
#3310 = EDGE_LOOP ( 'NONE', ( #4164, #961, #899, #4236, #1891 ) ) ;
#3311 = VECTOR ( 'NONE', #3797, 1000.000000000000000 ) ;
#3312 = CARTESIAN_POINT ( 'NONE',  ( -5.535000000000000142, 0.4500000000000000111, -1.350000000000000089 ) ) ;
#3313 = DIRECTION ( 'NONE',  ( -1.000000000000000000, 0.000000000000000000, 0.000000000000000000 ) ) ;
#3314 = EDGE_CURVE ( 'NONE', #6124, #2979, #3174, .T. ) ;
#3315 = LINE ( 'NONE', #4293, #420 ) ;
#3316 = EDGE_CURVE ( 'NONE', #4539, #936, #4420, .T. ) ;
#3317 = VERTEX_POINT ( 'NONE', #1785 ) ;
#3318 = ORIENTED_EDGE ( 'NONE', *, *, #3465, .T. ) ;
#3319 = ORIENTED_EDGE ( 'NONE', *, *, #4712, .T. ) ;
#3320 = CARTESIAN_POINT ( 'NONE',  ( 1.625000000000000000, 0.8471798001561450242, -1.300000000000000044 ) ) ;
#3321 = EDGE_CURVE ( 'NONE', #433, #4189, #2881, .T. ) ;
#3322 = PLANE ( 'NONE',  #3299 ) ;
#3323 = DIRECTION ( 'NONE',  ( 0.000000000000000000, -1.000000000000000000, 0.000000000000000000 ) ) ;
#3324 = LINE ( 'NONE', #442, #1521 ) ;
#3325 = CARTESIAN_POINT ( 'NONE',  ( 3.549999999999999822, 2.299999999999999822, -0.9499999999999986233 ) ) ;
#3326 = LINE ( 'NONE', #4812, #2832 ) ;
#3327 = ORIENTED_EDGE ( 'NONE', *, *, #2591, .T. ) ;
#3328 = CARTESIAN_POINT ( 'NONE',  ( 1.625000000000000000, 0.3499999999999999778, -2.799999999999999822 ) ) ;
#3329 = CARTESIAN_POINT ( 'NONE',  ( 2.881996701420196594, 0.2000000000000000111, -1.501131204743737735 ) ) ;
#3330 = ORIENTED_EDGE ( 'NONE', *, *, #4970, .F. ) ;
#3331 = EDGE_CURVE ( 'NONE', #120, #1311, #4105, .T. ) ;
#3332 = LINE ( 'NONE', #3857, #1249 ) ;
#3333 = EDGE_LOOP ( 'NONE', ( #4949, #2606, #3628, #4360 ) ) ;
#3334 = DIRECTION ( 'NONE',  ( 6.672013369141568175E-16, 0.000000000000000000, -1.000000000000000000 ) ) ;
#3335 = CARTESIAN_POINT ( 'NONE',  ( -3.835000000000000409, 0.2000000000000000111, 0.1499999999999995226 ) ) ;
#3336 = CARTESIAN_POINT ( 'NONE',  ( -5.535000000000000142, 2.299999999999999822, 1.531341625576287724 ) ) ;
#3337 = VECTOR ( 'NONE', #5007, 1000.000000000000000 ) ;
#3338 = EDGE_LOOP ( 'NONE', ( #3359, #4979, #1639, #2570 ) ) ;
#3339 = ORIENTED_EDGE ( 'NONE', *, *, #1388, .T. ) ;
#3340 = LINE ( 'NONE', #2382, #229 ) ;
#3341 = CARTESIAN_POINT ( 'NONE',  ( 4.860000000000001208, 0.4500000000000002887, 1.656341625576287280 ) ) ;
#3342 = VECTOR ( 'NONE', #5514, 1000.000000000000000 ) ;
#3343 = ORIENTED_EDGE ( 'NONE', *, *, #2485, .T. ) ;
#3344 = ADVANCED_FACE ( 'NONE', ( #4198 ), #5174, .F. ) ;
#3345 = EDGE_CURVE ( 'NONE', #1849, #2012, #3480, .T. ) ;
#3346 = LINE ( 'NONE', #5189, #1057 ) ;
#3347 = VECTOR ( 'NONE', #70, 1000.000000000000227 ) ;
#3348 = CONTEXT_DEPENDENT_SHAPE_REPRESENTATION ( #1781, #5780 ) ;
#3349 = DIRECTION ( 'NONE',  ( -0.4226182617406998854, 0.000000000000000000, 0.9063077870366497146 ) ) ;
#3350 = DIRECTION ( 'NONE',  ( -0.2492435693639532268, 0.6847910787717375047, 0.6847910787717347292 ) ) ;
#3351 = ORIENTED_EDGE ( 'NONE', *, *, #5125, .F. ) ;
#3352 = PLANE ( 'NONE',  #1648 ) ;
#3353 = DIRECTION ( 'NONE',  ( -1.000000000000000000, 0.000000000000000000, 0.000000000000000000 ) ) ;
#3354 = DIRECTION ( 'NONE',  ( 0.000000000000000000, 0.000000000000000000, -1.000000000000000000 ) ) ;
#3355 = ORIENTED_EDGE ( 'NONE', *, *, #2183, .T. ) ;
#3356 = CARTESIAN_POINT ( 'NONE',  ( 6.500000000000001776, 0.1799999999999999933, 3.750000000000001776 ) ) ;
#3357 = DIRECTION ( 'NONE',  ( 0.000000000000000000, -1.000000000000000000, 1.087346232093581841E-16 ) ) ;
#3358 = CARTESIAN_POINT ( 'NONE',  ( 3.835000000000000853, 2.299999999999999822, -1.300000000000000266 ) ) ;
#3359 = ORIENTED_EDGE ( 'NONE', *, *, #855, .T. ) ;
#3360 = DIRECTION ( 'NONE',  ( 2.990902544787598592E-16, 0.000000000000000000, -1.000000000000000000 ) ) ;
#3361 = CARTESIAN_POINT ( 'NONE',  ( -0.1884769367379993399, 2.299999999999999822, -1.350000000000000089 ) ) ;
#3362 = EDGE_CURVE ( 'NONE', #676, #1584, #2301, .T. ) ;
#3363 = CARTESIAN_POINT ( 'NONE',  ( 6.299999999999999822, 2.479999999999999982, 3.950000000000001954 ) ) ;
#3364 = VECTOR ( 'NONE', #3928, 1000.000000000000000 ) ;
#3365 = ORIENTED_EDGE ( 'NONE', *, *, #1677, .T. ) ;
#3366 = ORIENTED_EDGE ( 'NONE', *, *, #1187, .F. ) ;
#3367 = ORIENTED_EDGE ( 'NONE', *, *, #3551, .T. ) ;
#3368 = ORIENTED_EDGE ( 'NONE', *, *, #3316, .T. ) ;
#3369 = VECTOR ( 'NONE', #1063, 1000.000000000000000 ) ;
#3370 = CARTESIAN_POINT ( 'NONE',  ( 6.474672128645834629E-16, 2.500000000000000000, 2.650000000000001243 ) ) ;
#3371 = PLANE ( 'NONE',  #5068 ) ;
#3372 = EDGE_CURVE ( 'NONE', #1440, #1173, #6040, .T. ) ;
#3373 = AXIS2_PLACEMENT_3D ( 'NONE', #362, #771, #3613 ) ;
#3374 = VERTEX_POINT ( 'NONE', #5139 ) ;
#3375 = VECTOR ( 'NONE', #1580, 1000.000000000000000 ) ;
#3376 = EDGE_CURVE ( 'NONE', #3746, #5474, #4571, .T. ) ;
#3377 = ORIENTED_EDGE ( 'NONE', *, *, #418, .F. ) ;
#3378 = VECTOR ( 'NONE', #648, 1000.000000000000000 ) ;
#3379 = CARTESIAN_POINT ( 'NONE',  ( 0.000000000000000000, 2.279999999999998472, 3.950000000000001954 ) ) ;
#3380 = EDGE_CURVE ( 'NONE', #2575, #3926, #5081, .T. ) ;
#3381 = VECTOR ( 'NONE', #5382, 1000.000000000000000 ) ;
#3382 = ITEM_DEFINED_TRANSFORMATION ( 'NONE', 'NONE', #219,  #926 ) ;
#3383 = LINE ( 'NONE', #4749, #3068 ) ;
#3384 = CARTESIAN_POINT ( 'NONE',  ( -3.935141686358169633, 0.2018032478051645373, 3.771803247805166404 ) ) ;
#3385 = ORIENTED_EDGE ( 'NONE', *, *, #488, .F. ) ;
#3386 = DIRECTION ( 'NONE',  ( 0.000000000000000000, 9.856383386231868688E-17, 1.000000000000000000 ) ) ;
#3387 = CARTESIAN_POINT ( 'NONE',  ( 0.4178152868903892703, 0.2000000000000000111, -2.650197869422206143 ) ) ;
#3388 = ADVANCED_FACE ( 'NONE', ( #1819 ), #3277, .F. ) ;
#3389 = VERTEX_POINT ( 'NONE', #836 ) ;
#3390 = PRODUCT ( 'pin', 'pin', '', ( #2919 ) ) ;
#3391 = DIRECTION ( 'NONE',  ( -2.891205793294679312E-16, 0.000000000000000000, -1.000000000000000000 ) ) ;
#3392 = FILL_AREA_STYLE ('',( #1910 ) ) ;
#3393 = VERTEX_POINT ( 'NONE', #3774 ) ;
#3394 = LINE ( 'NONE', #5294, #232 ) ;
#3395 = CARTESIAN_POINT ( 'NONE',  ( -4.035000000000000142, 0.3999999999999993006, -1.149999999999999911 ) ) ;
#3396 = LINE ( 'NONE', #522, #1607 ) ;
#3397 = ORIENTED_EDGE ( 'NONE', *, *, #3573, .F. ) ;
#3398 = CARTESIAN_POINT ( 'NONE',  ( -10.05810562561766375, 2.049999999999999822, -1.149999999999999911 ) ) ;
#3399 = VERTEX_POINT ( 'NONE', #1744 ) ;
#3400 = DIRECTION ( 'NONE',  ( 1.000000000000000000, 0.000000000000000000, -2.443272501375785452E-16 ) ) ;
#3401 = CARTESIAN_POINT ( 'NONE',  ( 3.635000000000000231, 0.2000000000000000111, -1.350000000000000311 ) ) ;
#3402 = FACE_OUTER_BOUND ( 'NONE', #972, .T. ) ;
#3403 = VECTOR ( 'NONE', #4692, 1000.000000000000000 ) ;
#3404 = ORIENTED_EDGE ( 'NONE', *, *, #6200, .F. ) ;
#3405 = ORIENTED_EDGE ( 'NONE', *, *, #3759, .F. ) ;
#3406 = ORIENTED_EDGE ( 'NONE', *, *, #6127, .F. ) ;
#3407 = EDGE_CURVE ( 'NONE', #4416, #4739, #1352, .T. ) ;
#3408 = EDGE_LOOP ( 'NONE', ( #1812, #5225, #1479, #4861, #5548 ) ) ;
#3409 = CARTESIAN_POINT ( 'NONE',  ( 0.000000000000000000, 2.299999999999999822, -1.149999999999999467 ) ) ;
#3410 = EDGE_CURVE ( 'NONE', #2706, #582, #2802, .T. ) ;
#3411 = ADVANCED_FACE ( 'NONE', ( #1711 ), #326, .F. ) ;
#3412 = ORIENTED_EDGE ( 'NONE', *, *, #2429, .T. ) ;
#3413 = CARTESIAN_POINT ( 'NONE',  ( 4.785000000000000142, 2.299999999999999822, 2.400000000000000355 ) ) ;
#3414 = CARTESIAN_POINT ( 'NONE',  ( 4.535000000000000142, 0.4500000000000002887, 2.650000000000001688 ) ) ;
#3415 = EDGE_LOOP ( 'NONE', ( #1093, #340, #4988, #4577 ) ) ;
#3416 = LINE ( 'NONE', #482, #1370 ) ;
#3417 = DIRECTION ( 'NONE',  ( 1.000000000000000000, 0.000000000000000000, -2.282530889443167515E-16 ) ) ;
#3418 = VERTEX_POINT ( 'NONE', #3646 ) ;
#3419 = DIRECTION ( 'NONE',  ( -1.000000000000000000, 0.000000000000000000, 0.000000000000000000 ) ) ;
#3420 = DIRECTION ( 'NONE',  ( 0.000000000000000000, 0.000000000000000000, 1.000000000000000000 ) ) ;
#3421 = EDGE_CURVE ( 'NONE', #1542, #5659, #4700, .T. ) ;
#3422 =( LENGTH_UNIT ( ) NAMED_UNIT ( * ) SI_UNIT ( .MILLI., .METRE. ) );
#3423 = ORIENTED_EDGE ( 'NONE', *, *, #3012, .F. ) ;
#3424 = EDGE_CURVE ( 'NONE', #126, #5678, #774, .T. ) ;
#3425 = DIRECTION ( 'NONE',  ( 0.000000000000000000, 1.000000000000000000, 0.000000000000000000 ) ) ;
#3426 = DIRECTION ( 'NONE',  ( 0.000000000000000000, 0.000000000000000000, -1.000000000000000000 ) ) ;
#3427 = DIRECTION ( 'NONE',  ( 0.000000000000000000, -1.000000000000000000, 0.000000000000000000 ) ) ;
#3428 = PLANE ( 'NONE',  #5134 ) ;
#3429 = ORIENTED_EDGE ( 'NONE', *, *, #3998, .F. ) ;
#3430 = ORIENTED_EDGE ( 'NONE', *, *, #5495, .T. ) ;
#3431 = LINE ( 'NONE', #1420, #748 ) ;
#3432 = DIRECTION ( 'NONE',  ( -1.000000000000000000, 0.000000000000000000, -2.282530889443167515E-16 ) ) ;
#3433 = ORIENTED_EDGE ( 'NONE', *, *, #5609, .T. ) ;
#3434 = EDGE_LOOP ( 'NONE', ( #2451, #1804, #331, #1265 ) ) ;
#3435 = DIRECTION ( 'NONE',  ( 1.000000000000000000, 0.000000000000000000, 0.000000000000000000 ) ) ;
#3436 = ADVANCED_FACE ( 'NONE', ( #4600 ), #297, .T. ) ;
#3437 = DIRECTION ( 'NONE',  ( 1.000000000000000000, -0.000000000000000000, -0.000000000000000000 ) ) ;
#3438 = VERTEX_POINT ( 'NONE', #799 ) ;
#3439 = EDGE_CURVE ( 'NONE', #2305, #5850, #365, .T. ) ;
#3440 = LINE ( 'NONE', #3882, #2355 ) ;
#3441 = LINE ( 'NONE', #4845, #2050 ) ;
#3442 = VERTEX_POINT ( 'NONE', #1851 ) ;
#3443 = DIRECTION ( 'NONE',  ( 0.000000000000000000, -0.6427876096865349220, -0.7660444431189817882 ) ) ;
#3444 = DIRECTION ( 'NONE',  ( 0.000000000000000000, 0.000000000000000000, 1.000000000000000000 ) ) ;
#3445 = DIRECTION ( 'NONE',  ( 0.000000000000000000, -1.000000000000000000, -0.000000000000000000 ) ) ;
#3446 = DIRECTION ( 'NONE',  ( -0.000000000000000000, -1.000000000000000000, -0.000000000000000000 ) ) ;
#3447 = AXIS2_PLACEMENT_3D ( 'NONE', #549, #5847, #4384 ) ;
#3448 = LINE ( 'NONE', #3917, #4185 ) ;
#3449 = CARTESIAN_POINT ( 'NONE',  ( 3.549999999999999822, 8.550826389841308384, 3.950000000000001954 ) ) ;
#3450 = EDGE_CURVE ( 'NONE', #2533, #6114, #1472, .T. ) ;
#3451 = ORIENTED_EDGE ( 'NONE', *, *, #5135, .T. ) ;
#3452 = LINE ( 'NONE', #1585, #441 ) ;
#3453 = STYLED_ITEM ( 'NONE', ( #1597 ), #351 ) ;
#3454 = DIRECTION ( 'NONE',  ( 0.000000000000000000, 0.000000000000000000, 1.000000000000000000 ) ) ;
#3455 = CARTESIAN_POINT ( 'NONE',  ( -3.549999999999999822, 1.800000000000000044, -3.538156721182005526 ) ) ;
#3456 = EDGE_CURVE ( 'NONE', #372, #1350, #2865, .T. ) ;
#3457 = EDGE_CURVE ( 'NONE', #4966, #2906, #3860, .T. ) ;
#3458 = EDGE_CURVE ( 'NONE', #4769, #3317, #968, .T. ) ;
#3459 = EDGE_CURVE ( 'NONE', #582, #2501, #2375, .T. ) ;
#3460 = ORIENTED_EDGE ( 'NONE', *, *, #4930, .T. ) ;
#3461 = PLANE ( 'NONE',  #5538 ) ;
#3462 = DIRECTION ( 'NONE',  ( 0.4226182617406998854, 0.000000000000000000, 0.9063077870366497146 ) ) ;
#3463 = AXIS2_PLACEMENT_3D ( 'NONE', #4771, #4364, #525 ) ;
#3464 = FACE_OUTER_BOUND ( 'NONE', #4675, .T. ) ;
#3465 = EDGE_CURVE ( 'NONE', #4773, #2533, #5074, .T. ) ;
#3466 = VERTEX_POINT ( 'NONE', #3361 ) ;
#3467 = EDGE_LOOP ( 'NONE', ( #5001, #5582, #3591, #135, #3059, #1886, #3930, #3498 ) ) ;
#3468 = VECTOR ( 'NONE', #3799, 1000.000000000000000 ) ;
#3469 = ORIENTED_EDGE ( 'NONE', *, *, #3458, .T. ) ;
#3470 = VECTOR ( 'NONE', #288, 1000.000000000000000 ) ;
#3471 = CARTESIAN_POINT ( 'NONE',  ( 6.060000000000001386, 2.250000000000000000, 1.856341625576287901 ) ) ;
#3472 = AXIS2_PLACEMENT_3D ( 'NONE', #6160, #3764, #5312 ) ;
#3473 = CARTESIAN_POINT ( 'NONE',  ( 10.05810562561766375, 2.050000000000003375, 2.650000000000000355 ) ) ;
#3474 = VECTOR ( 'NONE', #1803, 1000.000000000000000 ) ;
#3475 = AXIS2_PLACEMENT_3D ( 'NONE', #2974, #58, #4393 ) ;
#3476 = DIRECTION ( 'NONE',  ( 0.000000000000000000, 0.000000000000000000, 1.000000000000000000 ) ) ;
#3477 = CARTESIAN_POINT ( 'NONE',  ( -3.835000000000000409, 0.2000000000000000111, 0.1499999999999995226 ) ) ;
#3478 = ORIENTED_EDGE ( 'NONE', *, *, #3122, .T. ) ;
#3479 = CARTESIAN_POINT ( 'NONE',  ( -4.000000000000000000, 1.500000000000001332, 3.950000000000001954 ) ) ;
#3480 = CIRCLE ( 'NONE', #2459, 0.1999999999999996503 ) ;
#3481 = CARTESIAN_POINT ( 'NONE',  ( 3.549999999999999822, 1.800000000000000044, -3.538156721182005526 ) ) ;
#3482 = CARTESIAN_POINT ( 'NONE',  ( 3.549999999999999822, 0.8000000000000000444, 3.257179676972453475 ) ) ;
#3483 = CARTESIAN_POINT ( 'NONE',  ( 0.000000000000000000, 2.299999999999999822, 0.000000000000000000 ) ) ;
#3484 = LINE ( 'NONE', #2397, #4633 ) ;
#3485 = CARTESIAN_POINT ( 'NONE',  ( 1.375000000000000000, 0.000000000000000000, -1.899999999999999911 ) ) ;
#3486 = EDGE_LOOP ( 'NONE', ( #4275, #4698, #5093, #6203, #1389 ) ) ;
#3487 = LINE ( 'NONE', #164, #3269 ) ;
#3488 = LINE ( 'NONE', #1116, #964 ) ;
#3489 = EDGE_CURVE ( 'NONE', #936, #333, #5824, .T. ) ;
#3490 = FACE_OUTER_BOUND ( 'NONE', #5606, .T. ) ;
#3491 = ORIENTED_EDGE ( 'NONE', *, *, #1266, .F. ) ;
#3492 = EDGE_CURVE ( 'NONE', #5011, #343, #4388, .T. ) ;
#3493 = ORIENTED_EDGE ( 'NONE', *, *, #4512, .F. ) ;
#3494 = CARTESIAN_POINT ( 'NONE',  ( 4.535000000000000142, 2.050000000000003375, 2.650000000000000355 ) ) ;
#3495 = CARTESIAN_POINT ( 'NONE',  ( -3.549999999999999822, 0.8000000000000000444, 0.1499999999999995226 ) ) ;
#3496 = ADVANCED_FACE ( 'NONE', ( #1974 ), #5265, .F. ) ;
#3497 = PLANE ( 'NONE',  #3879 ) ;
#3498 = ORIENTED_EDGE ( 'NONE', *, *, #2998, .F. ) ;
#3499 = AXIS2_PLACEMENT_3D ( 'NONE', #5673, #366, #6135 ) ;
#3500 = ORIENTED_EDGE ( 'NONE', *, *, #4014, .T. ) ;
#3501 = ORIENTED_EDGE ( 'NONE', *, *, #3972, .F. ) ;
#3502 = EDGE_CURVE ( 'NONE', #2116, #404, #3893, .T. ) ;
#3503 = ADVANCED_FACE ( 'NONE', ( #491 ), #1999, .F. ) ;
#3504 = SURFACE_SIDE_STYLE ('',( #5870 ) ) ;
#3505 = DIRECTION ( 'NONE',  ( -0.9063077870366498257, 0.000000000000000000, -0.4226182617406999409 ) ) ;
#3506 = ORIENTED_EDGE ( 'NONE', *, *, #3833, .T. ) ;
#3507 = CARTESIAN_POINT ( 'NONE',  ( 4.535000000000000142, 0.000000000000000000, 0.000000000000000000 ) ) ;
#3508 = SURFACE_STYLE_FILL_AREA ( #1577 ) ;
#3509 = LINE ( 'NONE', #2489, #5445 ) ;
#3510 = ORIENTED_EDGE ( 'NONE', *, *, #2687, .T. ) ;
#3511 = DIRECTION ( 'NONE',  ( -0.7071067811865475727, 0.000000000000000000, -0.7071067811865475727 ) ) ;
#3512 = DIRECTION ( 'NONE',  ( 0.000000000000000000, 0.6427876096865359212, 0.7660444431189807890 ) ) ;
#3513 = LINE ( 'NONE', #581, #4747 ) ;
#3514 = ORIENTED_EDGE ( 'NONE', *, *, #6002, .F. ) ;
#3515 = DIRECTION ( 'NONE',  ( 1.000000000000000000, 0.000000000000000000, 2.282530889443167515E-16 ) ) ;
#3516 = DIRECTION ( 'NONE',  ( 0.000000000000000000, 1.000000000000000000, 0.000000000000000000 ) ) ;
#3517 = DIRECTION ( 'NONE',  ( -0.000000000000000000, -1.000000000000000000, -0.000000000000000000 ) ) ;
#3518 = EDGE_CURVE ( 'NONE', #1508, #5150, #4355, .T. ) ;
#3519 = ORIENTED_EDGE ( 'NONE', *, *, #194, .F. ) ;
#3520 = LINE ( 'NONE', #4474, #134 ) ;
#3521 = DIRECTION ( 'NONE',  ( 0.000000000000000000, 0.000000000000000000, -1.000000000000000000 ) ) ;
#3522 = DIRECTION ( 'NONE',  ( 0.000000000000000000, 1.000000000000000000, 0.000000000000000000 ) ) ;
#3523 = PRODUCT_DEFINITION_SHAPE ( 'NONE', 'NONE',  #528 ) ;
#3524 = ORIENTED_EDGE ( 'NONE', *, *, #911, .T. ) ;
#3525 = ORIENTED_EDGE ( 'NONE', *, *, #3492, .F. ) ;
#3526 = AXIS2_PLACEMENT_3D ( 'NONE', #1560, #1119, #3115 ) ;
#3527 =( NAMED_UNIT ( * ) PLANE_ANGLE_UNIT ( ) SI_UNIT ( $, .RADIAN. ) );
#3528 = LINE ( 'NONE', #4578, #1111 ) ;
#3529 = CARTESIAN_POINT ( 'NONE',  ( -4.035000000000000142, 0.2000000000000000111, 0.1499999999999995226 ) ) ;
#3530 = EDGE_CURVE ( 'NONE', #3897, #2799, #2400, .T. ) ;
#3531 = EDGE_CURVE ( 'NONE', #2408, #1297, #4872, .T. ) ;
#3532 = EDGE_CURVE ( 'NONE', #6141, #5073, #1942, .T. ) ;
#3533 = VERTEX_POINT ( 'NONE', #51 ) ;
#3534 = EDGE_CURVE ( 'NONE', #5012, #2899, #2935, .T. ) ;
#3535 = DIRECTION ( 'NONE',  ( -0.000000000000000000, 1.000000000000000000, 0.000000000000000000 ) ) ;
#3536 = CARTESIAN_POINT ( 'NONE',  ( -4.535000000000000142, 2.049999999999999822, -1.149999999999999911 ) ) ;
#3537 = EDGE_LOOP ( 'NONE', ( #5262, #3524, #4929, #4363, #976, #4412, #5502 ) ) ;
#3538 = CARTESIAN_POINT ( 'NONE',  ( -4.860000000000001208, 0.2499999999999997780, 2.650000000000000355 ) ) ;
#3539 = ORIENTED_EDGE ( 'NONE', *, *, #203, .T. ) ;
#3540 = CARTESIAN_POINT ( 'NONE',  ( 4.235000000000002096, 2.299999999999999822, -1.149999999999999689 ) ) ;
#3541 = VECTOR ( 'NONE', #3714, 1000.000000000000000 ) ;
#3542 = CARTESIAN_POINT ( 'NONE',  ( -0.8115230632619995221, 2.299999999999999822, -1.350000000000000533 ) ) ;
#3543 = VERTEX_POINT ( 'NONE', #4821 ) ;
#3544 = FACE_OUTER_BOUND ( 'NONE', #3091, .T. ) ;
#3545 = DIRECTION ( 'NONE',  ( -0.4226182617406998854, 0.000000000000000000, -0.9063077870366497146 ) ) ;
#3546 = LINE ( 'NONE', #1152, #208 ) ;
#3547 =( GEOMETRIC_REPRESENTATION_CONTEXT ( 3 ) GLOBAL_UNCERTAINTY_ASSIGNED_CONTEXT ( ( #4004 ) ) GLOBAL_UNIT_ASSIGNED_CONTEXT ( ( #5099, #6153, #3298 ) ) REPRESENTATION_CONTEXT ( 'NONE', 'WORKASPACE' ) );
#3548 = CLOSED_SHELL ( 'NONE', ( #520, #4021, #745, #5747, #3080, #1030, #3750, #4741, #2006, #1425, #4964, #3270, #3388, #4177, #287, #4251, #1209, #1882, #4827, #4408, #3344, #3254, #3496, #2371, #2517, #411, #3658, #6118, #914, #5051, #1031, #4006, #5166, #4242, #5853, #5589, #2366, #3603, #4097, #1450, #992, #1401, #2047, #2688, #6159, #97, #4918, #2960, #2443, #1419, #5839, #896, #2283, #3803, #205, #6202, #2768, #6108, #2622, #1306, #5819, #4941, #3503, #832, #1337, #4462, #3727, #406, #4081, #4437, #1491, #452, #1075, #1757, #1987, #2810, #977, #1174, #5485, #2846, #5926, #2105, #373, #31, #3653, #5675, #1524, #5723, #5744, #6003, #1072, #4395, #1418, #4374 ) ) ;
#3549 = CARTESIAN_POINT ( 'NONE',  ( 4.785000000000000142, 0.4500000000000007327, 2.400000000000000799 ) ) ;
#3550 = LINE ( 'NONE', #2030, #552 ) ;
#3551 = EDGE_CURVE ( 'NONE', #5950, #3438, #5800, .T. ) ;
#3552 = PLANE ( 'NONE',  #2313 ) ;
#3553 = CARTESIAN_POINT ( 'NONE',  ( 3.549999999999999822, 0.000000000000000000, -0.9499999999999986233 ) ) ;
#3554 = ORIENTED_EDGE ( 'NONE', *, *, #4825, .F. ) ;
#3555 = VERTEX_POINT ( 'NONE', #1888 ) ;
#3556 = ORIENTED_EDGE ( 'NONE', *, *, #4156, .T. ) ;
#3557 = ORIENTED_EDGE ( 'NONE', *, *, #604, .F. ) ;
#3558 = SHAPE_DEFINITION_REPRESENTATION ( #3523, #2927 ) ;
#3559 = VECTOR ( 'NONE', #1092, 1000.000000000000000 ) ;
#3560 = ADVANCED_FACE ( 'NONE', ( #2968 ), #3800, .F. ) ;
#3561 = LINE ( 'NONE', #5446, #6085 ) ;
#3562 = CARTESIAN_POINT ( 'NONE',  ( -4.535000000000000142, 2.049999999999999822, -1.350000000000000089 ) ) ;
#3563 = EDGE_CURVE ( 'NONE', #4339, #1856, #2528, .T. ) ;
#3564 = AXIS2_PLACEMENT_3D ( 'NONE', #2761, #364, #5761 ) ;
#3565 = ORIENTED_EDGE ( 'NONE', *, *, #3410, .T. ) ;
#3566 = VECTOR ( 'NONE', #5518, 1000.000000000000000 ) ;
#3567 = CARTESIAN_POINT ( 'NONE',  ( 5.935000000000000497, 2.299999999999999822, 0.8999999999999999112 ) ) ;
#3568 = DIRECTION ( 'NONE',  ( 0.000000000000000000, -1.000000000000000000, -0.000000000000000000 ) ) ;
#3569 = ORIENTED_EDGE ( 'NONE', *, *, #3362, .F. ) ;
#3570 = EDGE_CURVE ( 'NONE', #5836, #5950, #2499, .T. ) ;
#3571 = VECTOR ( 'NONE', #5222, 1000.000000000000000 ) ;
#3572 = CARTESIAN_POINT ( 'NONE',  ( 3.549999999999999822, 0.000000000000000000, 3.950000000000001954 ) ) ;
#3573 = EDGE_CURVE ( 'NONE', #2541, #4211, #3488, .T. ) ;
#3574 = VECTOR ( 'NONE', #5454, 1000.000000000000227 ) ;
#3575 = VECTOR ( 'NONE', #3323, 1000.000000000000000 ) ;
#3576 = CARTESIAN_POINT ( 'NONE',  ( 4.035000000000000142, 2.100000000000000089, 0.1499999999999995226 ) ) ;
#3577 = FILL_AREA_STYLE_COLOUR ( '', #4448 ) ;
#3578 = VERTEX_POINT ( 'NONE', #4942 ) ;
#3579 = VECTOR ( 'NONE', #2657, 1000.000000000000000 ) ;
#3580 = DIRECTION ( 'NONE',  ( -0.000000000000000000, -1.000000000000000000, -0.000000000000000000 ) ) ;
#3581 = EDGE_CURVE ( 'NONE', #2260, #1261, #1586, .T. ) ;
#3582 = FACE_OUTER_BOUND ( 'NONE', #2152, .T. ) ;
#3583 = DIRECTION ( 'NONE',  ( -1.221636250687892480E-16, -3.778648590862325907E-32, 1.000000000000000000 ) ) ;
#3584 = ORIENTED_EDGE ( 'NONE', *, *, #159, .T. ) ;
#3585 = VECTOR ( 'NONE', #4623, 1000.000000000000000 ) ;
#3586 = ORIENTED_EDGE ( 'NONE', *, *, #3235, .F. ) ;
#3587 = PLANE ( 'NONE',  #4446 ) ;
#3588 = LINE ( 'NONE', #4917, #1062 ) ;
#3589 = FACE_OUTER_BOUND ( 'NONE', #4240, .T. ) ;
#3590 = ORIENTED_EDGE ( 'NONE', *, *, #1601, .F. ) ;
#3591 = ORIENTED_EDGE ( 'NONE', *, *, #3372, .T. ) ;
#3592 = EDGE_LOOP ( 'NONE', ( #5696, #269, #1084, #2033 ) ) ;
#3593 = ORIENTED_EDGE ( 'NONE', *, *, #127, .T. ) ;
#3594 = FACE_OUTER_BOUND ( 'NONE', #1147, .T. ) ;
#3595 = ORIENTED_EDGE ( 'NONE', *, *, #5667, .T. ) ;
#3596 = VECTOR ( 'NONE', #2782, 1000.000000000000114 ) ;
#3597 = PLANE ( 'NONE',  #3178 ) ;
#3598 = CARTESIAN_POINT ( 'NONE',  ( 0.000000000000000000, 2.299999999999999822, -1.350000000000000089 ) ) ;
#3599 = ORIENTED_EDGE ( 'NONE', *, *, #5127, .F. ) ;
#3600 = ADVANCED_FACE ( 'NONE', ( #3582 ), #3979, .F. ) ;
#3601 = CARTESIAN_POINT ( 'NONE',  ( -0.4035785179528801336, 0.2000000000000000111, -3.033220090981695538 ) ) ;
#3602 = CARTESIAN_POINT ( 'NONE',  ( -3.835000000000000853, 0.2000000000000000111, -1.149999999999999911 ) ) ;
#3603 = ADVANCED_FACE ( 'NONE', ( #1675 ), #4469, .F. ) ;
#3604 =( NAMED_UNIT ( * ) SI_UNIT ( $, .STERADIAN. ) SOLID_ANGLE_UNIT ( ) );
#3605 = DIRECTION ( 'NONE',  ( 2.891205793294679312E-16, 0.000000000000000000, -1.000000000000000000 ) ) ;
#3606 = CARTESIAN_POINT ( 'NONE',  ( -3.549999999999999822, 1.300000000000000044, 2.650000000000000355 ) ) ;
#3607 = ORIENTED_EDGE ( 'NONE', *, *, #4556, .T. ) ;
#3608 = LINE ( 'NONE', #1343, #1258 ) ;
#3609 = LINE ( 'NONE', #5034, #3579 ) ;
#3610 = EDGE_CURVE ( 'NONE', #990, #1828, #611, .T. ) ;
#3611 = ORIENTED_EDGE ( 'NONE', *, *, #3906, .T. ) ;
#3612 = EDGE_CURVE ( 'NONE', #4250, #176, #1611, .T. ) ;
#3613 = DIRECTION ( 'NONE',  ( 0.000000000000000000, -1.000000000000000000, -1.971276677246372752E-16 ) ) ;
#3614 = ORIENTED_EDGE ( 'NONE', *, *, #4873, .F. ) ;
#3615 = CARTESIAN_POINT ( 'NONE',  ( 3.835000000000000409, 0.2000000000000000111, 0.1499999999999995226 ) ) ;
#3616 = CARTESIAN_POINT ( 'NONE',  ( 5.535000000000000142, 2.049999999999999822, -1.350000000000000089 ) ) ;
#3617 = CARTESIAN_POINT ( 'NONE',  ( -3.835000000000000409, 0.2000000000000000111, 0.1499999999999995226 ) ) ;
#3618 = FACE_OUTER_BOUND ( 'NONE', #1404, .T. ) ;
#3619 = ORIENTED_EDGE ( 'NONE', *, *, #6185, .F. ) ;
#3620 = VERTEX_POINT ( 'NONE', #4414 ) ;
#3621 = VERTEX_POINT ( 'NONE', #5852 ) ;
#3622 = ORIENTED_EDGE ( 'NONE', *, *, #3304, .F. ) ;
#3623 = CARTESIAN_POINT ( 'NONE',  ( -4.234999999999999432, 2.299999999999999822, -1.149999999999999467 ) ) ;
#3624 = DIRECTION ( 'NONE',  ( 1.000000000000000000, 0.000000000000000000, 0.000000000000000000 ) ) ;
#3625 = EDGE_LOOP ( 'NONE', ( #6105, #878, #3351, #2987 ) ) ;
#3626 = DIRECTION ( 'NONE',  ( -0.000000000000000000, 1.000000000000000000, 0.000000000000000000 ) ) ;
#3627 = DIRECTION ( 'NONE',  ( 1.000000000000000000, 0.000000000000000000, -5.965348954528222655E-17 ) ) ;
#3628 = ORIENTED_EDGE ( 'NONE', *, *, #855, .F. ) ;
#3629 = FACE_OUTER_BOUND ( 'NONE', #3248, .T. ) ;
#3630 = EDGE_CURVE ( 'NONE', #112, #4769, #107, .T. ) ;
#3631 = LINE ( 'NONE', #1335, #3141 ) ;
#3632 = APPLICATION_CONTEXT ( 'automotive_design' ) ;
#3633 = CARTESIAN_POINT ( 'NONE',  ( 1.625000000000000000, 0.000000000000000000, -1.899999999999999911 ) ) ;
#3634 = DIRECTION ( 'NONE',  ( -1.000000000000000000, -1.258448950206388160E-16, 0.000000000000000000 ) ) ;
#3635 = CARTESIAN_POINT ( 'NONE',  ( 0.1884769367380004501, 0.2000000000000005107, -1.350000000000000533 ) ) ;
#3636 = ORIENTED_EDGE ( 'NONE', *, *, #3307, .F. ) ;
#3637 = LINE ( 'NONE', #4594, #4155 ) ;
#3638 = CARTESIAN_POINT ( 'NONE',  ( 5.535000000000000142, 0.4500000000000007327, -1.350000000000000089 ) ) ;
#3639 = CARTESIAN_POINT ( 'NONE',  ( -4.235000000000002984, 0.2000000000000000111, -1.149999999999999911 ) ) ;
#3640 = AXIS2_PLACEMENT_3D ( 'NONE', #1713, #198, #2113 ) ;
#3641 = EDGE_CURVE ( 'NONE', #4939, #1323, #227, .T. ) ;
#3642 = DIRECTION ( 'NONE',  ( 0.000000000000000000, -0.000000000000000000, -1.000000000000000000 ) ) ;
#3643 = AXIS2_PLACEMENT_3D ( 'NONE', #139, #1561, #193 ) ;
#3644 = DIRECTION ( 'NONE',  ( 0.000000000000000000, 1.000000000000000000, 0.000000000000000000 ) ) ;
#3645 = DIRECTION ( 'NONE',  ( 0.000000000000000000, -0.000000000000000000, -1.000000000000000000 ) ) ;
#3646 = CARTESIAN_POINT ( 'NONE',  ( 5.935000000000000497, 2.299999999999999822, -0.9000000000000001332 ) ) ;
#3647 = DIRECTION ( 'NONE',  ( 0.000000000000000000, -1.000000000000000000, 0.000000000000000000 ) ) ;
#3648 = EDGE_CURVE ( 'NONE', #3950, #5681, #3949, .T. ) ;
#3649 = EDGE_CURVE ( 'NONE', #2982, #6124, #5465, .T. ) ;
#3650 = CIRCLE ( 'NONE', #3253, 0.1999999999999996503 ) ;
#3651 = LINE ( 'NONE', #4107, #1539 ) ;
#3652 = CARTESIAN_POINT ( 'NONE',  ( -4.860000000000001208, 2.250000000000000000, 2.650000000000000355 ) ) ;
#3653 = ADVANCED_FACE ( 'NONE', ( #3053 ), #642, .T. ) ;
#3654 = VECTOR ( 'NONE', #3966, 1000.000000000000000 ) ;
#3655 = ORIENTED_EDGE ( 'NONE', *, *, #1801, .F. ) ;
#3656 = VERTEX_POINT ( 'NONE', #1064 ) ;
#3657 = ORIENTED_EDGE ( 'NONE', *, *, #5005, .T. ) ;
#3658 = ADVANCED_FACE ( 'NONE', ( #165 ), #691, .T. ) ;
#3659 = DIRECTION ( 'NONE',  ( -2.282530889443167515E-16, 0.000000000000000000, 1.000000000000000000 ) ) ;
#3660 = STYLED_ITEM ( 'NONE', ( #2554 ), #2440 ) ;
#3661 = DIRECTION ( 'NONE',  ( 0.000000000000000000, 0.000000000000000000, 1.000000000000000000 ) ) ;
#3662 = LINE ( 'NONE', #4148, #5767 ) ;
#3663 = EDGE_LOOP ( 'NONE', ( #6181, #2405, #1526, #5289, #6094 ) ) ;
#3664 = LINE ( 'NONE', #2160, #1264 ) ;
#3665 = VECTOR ( 'NONE', #230, 1000.000000000000227 ) ;
#3666 = CARTESIAN_POINT ( 'NONE',  ( 1.625000000000000000, 0.01144570674512745967, -1.582601529398155016 ) ) ;
#3667 = DIRECTION ( 'NONE',  ( 1.000000000000000000, 0.000000000000000000, 0.000000000000000000 ) ) ;
#3668 = LINE ( 'NONE', #4217, #2911 ) ;
#3669 = AXIS2_PLACEMENT_3D ( 'NONE', #871, #3276, #3645 ) ;
#3670 = CARTESIAN_POINT ( 'NONE',  ( -4.785000000000000142, 2.049999999999999822, 2.400000000000000355 ) ) ;
#3671 = LINE ( 'NONE', #1698, #4359 ) ;
#3672 = ORIENTED_EDGE ( 'NONE', *, *, #4440, .F. ) ;
#3673 = CARTESIAN_POINT ( 'NONE',  ( -4.782106010784283240E-17, 0.3800000000000005596, 3.950000000000001954 ) ) ;
#3674 = CARTESIAN_POINT ( 'NONE',  ( 4.035000000000000142, 0.2000000000000000111, -0.8999999999999998002 ) ) ;
#3675 = VECTOR ( 'NONE', #541, 1000.000000000000114 ) ;
#3676 = VECTOR ( 'NONE', #2491, 1000.000000000000000 ) ;
#3677 = VERTEX_POINT ( 'NONE', #4968 ) ;
#3678 = VECTOR ( 'NONE', #1087, 1000.000000000000000 ) ;
#3679 = ORIENTED_EDGE ( 'NONE', *, *, #5930, .F. ) ;
#3680 = PLANE ( 'NONE',  #3373 ) ;
#3681 = EDGE_LOOP ( 'NONE', ( #2129, #4956, #6130, #3622 ) ) ;
#3682 = FACE_OUTER_BOUND ( 'NONE', #1653, .T. ) ;
#3683 = DIRECTION ( 'NONE',  ( -1.000000000000000000, 1.758165685111629112E-16, -1.912594791595156631E-16 ) ) ;
#3684 = DIRECTION ( 'NONE',  ( 0.000000000000000000, 1.000000000000000000, 0.000000000000000000 ) ) ;
#3685 = EDGE_CURVE ( 'NONE', #3218, #1826, #1183, .T. ) ;
#3686 = LINE ( 'NONE', #5573, #1278 ) ;
#3687 = VECTOR ( 'NONE', #4703, 1000.000000000000000 ) ;
#3688 = VECTOR ( 'NONE', #4855, 1000.000000000000000 ) ;
#3689 = ORIENTED_EDGE ( 'NONE', *, *, #2278, .F. ) ;
#3690 = ORIENTED_EDGE ( 'NONE', *, *, #4824, .F. ) ;
#3691 = ADVANCED_FACE ( 'NONE', ( #4496 ), #5938, .T. ) ;
#3692 = VERTEX_POINT ( 'NONE', #5352 ) ;
#3693 = AXIS2_PLACEMENT_3D ( 'NONE', #1320, #3245, #5143 ) ;
#3694 = DIRECTION ( 'NONE',  ( -1.000000000000000000, 0.000000000000000000, 1.711898167082376006E-16 ) ) ;
#3695 = DIRECTION ( 'NONE',  ( -1.000000000000000000, 0.000000000000000000, 0.000000000000000000 ) ) ;
#3696 = CARTESIAN_POINT ( 'NONE',  ( 4.035000000000000142, 2.299999999999999822, 0.1499999999999995226 ) ) ;
#3697 = VERTEX_POINT ( 'NONE', #3674 ) ;
#3698 = CIRCLE ( 'NONE', #768, 0.1952518841866464350 ) ;
#3699 = CARTESIAN_POINT ( 'NONE',  ( -4.860000000000001208, 0.4500000000000002887, 1.656341625576287280 ) ) ;
#3700 = CARTESIAN_POINT ( 'NONE',  ( 3.549999999999999822, 0.8000000000000000444, 2.650000000000001243 ) ) ;
#3701 = CYLINDRICAL_SURFACE ( 'NONE', #1123, 0.1952518841866464350 ) ;
#3702 = PLANE ( 'NONE',  #2112 ) ;
#3703 = PLANE ( 'NONE',  #5439 ) ;
#3704 = FACE_OUTER_BOUND ( 'NONE', #2675, .T. ) ;
#3705 = ORIENTED_EDGE ( 'NONE', *, *, #5317, .T. ) ;
#3706 = LINE ( 'NONE', #319, #39 ) ;
#3707 = CARTESIAN_POINT ( 'NONE',  ( 3.635000000000000231, 0.2000000000000000111, -0.9499999999999986233 ) ) ;
#3708 = VECTOR ( 'NONE', #5192, 1000.000000000000000 ) ;
#3709 = CARTESIAN_POINT ( 'NONE',  ( -4.860000000000001208, 2.250000000000000000, 1.656341625576287280 ) ) ;
#3710 = ORIENTED_EDGE ( 'NONE', *, *, #1130, .T. ) ;
#3711 = FACE_OUTER_BOUND ( 'NONE', #3681, .T. ) ;
#3712 = DIRECTION ( 'NONE',  ( 0.7235891002180033782, -0.4880670107913985256, -0.4880670107913964162 ) ) ;
#3713 = DIRECTION ( 'NONE',  ( 0.000000000000000000, -0.000000000000000000, -1.000000000000000000 ) ) ;
#3715 = ADVANCED_FACE ( 'NONE', ( #2723 ), #1215, .F. ) ;
#3714 = DIRECTION ( 'NONE',  ( 1.000000000000000000, 0.000000000000000000, -1.711898167082376006E-16 ) ) ;
#3716 = CARTESIAN_POINT ( 'NONE',  ( -3.999999999999999112, 1.500000000000001332, 3.950000000000001954 ) ) ;
#3717 = DIRECTION ( 'NONE',  ( 1.328990167950278744E-16, -0.000000000000000000, 1.000000000000000000 ) ) ;
#3718 = ORIENTED_EDGE ( 'NONE', *, *, #3934, .F. ) ;
#3719 = EDGE_LOOP ( 'NONE', ( #2221, #1857, #1911, #2943 ) ) ;
#3720 = VERTEX_POINT ( 'NONE', #358 ) ;
#3721 = CARTESIAN_POINT ( 'NONE',  ( 3.549999999999999822, 1.800000000000000044, 0.1499999999999995226 ) ) ;
#3722 = DIRECTION ( 'NONE',  ( 1.000000000000000000, 0.000000000000000000, -2.282530889443167515E-16 ) ) ;
#3723 = ORIENTED_EDGE ( 'NONE', *, *, #2636, .F. ) ;
#3724 = CARTESIAN_POINT ( 'NONE',  ( -5.243333333333334956, 1.266666666666660168, -1.466666666666663232 ) ) ;
#3725 = EDGE_CURVE ( 'NONE', #5269, #1662, #1702, .T. ) ;
#3726 = DIRECTION ( 'NONE',  ( 1.711898167082376006E-16, 0.000000000000000000, -1.000000000000000000 ) ) ;
#3727 = ADVANCED_FACE ( 'NONE', ( #826 ), #2296, .F. ) ;
#3728 = EDGE_CURVE ( 'NONE', #1828, #120, #6096, .T. ) ;
#3729 = LINE ( 'NONE', #5555, #4982 ) ;
#3730 = DIRECTION ( 'NONE',  ( 1.000000000000000000, 0.000000000000000000, -5.965348954528222655E-17 ) ) ;
#3731 = DIRECTION ( 'NONE',  ( 0.000000000000000000, 0.000000000000000000, 1.000000000000000000 ) ) ;
#3732 = VERTEX_POINT ( 'NONE', #6126 ) ;
#3733 = CARTESIAN_POINT ( 'NONE',  ( -6.500000000000001776, 0.3800000000000013922, 3.950000000000001954 ) ) ;
#3734 = CARTESIAN_POINT ( 'NONE',  ( -6.060000000000001386, 2.250000000000000000, 1.856341625576287901 ) ) ;
#3735 = ADVANCED_FACE ( 'NONE', ( #4127 ), #291, .F. ) ;
#3736 = ORIENTED_EDGE ( 'NONE', *, *, #5778, .T. ) ;
#3737 = CARTESIAN_POINT ( 'NONE',  ( 10.05810562561766375, 2.050000000000003375, 2.650000000000000355 ) ) ;
#3738 = ORIENTED_EDGE ( 'NONE', *, *, #1342, .T. ) ;
#3739 = DIRECTION ( 'NONE',  ( 0.000000000000000000, -1.000000000000000000, 0.000000000000000000 ) ) ;
#3740 = CARTESIAN_POINT ( 'NONE',  ( 0.000000000000000000, 9.129072045307475847, -1.350000000000000089 ) ) ;
#3741 = DIRECTION ( 'NONE',  ( 1.000000000000000000, 0.000000000000000000, 0.000000000000000000 ) ) ;
#3742 = DIRECTION ( 'NONE',  ( 0.000000000000000000, 0.000000000000000000, 1.000000000000000000 ) ) ;
#3743 = DIRECTION ( 'NONE',  ( -1.758165685111629112E-16, -1.000000000000000000, 0.000000000000000000 ) ) ;
#3744 = EDGE_LOOP ( 'NONE', ( #5162, #5049, #248, #295 ) ) ;
#3745 = ORIENTED_EDGE ( 'NONE', *, *, #2592, .T. ) ;
#3746 = VERTEX_POINT ( 'NONE', #726 ) ;
#3747 = EDGE_CURVE ( 'NONE', #5717, #1161, #1738, .T. ) ;
#3748 = CIRCLE ( 'NONE', #5029, 0.1499999999999999667 ) ;
#3749 = AXIS2_PLACEMENT_3D ( 'NONE', #1809, #5689, #6026 ) ;
#3750 = ADVANCED_FACE ( 'NONE', ( #5133 ), #1344, .T. ) ;
#3751 = AXIS2_PLACEMENT_3D ( 'NONE', #747, #4332, #4301 ) ;
#3752 = VERTEX_POINT ( 'NONE', #3266 ) ;
#3753 = DIRECTION ( 'NONE',  ( 0.000000000000000000, 0.000000000000000000, 1.000000000000000000 ) ) ;
#3754 = EDGE_CURVE ( 'NONE', #2431, #2533, #3609, .T. ) ;
#3755 = DIRECTION ( 'NONE',  ( 0.000000000000000000, -1.000000000000000000, 0.000000000000000000 ) ) ;
#3756 =( GEOMETRIC_REPRESENTATION_CONTEXT ( 3 ) GLOBAL_UNCERTAINTY_ASSIGNED_CONTEXT ( ( #2819 ) ) GLOBAL_UNIT_ASSIGNED_CONTEXT ( ( #3422, #1439, #5797 ) ) REPRESENTATION_CONTEXT ( 'NONE', 'WORKASPACE' ) );
#3757 = CARTESIAN_POINT ( 'NONE',  ( -3.000000000000000000, 4.336808689942012343E-18, 1.395585036423341307E-15 ) ) ;
#3758 = CARTESIAN_POINT ( 'NONE',  ( -3.835000000000000409, 2.299999999999999822, 0.1499999999999995226 ) ) ;
#3759 = EDGE_CURVE ( 'NONE', #862, #2380, #5105, .T. ) ;
#3760 = LINE ( 'NONE', #4342, #1550 ) ;
#3761 = DIRECTION ( 'NONE',  ( 0.000000000000000000, -0.000000000000000000, 1.000000000000000000 ) ) ;
#3762 = ORIENTED_EDGE ( 'NONE', *, *, #1325, .T. ) ;
#3763 = EDGE_CURVE ( 'NONE', #3158, #1006, #4099, .T. ) ;
#3764 = DIRECTION ( 'NONE',  ( -1.258448950206388160E-16, -1.000000000000000000, 0.000000000000000000 ) ) ;
#3765 = DIRECTION ( 'NONE',  ( 0.000000000000000000, 0.000000000000000000, 1.000000000000000000 ) ) ;
#3766 = DIRECTION ( 'NONE',  ( 0.000000000000000000, 0.000000000000000000, 1.000000000000000000 ) ) ;
#3767 = DIRECTION ( 'NONE',  ( 0.000000000000000000, -1.000000000000000000, 0.000000000000000000 ) ) ;
#3768 = AXIS2_PLACEMENT_3D ( 'NONE', #4820, #518, #900 ) ;
#3769 = EDGE_CURVE ( 'NONE', #2286, #3222, #794, .T. ) ;
#3770 = DIRECTION ( 'NONE',  ( 0.000000000000000000, -1.000000000000000000, 0.000000000000000000 ) ) ;
#3771 = ORIENTED_EDGE ( 'NONE', *, *, #413, .F. ) ;
#3772 = VECTOR ( 'NONE', #1339, 1000.000000000000000 ) ;
#3773 = CARTESIAN_POINT ( 'NONE',  ( 3.927205953146760908, 0.1799999999999996880, 3.750000000000003997 ) ) ;
#3774 = CARTESIAN_POINT ( 'NONE',  ( -4.235000000000001208, 2.299999999999999822, 0.1499999999999995226 ) ) ;
#3775 = DIRECTION ( 'NONE',  ( 0.000000000000000000, -0.000000000000000000, -1.000000000000000000 ) ) ;
#3776 = AXIS2_PLACEMENT_3D ( 'NONE', #4283, #956, #5718 ) ;
#3777 = DIRECTION ( 'NONE',  ( 1.000000000000000000, 0.000000000000000000, -2.891205793294679312E-16 ) ) ;
#3778 = VECTOR ( 'NONE', #1614, 1000.000000000000000 ) ;
#3779 = ORIENTED_EDGE ( 'NONE', *, *, #3117, .T. ) ;
#3780 = EDGE_LOOP ( 'NONE', ( #3100, #564, #3327, #4396, #2281, #1823 ) ) ;
#3781 = VECTOR ( 'NONE', #3195, 1000.000000000000000 ) ;
#3782 = VERTEX_POINT ( 'NONE', #5597 ) ;
#3783 = LINE ( 'NONE', #5481, #4541 ) ;
#3784 = VECTOR ( 'NONE', #584, 1000.000000000000000 ) ;
#3785 = ORIENTED_EDGE ( 'NONE', *, *, #3122, .F. ) ;
#3786 = DIRECTION ( 'NONE',  ( -1.000000000000000000, 0.000000000000000000, 0.000000000000000000 ) ) ;
#3787 = ORIENTED_EDGE ( 'NONE', *, *, #4873, .T. ) ;
#3788 = DIRECTION ( 'NONE',  ( 0.000000000000000000, 0.5093848667045588474, -0.8605388181670706738 ) ) ;
#3789 = CARTESIAN_POINT ( 'NONE',  ( 4.035000000000000142, 0.3999999999999993006, 0.1499999999999994948 ) ) ;
#3790 = LINE ( 'NONE', #2986, #1941 ) ;
#3791 = CARTESIAN_POINT ( 'NONE',  ( 0.000000000000000000, 0.000000000000000000, 0.000000000000000000 ) ) ;
#3792 = CARTESIAN_POINT ( 'NONE',  ( -4.035000000000000142, 2.299999999999999822, 0.9000000000000003553 ) ) ;
#3793 = LINE ( 'NONE', #1403, #2198 ) ;
#3794 = ORIENTED_EDGE ( 'NONE', *, *, #3304, .T. ) ;
#3795 = PLANE ( 'NONE',  #3776 ) ;
#3796 = LINE ( 'NONE', #3329, #2043 ) ;
#3797 = DIRECTION ( 'NONE',  ( -1.000000000000000000, 0.000000000000000000, 0.000000000000000000 ) ) ;
#3798 = EDGE_LOOP ( 'NONE', ( #4220, #1686, #2577, #4944 ) ) ;
#3799 = DIRECTION ( 'NONE',  ( 1.000000000000000000, 0.000000000000000000, -2.891205793294679312E-16 ) ) ;
#3800 = PLANE ( 'NONE',  #4066 ) ;
#3801 = DIRECTION ( 'NONE',  ( 0.000000000000000000, 0.000000000000000000, -1.000000000000000000 ) ) ;
#3802 = CARTESIAN_POINT ( 'NONE',  ( -4.860000000000001208, 2.050000000000002487, 1.656341625576287280 ) ) ;
#3803 = ADVANCED_FACE ( 'NONE', ( #3171 ), #390, .F. ) ;
#3804 = EDGE_CURVE ( 'NONE', #2826, #3389, #3236, .T. ) ;
#3805 = ORIENTED_EDGE ( 'NONE', *, *, #5993, .T. ) ;
#3806 = EDGE_CURVE ( 'NONE', #6173, #3732, #320, .T. ) ;
#3807 = ORIENTED_EDGE ( 'NONE', *, *, #2504, .F. ) ;
#3808 = ORIENTED_EDGE ( 'NONE', *, *, #25, .T. ) ;
#3809 = DIRECTION ( 'NONE',  ( -0.000000000000000000, -0.000000000000000000, 1.000000000000000000 ) ) ;
#3810 = EDGE_LOOP ( 'NONE', ( #3028, #2210, #3586, #3002 ) ) ;
#3811 = LINE ( 'NONE', #5682, #3095 ) ;
#3812 = ORIENTED_EDGE ( 'NONE', *, *, #4596, .T. ) ;
#3813 = DIRECTION ( 'NONE',  ( 3.872150616019656862E-16, 1.000000000000000000, 0.000000000000000000 ) ) ;
#3814 = DIRECTION ( 'NONE',  ( -1.000000000000000000, 0.000000000000000000, 0.000000000000000000 ) ) ;
#3815 = ITEM_DEFINED_TRANSFORMATION ( 'NONE', 'NONE', #2962,  #926 ) ;
#3816 = VERTEX_POINT ( 'NONE', #6069 ) ;
#3817 = CARTESIAN_POINT ( 'NONE',  ( -4.860000000000001208, 2.250000000000000000, 2.650000000000000355 ) ) ;
#3818 = EDGE_CURVE ( 'NONE', #5577, #2525, #866, .T. ) ;
#3819 = DIRECTION ( 'NONE',  ( -1.000000000000000000, 0.000000000000000000, 1.711898167082375759E-16 ) ) ;
#3820 = ORIENTED_EDGE ( 'NONE', *, *, #548, .T. ) ;
#3821 = FACE_OUTER_BOUND ( 'NONE', #5444, .T. ) ;
#3822 = LINE ( 'NONE', #957, #3275 ) ;
#3823 = PLANE ( 'NONE',  #4693 ) ;
#3824 = VERTEX_POINT ( 'NONE', #2794 ) ;
#3825 = DIRECTION ( 'NONE',  ( 0.000000000000000000, -1.000000000000000000, 0.000000000000000000 ) ) ;
#3826 = ORIENTED_EDGE ( 'NONE', *, *, #4201, .T. ) ;
#3827 = CARTESIAN_POINT ( 'NONE',  ( -5.935000000000000497, 2.299999999999999822, 0.8999999999999999112 ) ) ;
#3828 = DIRECTION ( 'NONE',  ( 1.000000000000000000, -0.000000000000000000, -0.000000000000000000 ) ) ;
#3829 = DIRECTION ( 'NONE',  ( 0.000000000000000000, -1.000000000000000000, -0.000000000000000000 ) ) ;
#3830 = EDGE_CURVE ( 'NONE', #5961, #2497, #2169, .T. ) ;
#3831 = VERTEX_POINT ( 'NONE', #2825 ) ;
#3832 = ORIENTED_EDGE ( 'NONE', *, *, #5665, .T. ) ;
#3833 = EDGE_CURVE ( 'NONE', #2879, #1311, #41, .T. ) ;
#3834 = CARTESIAN_POINT ( 'NONE',  ( 1.625000000000000000, 0.6009615426646959246, -1.506680608523724985 ) ) ;
#3835 = CARTESIAN_POINT ( 'NONE',  ( 4.035000000000000142, 0.2000000000000000111, 0.9000000000000003553 ) ) ;
#3836 = FACE_BOUND ( 'NONE', #659, .T. ) ;
#3837 = EDGE_CURVE ( 'NONE', #120, #4786, #2368, .T. ) ;
#3838 = VECTOR ( 'NONE', #1444, 1000.000000000000000 ) ;
#3839 = ORIENTED_EDGE ( 'NONE', *, *, #3407, .T. ) ;
#3840 = FACE_OUTER_BOUND ( 'NONE', #2726, .T. ) ;
#3841 = AXIS2_PLACEMENT_3D ( 'NONE', #2612, #3996, #1606 ) ;
#3842 = ORIENTED_EDGE ( 'NONE', *, *, #5463, .F. ) ;
#3843 = EDGE_CURVE ( 'NONE', #3317, #2741, #453, .T. ) ;
#3844 = FACE_OUTER_BOUND ( 'NONE', #5311, .T. ) ;
#3845 = CARTESIAN_POINT ( 'NONE',  ( 4.035000000000000142, 2.299999999999999822, -1.300000000000000266 ) ) ;
#3846 = COLOUR_RGB ( '',0.7960784313725489669, 0.8235294117647058432, 0.9372549019607843146 ) ;
#3847 = VECTOR ( 'NONE', #4522, 1000.000000000000000 ) ;
#3848 = AXIS2_PLACEMENT_3D ( 'NONE', #3933, #4983, #3064 ) ;
#3849 = CARTESIAN_POINT ( 'NONE',  ( -10.05810562561766375, 2.049999999999999822, -1.149999999999999911 ) ) ;
#3850 = LINE ( 'NONE', #5751, #5334 ) ;
#3851 = ORIENTED_EDGE ( 'NONE', *, *, #1486, .F. ) ;
#3852 = PLANE ( 'NONE',  #3472 ) ;
#3853 = DIRECTION ( 'NONE',  ( -0.000000000000000000, -0.000000000000000000, 1.000000000000000000 ) ) ;
#3854 = EDGE_LOOP ( 'NONE', ( #163, #6142, #4226, #5769 ) ) ;
#3855 = CARTESIAN_POINT ( 'NONE',  ( 0.000000000000000000, 2.250000000000000000, 1.856341625576288790 ) ) ;
#3856 = DIRECTION ( 'NONE',  ( 1.000000000000000000, 0.000000000000000000, -0.000000000000000000 ) ) ;
#3857 = CARTESIAN_POINT ( 'NONE',  ( -4.035000000000000142, 2.500000000000000000, 0.9000000000000003553 ) ) ;
#3858 = ORIENTED_EDGE ( 'NONE', *, *, #2603, .F. ) ;
#3859 = CARTESIAN_POINT ( 'NONE',  ( -3.549999999999999822, 2.500000000000000444, 3.950000000000001954 ) ) ;
#3860 = LINE ( 'NONE', #519, #2995 ) ;
#3861 = FACE_OUTER_BOUND ( 'NONE', #1864, .T. ) ;
#3862 = AXIS2_PLACEMENT_3D ( 'NONE', #974, #4271, #938 ) ;
#3863 = EDGE_CURVE ( 'NONE', #1363, #1742, #4284, .T. ) ;
#3864 = ORIENTED_EDGE ( 'NONE', *, *, #375, .T. ) ;
#3865 = VERTEX_POINT ( 'NONE', #5661 ) ;
#3866 = VECTOR ( 'NONE', #3765, 1000.000000000000000 ) ;
#3867 = EDGE_CURVE ( 'NONE', #5474, #2218, #989, .T. ) ;
#3868 = VECTOR ( 'NONE', #3207, 1000.000000000000000 ) ;
#3869 = LINE ( 'NONE', #3834, #3364 ) ;
#3870 = CARTESIAN_POINT ( 'NONE',  ( -4.035000000000000142, 0.000000000000000000, 0.9000000000000003553 ) ) ;
#3871 = VECTOR ( 'NONE', #3432, 1000.000000000000000 ) ;
#3872 = ORIENTED_EDGE ( 'NONE', *, *, #5622, .T. ) ;
#3873 = EDGE_CURVE ( 'NONE', #2408, #6124, #3305, .T. ) ;
#3874 = AXIS2_PLACEMENT_3D ( 'NONE', #5685, #915, #1398 ) ;
#3875 = ORIENTED_EDGE ( 'NONE', *, *, #4733, .F. ) ;
#3876 = AXIS2_PLACEMENT_3D ( 'NONE', #461, #430, #3426 ) ;
#3877 = DIRECTION ( 'NONE',  ( 0.000000000000000000, 1.000000000000000000, 0.000000000000000000 ) ) ;
#3878 = FACE_OUTER_BOUND ( 'NONE', #2770, .T. ) ;
#3879 = AXIS2_PLACEMENT_3D ( 'NONE', #3553, #5391, #1101 ) ;
#3880 = EDGE_CURVE ( 'NONE', #1350, #4773, #5256, .T. ) ;
#3881 = AXIS2_PLACEMENT_3D ( 'NONE', #3213, #5109, #6134 ) ;
#3882 = CARTESIAN_POINT ( 'NONE',  ( -4.785000000000000142, 9.129072045307475847, 2.400000000000000355 ) ) ;
#3883 = CARTESIAN_POINT ( 'NONE',  ( -3.549999999999999822, 2.500000000000000000, 2.650000000000000355 ) ) ;
#3884 = ORIENTED_EDGE ( 'NONE', *, *, #2516, .F. ) ;
#3885 = AXIS2_PLACEMENT_3D ( 'NONE', #2996, #5791, #538 ) ;
#3886 = LINE ( 'NONE', #1016, #854 ) ;
#3887 = CARTESIAN_POINT ( 'NONE',  ( -4.234999999999999432, 9.129072045307475847, -1.349999999999998979 ) ) ;
#3888 = ORIENTED_EDGE ( 'NONE', *, *, #4545, .F. ) ;
#3889 = DIRECTION ( 'NONE',  ( -1.000000000000000000, 0.000000000000000000, -3.336006684570784088E-16 ) ) ;
#3890 = CARTESIAN_POINT ( 'NONE',  ( -3.699999999999999289, 1.300000000000000044, 3.125756774163613638 ) ) ;
#3891 = VERTEX_POINT ( 'NONE', #2856 ) ;
#3892 = DIRECTION ( 'NONE',  ( -0.7071067811865512365, -0.7071067811865439090, 0.000000000000000000 ) ) ;
#3893 = LINE ( 'NONE', #1529, #754 ) ;
#3894 = VECTOR ( 'NONE', #2241, 1000.000000000000000 ) ;
#3895 = PLANE ( 'NONE',  #2 ) ;
#3896 = VERTEX_POINT ( 'NONE', #4754 ) ;
#3897 = VERTEX_POINT ( 'NONE', #6161 ) ;
#3898 = EDGE_LOOP ( 'NONE', ( #1301, #906, #5739, #5187 ) ) ;
#3899 = DIRECTION ( 'NONE',  ( 0.000000000000000000, 0.000000000000000000, 1.000000000000000000 ) ) ;
#3900 = EDGE_CURVE ( 'NONE', #4416, #586, #1880, .T. ) ;
#3901 = CARTESIAN_POINT ( 'NONE',  ( -2.374999999999999556, 2.299999999999999822, -0.9499999999999992895 ) ) ;
#3902 = ORIENTED_EDGE ( 'NONE', *, *, #1694, .T. ) ;
#3903 = VERTEX_POINT ( 'NONE', #2458 ) ;
#3904 = CARTESIAN_POINT ( 'NONE',  ( -4.860000000000001208, 2.250000000000000000, 1.856341625576288790 ) ) ;
#3905 = FACE_OUTER_BOUND ( 'NONE', #703, .T. ) ;
#3906 = EDGE_CURVE ( 'NONE', #2829, #2776, #5787, .T. ) ;
#3907 = DIRECTION ( 'NONE',  ( 0.000000000000000000, -1.000000000000000000, -0.000000000000000000 ) ) ;
#3908 = CARTESIAN_POINT ( 'NONE',  ( 1.792287627232067804, 2.299999999999999822, 0.8357574461947657740 ) ) ;
#3909 = ORIENTED_EDGE ( 'NONE', *, *, #876, .F. ) ;
#3910 = EDGE_CURVE ( 'NONE', #1350, #495, #1406, .T. ) ;
#3911 = EDGE_CURVE ( 'NONE', #879, #5368, #3822, .T. ) ;
#3912 = CARTESIAN_POINT ( 'NONE',  ( 4.860000000000001208, 2.250000000000000000, 2.650000000000000355 ) ) ;
#3913 = EDGE_CURVE ( 'NONE', #3831, #3824, #3796, .T. ) ;
#3914 = LINE ( 'NONE', #3737, #443 ) ;
#3915 = EDGE_CURVE ( 'NONE', #2641, #2037, #5694, .T. ) ;
#3916 = CARTESIAN_POINT ( 'NONE',  ( -1.374999999999999556, 2.299999999999999822, -0.9499999999999992895 ) ) ;
#3917 = CARTESIAN_POINT ( 'NONE',  ( 5.935000000000000497, 0.000000000000000000, -0.9000000000000001332 ) ) ;
#3918 = FACE_OUTER_BOUND ( 'NONE', #6180, .T. ) ;
#3919 = FILL_AREA_STYLE ('',( #3577 ) ) ;
#3920 = ORIENTED_EDGE ( 'NONE', *, *, #1477, .T. ) ;
#3921 = DIRECTION ( 'NONE',  ( -0.000000000000000000, -1.000000000000000000, -0.000000000000000000 ) ) ;
#3922 = ADVANCED_FACE ( 'NONE', ( #5287 ), #2423, .T. ) ;
#3923 = DIRECTION ( 'NONE',  ( 0.000000000000000000, 0.000000000000000000, 1.000000000000000000 ) ) ;
#3924 = LINE ( 'NONE', #2079, #2952 ) ;
#3925 = ORIENTED_EDGE ( 'NONE', *, *, #3728, .F. ) ;
#3926 = VERTEX_POINT ( 'NONE', #2957 ) ;
#3927 = ORIENTED_EDGE ( 'NONE', *, *, #5083, .T. ) ;
#3928 = DIRECTION ( 'NONE',  ( -1.000000000000000000, 0.000000000000000000, 0.000000000000000000 ) ) ;
#3929 = DIRECTION ( 'NONE',  ( -0.000000000000000000, -1.000000000000000000, -0.000000000000000000 ) ) ;
#3930 = ORIENTED_EDGE ( 'NONE', *, *, #5447, .F. ) ;
#3931 = VERTEX_POINT ( 'NONE', #1463 ) ;
#3932 = VECTOR ( 'NONE', #6137, 1000.000000000000000 ) ;
#3933 = CARTESIAN_POINT ( 'NONE',  ( 0.000000000000000000, 2.500000000000000000, 0.000000000000000000 ) ) ;
#3934 = EDGE_CURVE ( 'NONE', #2308, #5595, #4815, .T. ) ;
#3935 = DIRECTION ( 'NONE',  ( 1.000000000000000000, 0.000000000000000000, -0.000000000000000000 ) ) ;
#3936 = DIRECTION ( 'NONE',  ( 1.000000000000000000, 0.000000000000000000, -0.000000000000000000 ) ) ;
#3937 = ORIENTED_EDGE ( 'NONE', *, *, #5993, .F. ) ;
#3938 = CARTESIAN_POINT ( 'NONE',  ( -3.549999999999999822, 2.299999999999999822, -0.9499999999999986233 ) ) ;
#3939 = PRESENTATION_LAYER_ASSIGNMENT (  '', '', ( #6136 ) ) ;
#3940 = AXIS2_PLACEMENT_3D ( 'NONE', #4513, #4047, #3695 ) ;
#3941 = LINE ( 'NONE', #1090, #4520 ) ;
#3942 = EDGE_CURVE ( 'NONE', #4732, #3896, #1017, .T. ) ;
#3943 = FACE_OUTER_BOUND ( 'NONE', #5275, .T. ) ;
#3944 = EDGE_CURVE ( 'NONE', #868, #4898, #4380, .T. ) ;
#3945 = CARTESIAN_POINT ( 'NONE',  ( 1.375000000000000000, 0.4128422322972565284, -1.719138551857209984 ) ) ;
#3946 = ORIENTED_EDGE ( 'NONE', *, *, #3649, .F. ) ;
#3947 = LINE ( 'NONE', #1094, #1145 ) ;
#3948 = VECTOR ( 'NONE', #623, 1000.000000000000000 ) ;
#3949 = LINE ( 'NONE', #5976, #1069 ) ;
#3950 = VERTEX_POINT ( 'NONE', #894 ) ;
#3951 = VECTOR ( 'NONE', #3309, 1000.000000000000000 ) ;
#3952 = ORIENTED_EDGE ( 'NONE', *, *, #4970, .T. ) ;
#3953 = ADVANCED_FACE ( 'NONE', ( #2994 ), #1517, .T. ) ;
#3954 = VECTOR ( 'NONE', #5398, 1000.000000000000000 ) ;
#3955 = LINE ( 'NONE', #589, #4947 ) ;
#3956 = DIRECTION ( 'NONE',  ( -0.000000000000000000, -9.856383386231868688E-17, -1.000000000000000000 ) ) ;
#3957 = FACE_BOUND ( 'NONE', #4114, .T. ) ;
#3958 = VECTOR ( 'NONE', #5943, 1000.000000000000114 ) ;
#3959 = CARTESIAN_POINT ( 'NONE',  ( 6.299999999999999822, 0.3800000000000013922, 3.950000000000001954 ) ) ;
#3960 = CARTESIAN_POINT ( 'NONE',  ( 3.835000000000000409, 9.129072045307475847, 0.1499999999999995226 ) ) ;
#3961 = ORIENTED_EDGE ( 'NONE', *, *, #3518, .T. ) ;
#3962 = AXIS2_PLACEMENT_3D ( 'NONE', #5430, #2101, #4031 ) ;
#3963 = EDGE_LOOP ( 'NONE', ( #5607, #1127, #3864, #4980, #2673, #3842, #2274, #5422, #4296, #2844, #4984, #1750, #5568, #1609 ) ) ;
#3964 = VECTOR ( 'NONE', #3853, 1000.000000000000000 ) ;
#3965 = VECTOR ( 'NONE', #2189, 1000.000000000000000 ) ;
#3966 = DIRECTION ( 'NONE',  ( 0.000000000000000000, 0.000000000000000000, -1.000000000000000000 ) ) ;
#3967 = VECTOR ( 'NONE', #1566, 1000.000000000000114 ) ;
#3968 = CARTESIAN_POINT ( 'NONE',  ( -4.535000000000000142, 9.129072045307475847, 2.650000000000000355 ) ) ;
#3969 = PLANE ( 'NONE',  #49 ) ;
#3970 = ORIENTED_EDGE ( 'NONE', *, *, #5818, .T. ) ;
#3971 = CARTESIAN_POINT ( 'NONE',  ( 0.000000000000000000, 0.2000000000000000111, -1.350000000000000089 ) ) ;
#3972 = EDGE_CURVE ( 'NONE', #3126, #5577, #4880, .T. ) ;
#3973 = AXIS2_PLACEMENT_3D ( 'NONE', #618, #233, #698 ) ;
#3974 = VECTOR ( 'NONE', #5624, 1000.000000000000000 ) ;
#3975 = DIRECTION ( 'NONE',  ( -0.7071067811865474617, 0.000000000000000000, 0.7071067811865474617 ) ) ;
#3976 = DIRECTION ( 'NONE',  ( 2.891205793294679312E-16, 0.000000000000000000, -1.000000000000000000 ) ) ;
#3977 = ORIENTED_EDGE ( 'NONE', *, *, #1801, .T. ) ;
#3978 = DIRECTION ( 'NONE',  ( -3.872150616019656862E-16, -1.000000000000000000, 0.000000000000000000 ) ) ;
#3979 = PLANE ( 'NONE',  #653 ) ;
#3980 = DIRECTION ( 'NONE',  ( 0.000000000000000000, -1.000000000000000000, 0.000000000000000000 ) ) ;
#3981 = ORIENTED_EDGE ( 'NONE', *, *, #657, .T. ) ;
#3982 = CARTESIAN_POINT ( 'NONE',  ( 4.535000000000000142, 0.4500000000000000111, -0.6499999999999951372 ) ) ;
#3983 = DIRECTION ( 'NONE',  ( 0.000000000000000000, 1.480634983344293768E-16, -1.000000000000000000 ) ) ;
#3984 = EDGE_CURVE ( 'NONE', #3317, #1363, #4952, .T. ) ;
#3985 = DIRECTION ( 'NONE',  ( 0.7071067811865461294, 0.000000000000000000, 0.7071067811865490160 ) ) ;
#3986 = ORIENTED_EDGE ( 'NONE', *, *, #4214, .F. ) ;
#3987 = ORIENTED_EDGE ( 'NONE', *, *, #4733, .T. ) ;
#3988 = ORIENTED_EDGE ( 'NONE', *, *, #5211, .T. ) ;
#3989 = VECTOR ( 'NONE', #3262, 1000.000000000000000 ) ;
#3990 = CARTESIAN_POINT ( 'NONE',  ( 1.625000000000000000, 0.01144570674512745967, -1.582601529398155016 ) ) ;
#3991 = ORIENTED_EDGE ( 'NONE', *, *, #5743, .F. ) ;
#3992 = CARTESIAN_POINT ( 'NONE',  ( 4.860000000000001208, 2.250000000000000000, 2.650000000000000355 ) ) ;
#3993 = DIRECTION ( 'NONE',  ( -1.000000000000000000, 0.000000000000000000, 0.000000000000000000 ) ) ;
#3994 = ORIENTED_EDGE ( 'NONE', *, *, #4400, .T. ) ;
#3995 = DIRECTION ( 'NONE',  ( 0.000000000000000000, 0.000000000000000000, -1.000000000000000000 ) ) ;
#3996 = DIRECTION ( 'NONE',  ( -1.000000000000000000, 0.000000000000000000, 0.000000000000000000 ) ) ;
#3997 = CARTESIAN_POINT ( 'NONE',  ( 4.785000000000000142, 0.4500000000000007327, 2.400000000000000355 ) ) ;
#3998 = EDGE_CURVE ( 'NONE', #5284, #533, #3914, .T. ) ;
#3999 = FILL_AREA_STYLE ('',( #4993 ) ) ;
#4000 = CARTESIAN_POINT ( 'NONE',  ( -4.035000000000001030, 2.100000000000000089, -1.149999999999999911 ) ) ;
#4001 = ORIENTED_EDGE ( 'NONE', *, *, #5864, .T. ) ;
#4002 = PLANE ( 'NONE',  #1051 ) ;
#4003 = CARTESIAN_POINT ( 'NONE',  ( 3.635000000000000231, 9.129072045307475847, -1.149999999999999911 ) ) ;
#4004 = UNCERTAINTY_MEASURE_WITH_UNIT (LENGTH_MEASURE( 1.000000000000000082E-05 ), #5099, 'distance_accuracy_value', 'NONE');
#4005 = DIRECTION ( 'NONE',  ( -1.000000000000000000, 0.000000000000000000, -1.221636250687892480E-16 ) ) ;
#4006 = ADVANCED_FACE ( 'NONE', ( #4568 ), #1287, .F. ) ;
#4007 = VERTEX_POINT ( 'NONE', #5979 ) ;
#4008 = LINE ( 'NONE', #4072, #4151 ) ;
#4009 = PLANE ( 'NONE',  #3074 ) ;
#4010 = CARTESIAN_POINT ( 'NONE',  ( 3.549999999999999378, 1.800000000000000044, 0.6500000000000007994 ) ) ;
#4011 = PRODUCT_DEFINITION_SHAPE ( 'NONE', 'NONE',  #6207 ) ;
#4012 = ORIENTED_EDGE ( 'NONE', *, *, #1634, .T. ) ;
#4013 = ORIENTED_EDGE ( 'NONE', *, *, #5699, .T. ) ;
#4014 = EDGE_CURVE ( 'NONE', #609, #5368, #5567, .T. ) ;
#4015 = EDGE_LOOP ( 'NONE', ( #2643, #3607, #459, #1002 ) ) ;
#4016 = CONTEXT_DEPENDENT_SHAPE_REPRESENTATION ( #897, #5962 ) ;
#4017 = DIRECTION ( 'NONE',  ( -6.672013369141568175E-16, 0.000000000000000000, -1.000000000000000000 ) ) ;
#4018 = CARTESIAN_POINT ( 'NONE',  ( -6.060000000000001386, 2.250000000000000000, 1.856341625576288790 ) ) ;
#4019 = ORIENTED_EDGE ( 'NONE', *, *, #2755, .F. ) ;
#4020 = CARTESIAN_POINT ( 'NONE',  ( 0.000000000000000000, 0.2000000000000000111, -1.350000000000000089 ) ) ;
#4021 = ADVANCED_FACE ( 'NONE', ( #6006 ), #2798, .F. ) ;
#4022 = DIRECTION ( 'NONE',  ( -1.000000000000000000, 0.000000000000000000, 0.000000000000000000 ) ) ;
#4023 = CARTESIAN_POINT ( 'NONE',  ( -5.535000000000000142, 9.129072045307475847, -1.350000000000000089 ) ) ;
#4024 = EDGE_LOOP ( 'NONE', ( #5524, #2403, #3274, #4816 ) ) ;
#4025 = CARTESIAN_POINT ( 'NONE',  ( -3.835000000000000409, 0.2000000000000000111, 0.1499999999999995226 ) ) ;
#4026 = FACE_OUTER_BOUND ( 'NONE', #805, .T. ) ;
#4027 = VECTOR ( 'NONE', #2320, 1000.000000000000000 ) ;
#4028 = CARTESIAN_POINT ( 'NONE',  ( -3.549999999999999378, 1.299999999999999156, 0.6500000000000007994 ) ) ;
#4029 = DIRECTION ( 'NONE',  ( -1.000000000000000000, 0.000000000000000000, 0.000000000000000000 ) ) ;
#4030 = EDGE_LOOP ( 'NONE', ( #4485, #1042, #5949, #730 ) ) ;
#4031 = DIRECTION ( 'NONE',  ( 0.000000000000000000, -0.000000000000000000, 1.000000000000000000 ) ) ;
#4032 = VECTOR ( 'NONE', #4750, 1000.000000000000000 ) ;
#4033 = CARTESIAN_POINT ( 'NONE',  ( -3.835000000000000853, 2.299999999999999822, -1.300000000000000266 ) ) ;
#4034 = DIRECTION ( 'NONE',  ( -0.000000000000000000, -1.000000000000000000, -0.000000000000000000 ) ) ;
#4035 = CIRCLE ( 'NONE', #315, 0.2000000000000005107 ) ;
#4036 = CARTESIAN_POINT ( 'NONE',  ( -2.314681396984278550, 2.299999999999999822, -1.079353661602681091 ) ) ;
#4037 = ORIENTED_EDGE ( 'NONE', *, *, #2596, .F. ) ;
#4038 = DIRECTION ( 'NONE',  ( 0.000000000000000000, -1.000000000000000000, -0.000000000000000000 ) ) ;
#4039 = LINE ( 'NONE', #196, #5863 ) ;
#4040 = DIRECTION ( 'NONE',  ( 1.000000000000000000, -0.000000000000000000, 0.000000000000000000 ) ) ;
#4041 = CARTESIAN_POINT ( 'NONE',  ( 3.635000000000000231, 2.299999999999999822, -1.149999999999999911 ) ) ;
#4042 = ORIENTED_EDGE ( 'NONE', *, *, #5016, .T. ) ;
#4043 = ORIENTED_EDGE ( 'NONE', *, *, #197, .F. ) ;
#4044 = ORIENTED_EDGE ( 'NONE', *, *, #2317, .F. ) ;
#4045 = PRESENTATION_LAYER_ASSIGNMENT (  '', '', ( #1355 ) ) ;
#4046 = EDGE_CURVE ( 'NONE', #559, #4339, #324, .T. ) ;
#4047 = DIRECTION ( 'NONE',  ( 0.000000000000000000, 0.000000000000000000, 1.000000000000000000 ) ) ;
#4048 = AXIS2_PLACEMENT_3D ( 'NONE', #1818, #4104, #798 ) ;
#4049 = EDGE_LOOP ( 'NONE', ( #1893, #6140, #5874, #3771 ) ) ;
#4050 = DIRECTION ( 'NONE',  ( -0.000000000000000000, 0.000000000000000000, 1.000000000000000000 ) ) ;
#4051 = AXIS2_PLACEMENT_3D ( 'NONE', #722, #5030, #3730 ) ;
#4052 = CARTESIAN_POINT ( 'NONE',  ( -5.935000000000000497, 2.299999999999999822, -0.9000000000000001332 ) ) ;
#4053 = FACE_OUTER_BOUND ( 'NONE', #982, .T. ) ;
#4054 = ORIENTED_EDGE ( 'NONE', *, *, #5415, .F. ) ;
#4055 = CYLINDRICAL_SURFACE ( 'NONE', #4163, 0.2000000000000005107 ) ;
#4056 = EDGE_CURVE ( 'NONE', #5064, #480, #5629, .T. ) ;
#4057 = EDGE_CURVE ( 'NONE', #2095, #5012, #3273, .T. ) ;
#4058 = ADVANCED_FACE ( 'NONE', ( #731 ), #5039, .T. ) ;
#4059 = VECTOR ( 'NONE', #2645, 1000.000000000000000 ) ;
#4060 = CARTESIAN_POINT ( 'NONE',  ( -4.000000000000000000, 0.1799999999999996603, 3.750000000000001776 ) ) ;
#4061 = AXIS2_PLACEMENT_3D ( 'NONE', #1932, #5286, #5197 ) ;
#4062 = LINE ( 'NONE', #763, #5545 ) ;
#4063 = CARTESIAN_POINT ( 'NONE',  ( 4.785000000000000142, 9.129072045307475847, 1.531341625576287502 ) ) ;
#4064 = ORIENTED_EDGE ( 'NONE', *, *, #5773, .F. ) ;
#4065 = PRODUCT_DEFINITION_SHAPE ( 'NONE', 'NONE',  #6212 ) ;
#4066 = AXIS2_PLACEMENT_3D ( 'NONE', #1411, #5230, #932 ) ;
#4067 = DIRECTION ( 'NONE',  ( -1.000000000000000000, 0.000000000000000000, -1.912594791595156631E-16 ) ) ;
#4068 = DIRECTION ( 'NONE',  ( 0.000000000000000000, -1.000000000000000000, 0.000000000000000000 ) ) ;
#4069 = DIRECTION ( 'NONE',  ( 0.000000000000000000, 1.000000000000000000, -0.000000000000000000 ) ) ;
#4070 = ORIENTED_EDGE ( 'NONE', *, *, #2161, .T. ) ;
#4071 = ORIENTED_EDGE ( 'NONE', *, *, #593, .T. ) ;
#4072 = CARTESIAN_POINT ( 'NONE',  ( 1.625000000000000000, 0.000000000000000000, -1.899999999999999911 ) ) ;
#4073 = PLANE ( 'NONE',  #4457 ) ;
#4074 = AXIS2_PLACEMENT_3D ( 'NONE', #1223, #1821, #3742 ) ;
#4075 = DIRECTION ( 'NONE',  ( -0.7071067811865474617, 0.000000000000000000, 0.7071067811865474617 ) ) ;
#4076 = CARTESIAN_POINT ( 'NONE',  ( 10.05810562561766375, 0.9500000000000002887, -1.150000000000000133 ) ) ;
#4077 = EDGE_LOOP ( 'NONE', ( #4334, #4071, #3981, #78 ) ) ;
#4078 = ORIENTED_EDGE ( 'NONE', *, *, #3194, .F. ) ;
#4079 = ORIENTED_EDGE ( 'NONE', *, *, #5242, .F. ) ;
#4080 = EDGE_LOOP ( 'NONE', ( #4593, #484, #4257, #4070 ) ) ;
#4081 = ADVANCED_FACE ( 'NONE', ( #5078 ), #4102, .F. ) ;
#4082 = VERTEX_POINT ( 'NONE', #1741 ) ;
#4083 = CARTESIAN_POINT ( 'NONE',  ( 1.375000000000000000, 0.8471798001561450242, -1.550000000000000044 ) ) ;
#4084 = ADVANCED_FACE ( 'NONE', ( #1782 ), #1254, .F. ) ;
#4085 = DIRECTION ( 'NONE',  ( 0.000000000000000000, 0.000000000000000000, -1.000000000000000000 ) ) ;
#4086 = ORIENTED_EDGE ( 'NONE', *, *, #810, .F. ) ;
#4087 = DIRECTION ( 'NONE',  ( -1.000000000000000000, 0.000000000000000000, 0.000000000000000000 ) ) ;
#4088 = CARTESIAN_POINT ( 'NONE',  ( -3.549999999999999822, 0.000000000000000000, -0.9499999999999986233 ) ) ;
#4089 = ORIENTED_EDGE ( 'NONE', *, *, #913, .T. ) ;
#4090 = CARTESIAN_POINT ( 'NONE',  ( -5.760000000000000675, 0.9500000000000002887, -1.150000000000000133 ) ) ;
#4091 = DIRECTION ( 'NONE',  ( 0.000000000000000000, -1.087346232093581841E-16, -1.000000000000000000 ) ) ;
#4092 = DIRECTION ( 'NONE',  ( 0.000000000000000000, 1.480634983344293768E-16, -1.000000000000000000 ) ) ;
#4093 = ADVANCED_FACE ( 'NONE', ( #4663 ), #3680, .T. ) ;
#4094 = CARTESIAN_POINT ( 'NONE',  ( 3.699999999999999289, 1.300000000000000044, 3.125756774163613638 ) ) ;
#4095 = DIRECTION ( 'NONE',  ( 1.000000000000000000, 0.000000000000000000, 0.000000000000000000 ) ) ;
#4096 = ORIENTED_EDGE ( 'NONE', *, *, #5790, .F. ) ;
#4097 = ADVANCED_FACE ( 'NONE', ( #5496 ), #1217, .F. ) ;
#4098 = CARTESIAN_POINT ( 'NONE',  ( 6.060000000000001386, 0.2499999999999997780, 2.650000000000000355 ) ) ;
#4099 = LINE ( 'NONE', #2197, #1764 ) ;
#4100 = ORIENTED_EDGE ( 'NONE', *, *, #4657, .T. ) ;
#4101 = EDGE_CURVE ( 'NONE', #28, #3697, #5107, .T. ) ;
#4102 = PLANE ( 'NONE',  #4651 ) ;
#4103 = EDGE_LOOP ( 'NONE', ( #920, #5676, #2384, #1830 ) ) ;
#4104 = DIRECTION ( 'NONE',  ( 0.000000000000000000, 0.7660444431189817882, -0.6427876096865348110 ) ) ;
#4105 = LINE ( 'NONE', #2667, #959 ) ;
#4106 = CARTESIAN_POINT ( 'NONE',  ( -4.035000000000000142, 0.000000000000000000, -0.8999999999999998002 ) ) ;
#4107 = CARTESIAN_POINT ( 'NONE',  ( 1.493287592141010478, 2.299999999999999822, -0.6963314400431923623 ) ) ;
#4108 = CARTESIAN_POINT ( 'NONE',  ( 4.860000000000001208, 2.250000000000000000, 2.650000000000000355 ) ) ;
#4109 = VERTEX_POINT ( 'NONE', #797 ) ;
#4110 = ORIENTED_EDGE ( 'NONE', *, *, #1081, .T. ) ;
#4111 = ORIENTED_EDGE ( 'NONE', *, *, #2633, .T. ) ;
#4112 = CARTESIAN_POINT ( 'NONE',  ( -5.935000000000000497, 2.299999999999999822, 0.8999999999999999112 ) ) ;
#4113 = EDGE_LOOP ( 'NONE', ( #2387, #1717, #1855, #1952 ) ) ;
#4114 = EDGE_LOOP ( 'NONE', ( #3736, #3584, #4562, #5148 ) ) ;
#4115 = ORIENTED_EDGE ( 'NONE', *, *, #4743, .F. ) ;
#4116 = CARTESIAN_POINT ( 'NONE',  ( -6.500000000000001776, 2.479999999999999982, -4.244925670375280014 ) ) ;
#4117 = CARTESIAN_POINT ( 'NONE',  ( 3.549999999999999822, 0.2000000000000000111, 2.650000000000000355 ) ) ;
#4118 = VERTEX_POINT ( 'NONE', #4195 ) ;
#4119 = LINE ( 'NONE', #3601, #4553 ) ;
#4120 = LINE ( 'NONE', #4152, #616 ) ;
#4121 = EDGE_CURVE ( 'NONE', #1227, #5807, #5171, .T. ) ;
#4122 = LINE ( 'NONE', #6028, #2447 ) ;
#4123 = CARTESIAN_POINT ( 'NONE',  ( 1.625000000000000000, 0.2000000000000000111, -0.9499999999999999556 ) ) ;
#4124 = EDGE_LOOP ( 'NONE', ( #5984, #4643, #843, #2329, #414, #4078 ) ) ;
#4125 = DIRECTION ( 'NONE',  ( 1.000000000000000000, -0.000000000000000000, -0.000000000000000000 ) ) ;
#4126 = VECTOR ( 'NONE', #4434, 1000.000000000000000 ) ;
#4127 = FACE_OUTER_BOUND ( 'NONE', #688, .T. ) ;
#4128 = EDGE_CURVE ( 'NONE', #5681, #300, #2697, .T. ) ;
#4129 = VECTOR ( 'NONE', #4649, 1000.000000000000000 ) ;
#4130 = CARTESIAN_POINT ( 'NONE',  ( -1.224972322796149538, 0.2000000000000000111, -3.416242312541184489 ) ) ;
#4131 = VECTOR ( 'NONE', #1210, 1000.000000000000000 ) ;
#4132 = DIRECTION ( 'NONE',  ( 0.000000000000000000, 0.000000000000000000, 1.000000000000000000 ) ) ;
#4133 = ORIENTED_EDGE ( 'NONE', *, *, #2913, .T. ) ;
#4134 = LINE ( 'NONE', #1316, #2444 ) ;
#4135 = DIRECTION ( 'NONE',  ( 1.000000000000000000, 0.000000000000000000, -5.965348954528222655E-17 ) ) ;
#4136 = LINE ( 'NONE', #266, #1085 ) ;
#4137 = AXIS2_PLACEMENT_3D ( 'NONE', #5796, #3420, #5318 ) ;
#4138 = FACE_OUTER_BOUND ( 'NONE', #378, .T. ) ;
#4139 = FACE_OUTER_BOUND ( 'NONE', #318, .T. ) ;
#4140 = EDGE_CURVE ( 'NONE', #3418, #1856, #2727, .T. ) ;
#4141 = ORIENTED_EDGE ( 'NONE', *, *, #2485, .F. ) ;
#4142 = ORIENTED_EDGE ( 'NONE', *, *, #636, .F. ) ;
#4143 = ORIENTED_EDGE ( 'NONE', *, *, #3192, .T. ) ;
#4144 = ORIENTED_EDGE ( 'NONE', *, *, #1105, .F. ) ;
#4145 = CARTESIAN_POINT ( 'NONE',  ( 1.625000000000000000, 0.1250000000000000000, -1.025000000000000133 ) ) ;
#4146 = ORIENTED_EDGE ( 'NONE', *, *, #3268, .T. ) ;
#4147 = DIRECTION ( 'NONE',  ( -1.000000000000000000, -0.000000000000000000, 5.965348954528222655E-17 ) ) ;
#4148 = CARTESIAN_POINT ( 'NONE',  ( -4.000000000000000000, 0.1799999999999997713, 3.950000000000001954 ) ) ;
#4149 = ORIENTED_EDGE ( 'NONE', *, *, #5743, .T. ) ;
#4150 = CARTESIAN_POINT ( 'NONE',  ( -4.234999999999999432, 0.3999999999999993006, -1.350000000000000089 ) ) ;
#4151 = VECTOR ( 'NONE', #1613, 1000.000000000000000 ) ;
#4152 = CARTESIAN_POINT ( 'NONE',  ( -6.500000000000001776, 0.1799999999999999933, 3.750000000000001776 ) ) ;
#4153 = SHAPE_REPRESENTATION_RELATIONSHIP ( 'NONE' , 'NONE' ,  #5021, #2359 ) ;
#4154 = DIRECTION ( 'NONE',  ( 1.000000000000000000, -0.000000000000000000, 0.000000000000000000 ) ) ;
#4155 = VECTOR ( 'NONE', #5561, 1000.000000000000000 ) ;
#4156 = EDGE_CURVE ( 'NONE', #5150, #1161, #5998, .T. ) ;
#4157 = CARTESIAN_POINT ( 'NONE',  ( 4.035000000000000142, 0.2000000000000000111, 0.1499999999999995226 ) ) ;
#4158 = DIRECTION ( 'NONE',  ( -1.000000000000000000, 0.000000000000000000, 0.000000000000000000 ) ) ;
#4159 = ORIENTED_EDGE ( 'NONE', *, *, #5361, .T. ) ;
#4160 = CARTESIAN_POINT ( 'NONE',  ( 1.375000000000000000, 0.1794675324079980094, -1.483143174397928199 ) ) ;
#4161 = CARTESIAN_POINT ( 'NONE',  ( -5.535000000000000142, 9.129072045307475847, -1.350000000000000089 ) ) ;
#4162 = VECTOR ( 'NONE', #1314, 1000.000000000000000 ) ;
#4163 = AXIS2_PLACEMENT_3D ( 'NONE', #1302, #816, #1729 ) ;
#4164 = ORIENTED_EDGE ( 'NONE', *, *, #5537, .T. ) ;
#4165 = AXIS2_PLACEMENT_3D ( 'NONE', #342, #87, #5301 ) ;
#4166 = DIRECTION ( 'NONE',  ( 0.000000000000000000, 0.000000000000000000, -1.000000000000000000 ) ) ;
#4167 = VERTEX_POINT ( 'NONE', #255 ) ;
#4168 = CARTESIAN_POINT ( 'NONE',  ( 1.625000000000000000, 2.194217003719185044, -0.9499999999999999556 ) ) ;
#4169 = DIRECTION ( 'NONE',  ( -1.000000000000000000, 0.000000000000000000, 0.000000000000000000 ) ) ;
#4170 = DIRECTION ( 'NONE',  ( -0.4226182617406998854, 0.000000000000000000, -0.9063077870366497146 ) ) ;
#4171 = PLANE ( 'NONE',  #5184 ) ;
#4172 = VECTOR ( 'NONE', #5882, 1000.000000000000000 ) ;
#4173 = ORIENTED_EDGE ( 'NONE', *, *, #4510, .F. ) ;
#4174 = ORIENTED_EDGE ( 'NONE', *, *, #4857, .T. ) ;
#4175 = VERTEX_POINT ( 'NONE', #2266 ) ;
#4176 = ORIENTED_EDGE ( 'NONE', *, *, #3880, .T. ) ;
#4177 = ADVANCED_FACE ( 'NONE', ( #790 ), #1811, .F. ) ;
#4178 = EDGE_CURVE ( 'NONE', #3158, #4007, #3136, .T. ) ;
#4179 = FACE_OUTER_BOUND ( 'NONE', #3124, .T. ) ;
#4180 = PLANE ( 'NONE',  #5663 ) ;
#4181 = ORIENTED_EDGE ( 'NONE', *, *, #596, .F. ) ;
#4182 = DIRECTION ( 'NONE',  ( 1.000000000000000000, 0.000000000000000000, 0.000000000000000000 ) ) ;
#4183 = DIRECTION ( 'NONE',  ( 0.000000000000000000, 1.000000000000000000, -0.000000000000000000 ) ) ;
#4184 = CARTESIAN_POINT ( 'NONE',  ( -5.535000000000000142, 2.049999999999999822, -1.350000000000000089 ) ) ;
#4185 = VECTOR ( 'NONE', #4383, 1000.000000000000000 ) ;
#4186 = CARTESIAN_POINT ( 'NONE',  ( -1.000000000000000000, 1.301042606982603780E-17, 1.367829460807712394E-15 ) ) ;
#4187 = CARTESIAN_POINT ( 'NONE',  ( 1.625000000000000000, 0.8471798001561450242, -1.300000000000000044 ) ) ;
#4188 = DIRECTION ( 'NONE',  ( 1.000000000000000000, 0.000000000000000000, 0.000000000000000000 ) ) ;
#4189 = VERTEX_POINT ( 'NONE', #4187 ) ;
#4190 = DIRECTION ( 'NONE',  ( 0.000000000000000000, 0.000000000000000000, 1.000000000000000000 ) ) ;
#4191 = CARTESIAN_POINT ( 'NONE',  ( 5.535000000000000142, 2.299999999999999822, 1.531341625576287724 ) ) ;
#4192 = AXIS2_PLACEMENT_3D ( 'NONE', #2708, #2637, #5898 ) ;
#4193 = ADVANCED_FACE ( 'NONE', ( #223 ), #3703, .T. ) ;
#4194 = ORIENTED_EDGE ( 'NONE', *, *, #2088, .F. ) ;
#4195 = CARTESIAN_POINT ( 'NONE',  ( -5.760000000000000675, 0.7500000000000024425, -0.9500000000000003997 ) ) ;
#4196 = ORIENTED_EDGE ( 'NONE', *, *, #3489, .T. ) ;
#4197 = CARTESIAN_POINT ( 'NONE',  ( 4.860000000000001208, 0.2499999999999997780, 2.650000000000000355 ) ) ;
#4198 = FACE_OUTER_BOUND ( 'NONE', #464, .T. ) ;
#4199 = DIRECTION ( 'NONE',  ( -1.000000000000000000, 0.000000000000000000, 0.000000000000000000 ) ) ;
#4200 = PLANE ( 'NONE',  #4074 ) ;
#4201 = EDGE_CURVE ( 'NONE', #602, #824, #1245, .T. ) ;
#4202 = VERTEX_POINT ( 'NONE', #5488 ) ;
#4203 = VERTEX_POINT ( 'NONE', #4094 ) ;
#4204 = ORIENTED_EDGE ( 'NONE', *, *, #3345, .T. ) ;
#4205 = ORIENTED_EDGE ( 'NONE', *, *, #25, .F. ) ;
#4206 = ADVANCED_FACE ( 'NONE', ( #5556 ), #822, .F. ) ;
#4207 = DIRECTION ( 'NONE',  ( -0.000000000000000000, -1.000000000000000000, -0.000000000000000000 ) ) ;
#4208 = VERTEX_POINT ( 'NONE', #4654 ) ;
#4209 = EDGE_CURVE ( 'NONE', #2308, #1699, #5972, .T. ) ;
#4210 = ORIENTED_EDGE ( 'NONE', *, *, #3407, .F. ) ;
#4211 = VERTEX_POINT ( 'NONE', #2226 ) ;
#4212 = DIRECTION ( 'NONE',  ( 0.000000000000000000, -1.000000000000000000, -0.000000000000000000 ) ) ;
#4213 = CARTESIAN_POINT ( 'NONE',  ( 3.549999999999999822, 0.000000000000000000, -0.9499999999999986233 ) ) ;
#4214 = EDGE_CURVE ( 'NONE', #2218, #4911, #4560, .T. ) ;
#4215 = EDGE_CURVE ( 'NONE', #3732, #2863, #4062, .T. ) ;
#4216 = CARTESIAN_POINT ( 'NONE',  ( -2.000000000000000000, 8.673617379884024687E-18, 1.381707248615526851E-15 ) ) ;
#4217 = CARTESIAN_POINT ( 'NONE',  ( 5.760000000000000675, 2.050000000000003375, 2.650000000000000355 ) ) ;
#4218 = DIRECTION ( 'NONE',  ( 0.7071067811865474617, 0.000000000000000000, 0.7071067811865474617 ) ) ;
#4219 = LINE ( 'NONE', #2392, #2963 ) ;
#4220 = ORIENTED_EDGE ( 'NONE', *, *, #705, .F. ) ;
#4221 = CARTESIAN_POINT ( 'NONE',  ( -3.835000000000000409, 2.299999999999999822, 0.1499999999999995226 ) ) ;
#4222 = DIRECTION ( 'NONE',  ( 1.000000000000000000, 0.000000000000000000, -0.000000000000000000 ) ) ;
#4223 = FACE_OUTER_BOUND ( 'NONE', #3093, .T. ) ;
#4224 = LINE ( 'NONE', #4317, #4977 ) ;
#4225 = CARTESIAN_POINT ( 'NONE',  ( -5.935000000000000497, 2.299999999999999822, 0.8999999999999999112 ) ) ;
#4226 = ORIENTED_EDGE ( 'NONE', *, *, #5009, .F. ) ;
#4227 = CARTESIAN_POINT ( 'NONE',  ( 6.535000000000000142, 0.4500000000000000111, 2.650000000000001688 ) ) ;
#4228 = ORIENTED_EDGE ( 'NONE', *, *, #4398, .T. ) ;
#4229 = LINE ( 'NONE', #5600, #3072 ) ;
#4230 = CARTESIAN_POINT ( 'NONE',  ( -4.860000000000001208, 2.250000000000000000, 2.650000000000000355 ) ) ;
#4231 = CARTESIAN_POINT ( 'NONE',  ( -4.234999999999999432, 2.100000000000000089, -1.349999999999998979 ) ) ;
#4232 = DIRECTION ( 'NONE',  ( -0.000000000000000000, -1.000000000000000000, -0.000000000000000000 ) ) ;
#4233 = VERTEX_POINT ( 'NONE', #2194 ) ;
#4234 = ORIENTED_EDGE ( 'NONE', *, *, #5778, .F. ) ;
#4235 = ORIENTED_EDGE ( 'NONE', *, *, #5303, .F. ) ;
#4236 = ORIENTED_EDGE ( 'NONE', *, *, #6165, .T. ) ;
#4237 = DIRECTION ( 'NONE',  ( 1.000000000000000000, 0.000000000000000000, 1.711898167082376006E-16 ) ) ;
#4238 = AXIS2_PLACEMENT_3D ( 'NONE', #2961, #5846, #2520 ) ;
#4239 = VECTOR ( 'NONE', #2066, 1000.000000000000227 ) ;
#4240 = EDGE_LOOP ( 'NONE', ( #5048, #3902, #3593, #1862 ) ) ;
#4241 = CARTESIAN_POINT ( 'NONE',  ( -5.763487806297455052, 2.049999999999997602, 1.656341625576287280 ) ) ;
#4242 = ADVANCED_FACE ( 'NONE', ( #5593 ), #353, .F. ) ;
#4243 = VECTOR ( 'NONE', #5472, 1000.000000000000000 ) ;
#4244 = PLANE ( 'NONE',  #5763 ) ;
#4245 = LINE ( 'NONE', #1599, #6071 ) ;
#4246 = AXIS2_PLACEMENT_3D ( 'NONE', #4227, #2430, #4818 ) ;
#4247 = VECTOR ( 'NONE', #1578, 1000.000000000000000 ) ;
#4248 = DIRECTION ( 'NONE',  ( 0.000000000000000000, 0.000000000000000000, 1.000000000000000000 ) ) ;
#4249 = CARTESIAN_POINT ( 'NONE',  ( 1.375000000000000000, 0.000000000000000000, -1.899999999999999911 ) ) ;
#4250 = VERTEX_POINT ( 'NONE', #686 ) ;
#4251 = ADVANCED_FACE ( 'NONE', ( #2615 ), #4521, .F. ) ;
#4252 = VECTOR ( 'NONE', #4583, 1000.000000000000000 ) ;
#4253 = LINE ( 'NONE', #5255, #5664 ) ;
#4254 = EDGE_CURVE ( 'NONE', #343, #3555, #4122, .T. ) ;
#4255 = CARTESIAN_POINT ( 'NONE',  ( -4.860000000000001208, 2.049999999999997602, 1.656341625576287280 ) ) ;
#4256 = EDGE_CURVE ( 'NONE', #3697, #543, #1671, .T. ) ;
#4257 = ORIENTED_EDGE ( 'NONE', *, *, #2322, .F. ) ;
#4258 = VECTOR ( 'NONE', #3425, 1000.000000000000000 ) ;
#4259 = LINE ( 'NONE', #3358, #5688 ) ;
#4260 = ORIENTED_EDGE ( 'NONE', *, *, #61, .F. ) ;
#4261 = VECTOR ( 'NONE', #1733, 1000.000000000000000 ) ;
#4262 = LINE ( 'NONE', #2830, #4450 ) ;
#4263 = DIRECTION ( 'NONE',  ( 1.000000000000000000, 6.108181253439462399E-17, 1.221636250687892480E-16 ) ) ;
#4264 = VECTOR ( 'NONE', #3788, 1000.000000000000114 ) ;
#4265 = CARTESIAN_POINT ( 'NONE',  ( -4.035000000000000142, 0.3999999999999993006, 0.1499999999999994948 ) ) ;
#4266 = VECTOR ( 'NONE', #3521, 1000.000000000000000 ) ;
#4267 = ORIENTED_EDGE ( 'NONE', *, *, #2230, .F. ) ;
#4268 = ORIENTED_EDGE ( 'NONE', *, *, #4904, .T. ) ;
#4269 = VECTOR ( 'NONE', #3907, 1000.000000000000000 ) ;
#4270 = EDGE_LOOP ( 'NONE', ( #2180, #2939, #4210, #2784 ) ) ;
#4271 = DIRECTION ( 'NONE',  ( 0.000000000000000000, -1.000000000000000000, 0.000000000000000000 ) ) ;
#4272 = VECTOR ( 'NONE', #5528, 1000.000000000000000 ) ;
#4273 = ORIENTED_EDGE ( 'NONE', *, *, #5564, .T. ) ;
#4274 = DIRECTION ( 'NONE',  ( -1.000000000000000000, 0.000000000000000000, 0.000000000000000000 ) ) ;
#4275 = ORIENTED_EDGE ( 'NONE', *, *, #2603, .T. ) ;
#4276 = ORIENTED_EDGE ( 'NONE', *, *, #2278, .T. ) ;
#4277 = LINE ( 'NONE', #383, #3286 ) ;
#4278 = DIRECTION ( 'NONE',  ( -6.672013369141568175E-16, 0.000000000000000000, 1.000000000000000000 ) ) ;
#4279 = APPLICATION_PROTOCOL_DEFINITION ( 'draft international standard', 'automotive_design', 1998, #5746 ) ;
#4280 = DIRECTION ( 'NONE',  ( -0.7071067811865474617, 0.000000000000000000, -0.7071067811865474617 ) ) ;
#4281 = CARTESIAN_POINT ( 'NONE',  ( 10.05810562561766375, 0.9500000000000002887, -1.150000000000000133 ) ) ;
#4282 = ORIENTED_EDGE ( 'NONE', *, *, #5120, .F. ) ;
#4283 = CARTESIAN_POINT ( 'NONE',  ( -3.549999999999999378, 1.800000000000000044, 0.6500000000000007994 ) ) ;
#4284 = LINE ( 'NONE', #6191, #4373 ) ;
#4285 = EDGE_LOOP ( 'NONE', ( #304, #870, #3590, #3500 ) ) ;
#4286 = CARTESIAN_POINT ( 'NONE',  ( 5.935000000000000497, 0.2000000000000000111, 0.8999999999999999112 ) ) ;
#4287 = EDGE_CURVE ( 'NONE', #2800, #3284, #6064, .T. ) ;
#4288 = ADVANCED_FACE ( 'NONE', ( #1283 ), #1773, .F. ) ;
#4289 = LINE ( 'NONE', #6194, #4392 ) ;
#4290 = EDGE_LOOP ( 'NONE', ( #955, #4886, #744, #2573 ) ) ;
#4291 = CARTESIAN_POINT ( 'NONE',  ( 3.549999999999999822, 1.300000000000000044, 2.650000000000000355 ) ) ;
#4292 = DIRECTION ( 'NONE',  ( 2.990902544787598592E-16, 0.000000000000000000, 1.000000000000000000 ) ) ;
#4293 = CARTESIAN_POINT ( 'NONE',  ( -4.035000000000000142, 2.299999999999999822, -1.300000000000000266 ) ) ;
#4294 = ORIENTED_EDGE ( 'NONE', *, *, #3237, .T. ) ;
#4295 = EDGE_CURVE ( 'NONE', #4715, #4320, #1838, .T. ) ;
#4296 = ORIENTED_EDGE ( 'NONE', *, *, #753, .T. ) ;
#4297 = EDGE_LOOP ( 'NONE', ( #765, #5277, #2808, #995, #332, #4981, #6004, #5534, #4891, #174, #5403, #712, #5238, #56, #925 ) ) ;
#4298 = ORIENTED_EDGE ( 'NONE', *, *, #1104, .F. ) ;
#4299 = DIRECTION ( 'NONE',  ( 0.7071067811865506814, -0.7071067811865443531, -7.666467083416850476E-16 ) ) ;
#4300 = CARTESIAN_POINT ( 'NONE',  ( -5.535000000000000142, 0.4500000000000007327, 1.531341625576287724 ) ) ;
#4301 = DIRECTION ( 'NONE',  ( -0.4226182617406998854, 0.000000000000000000, -0.9063077870366497146 ) ) ;
#4302 = ORIENTED_EDGE ( 'NONE', *, *, #5460, .F. ) ;
#4303 = PLANE ( 'NONE',  #5683 ) ;
#4304 = ORIENTED_EDGE ( 'NONE', *, *, #1106, .T. ) ;
#4305 = VERTEX_POINT ( 'NONE', #5750 ) ;
#4306 = PLANE ( 'NONE',  #2660 ) ;
#4307 = ITEM_DEFINED_TRANSFORMATION ( 'NONE', 'NONE', #1621,  #926 ) ;
#4308 = CARTESIAN_POINT ( 'NONE',  ( -0.3749999999999994449, 0.2000000000000000944, -0.9499999999999992895 ) ) ;
#4309 = CARTESIAN_POINT ( 'NONE',  ( -4.860000000000001208, 2.050000000000003375, 2.650000000000000355 ) ) ;
#4310 = ORIENTED_EDGE ( 'NONE', *, *, #3913, .F. ) ;
#4311 = FACE_OUTER_BOUND ( 'NONE', #2125, .T. ) ;
#4312 = EDGE_CURVE ( 'NONE', #1654, #937, #3760, .T. ) ;
#4313 = DIRECTION ( 'NONE',  ( 0.000000000000000000, 0.000000000000000000, 1.000000000000000000 ) ) ;
#4314 = CARTESIAN_POINT ( 'NONE',  ( 5.243333333333334956, 1.266666666666660168, -1.466666666666663232 ) ) ;
#4315 = EDGE_CURVE ( 'NONE', #5953, #5011, #5194, .T. ) ;
#4316 = EDGE_LOOP ( 'NONE', ( #2809, #5974, #1358, #3858, #1562 ) ) ;
#4317 = CARTESIAN_POINT ( 'NONE',  ( -4.860000000000001208, 0.2499999999999997780, 2.650000000000000355 ) ) ;
#4318 = DIRECTION ( 'NONE',  ( 1.000000000000000000, 0.000000000000000000, -2.891205793294679312E-16 ) ) ;
#4319 = VECTOR ( 'NONE', #4798, 1000.000000000000000 ) ;
#4320 = VERTEX_POINT ( 'NONE', #5657 ) ;
#4321 = CARTESIAN_POINT ( 'NONE',  ( -5.535000000000000142, 0.4500000000000007327, 1.531341625576287724 ) ) ;
#4322 = CARTESIAN_POINT ( 'NONE',  ( 4.035000000000000142, 0.2000000000000000111, -0.8999999999999998002 ) ) ;
#4323 = EDGE_CURVE ( 'NONE', #704, #3677, #890, .T. ) ;
#4324 = LINE ( 'NONE', #3336, #3048 ) ;
#4325 = CARTESIAN_POINT ( 'NONE',  ( -3.699999999999999289, 1.300000000000000044, -4.244925670375280014 ) ) ;
#4326 = ORIENTED_EDGE ( 'NONE', *, *, #2487, .F. ) ;
#4327 = LINE ( 'NONE', #561, #637 ) ;
#4328 = PRODUCT ( 'FFC3B11-06-T', 'FFC3B11-06-T', '', ( #5713 ) ) ;
#4329 = PLANE ( 'NONE',  #2353 ) ;
#4330 = VECTOR ( 'NONE', #6036, 1000.000000000000227 ) ;
#4331 = EDGE_CURVE ( 'NONE', #3926, #2345, #1402, .T. ) ;
#4332 = DIRECTION ( 'NONE',  ( 0.9063077870366498257, 0.000000000000000000, -0.4226182617406999409 ) ) ;
#4333 = EDGE_CURVE ( 'NONE', #4768, #3016, #3383, .T. ) ;
#4334 = ORIENTED_EDGE ( 'NONE', *, *, #1677, .F. ) ;
#4335 = VECTOR ( 'NONE', #5267, 1000.000000000000000 ) ;
#4336 = ORIENTED_EDGE ( 'NONE', *, *, #2446, .F. ) ;
#4337 = DIRECTION ( 'NONE',  ( 0.000000000000000000, 0.7071067811865461294, 0.7071067811865490160 ) ) ;
#4338 = DIRECTION ( 'NONE',  ( 0.5773502691896266192, 0.5773502691896265082, 0.5773502691896241767 ) ) ;
#4339 = VERTEX_POINT ( 'NONE', #953 ) ;
#4340 = VECTOR ( 'NONE', #3220, 1000.000000000000000 ) ;
#4341 = ITEM_DEFINED_TRANSFORMATION ( 'NONE', 'NONE', #3749,  #926 ) ;
#4342 = CARTESIAN_POINT ( 'NONE',  ( 4.785000000000000142, 9.129072045307475847, 2.400000000000000355 ) ) ;
#4343 = CARTESIAN_POINT ( 'NONE',  ( -3.635000000000000231, 2.299999999999999822, -1.350000000000000311 ) ) ;
#4344 = ORIENTED_EDGE ( 'NONE', *, *, #3641, .F. ) ;
#4345 = DIRECTION ( 'NONE',  ( 0.7071067811865526798, -0.7071067811865422437, 7.666467083416839629E-16 ) ) ;
#4346 = DIRECTION ( 'NONE',  ( 0.000000000000000000, 0.000000000000000000, 1.000000000000000000 ) ) ;
#4347 = FACE_BOUND ( 'NONE', #183, .T. ) ;
#4348 = ORIENTED_EDGE ( 'NONE', *, *, #913, .F. ) ;
#4349 = LINE ( 'NONE', #3356, #5883 ) ;
#4350 = EDGE_CURVE ( 'NONE', #11, #540, #1375, .T. ) ;
#4351 = CARTESIAN_POINT ( 'NONE',  ( 2.188476936738000589, 2.500000000000000444, -1.350000000000000533 ) ) ;
#4352 = FACE_OUTER_BOUND ( 'NONE', #6057, .T. ) ;
#4353 = ORIENTED_EDGE ( 'NONE', *, *, #3283, .T. ) ;
#4354 = LINE ( 'NONE', #1940, #1859 ) ;
#4355 = LINE ( 'NONE', #4727, #2360 ) ;
#4356 = CARTESIAN_POINT ( 'NONE',  ( -4.535000000000000142, 2.299999999999999822, 2.649999999999999911 ) ) ;
#4357 = PLANE ( 'NONE',  #2111 ) ;
#4358 = VECTOR ( 'NONE', #5138, 1000.000000000000000 ) ;
#4359 = VECTOR ( 'NONE', #2165, 1000.000000000000000 ) ;
#4360 = ORIENTED_EDGE ( 'NONE', *, *, #4529, .T. ) ;
#4361 = AXIS2_PLACEMENT_3D ( 'NONE', #4591, #1211, #3204 ) ;
#4362 = AXIS2_PLACEMENT_3D ( 'NONE', #357, #2269, #4190 ) ;
#4363 = ORIENTED_EDGE ( 'NONE', *, *, #2124, .F. ) ;
#4364 = DIRECTION ( 'NONE',  ( 1.000000000000000000, 0.000000000000000000, -0.000000000000000000 ) ) ;
#4365 = CARTESIAN_POINT ( 'NONE',  ( 0.000000000000000000, 0.2000000000000000111, 0.000000000000000000 ) ) ;
#4366 = VECTOR ( 'NONE', #1206, 1000.000000000000000 ) ;
#4367 = VERTEX_POINT ( 'NONE', #917 ) ;
#4368 = EDGE_CURVE ( 'NONE', #3466, #586, #1903, .T. ) ;
#4369 = ORIENTED_EDGE ( 'NONE', *, *, #5211, .F. ) ;
#4370 = AXIS2_PLACEMENT_3D ( 'NONE', #5164, #1313, #5076 ) ;
#4371 = LINE ( 'NONE', #3409, #2352 ) ;
#4372 = PLANE ( 'NONE',  #2213 ) ;
#4373 = VECTOR ( 'NONE', #4346, 1000.000000000000000 ) ;
#4374 = ADVANCED_FACE ( 'NONE', ( #1960 ), #3300, .T. ) ;
#4375 = CARTESIAN_POINT ( 'NONE',  ( 1.625000000000000000, 0.1794675324079980094, -1.483143174397928199 ) ) ;
#4376 = CARTESIAN_POINT ( 'NONE',  ( -3.549999999999999378, 1.800000000000000044, 0.6500000000000007994 ) ) ;
#4377 = VERTEX_POINT ( 'NONE', #2821 ) ;
#4378 = VECTOR ( 'NONE', #2177, 1000.000000000000000 ) ;
#4379 = FACE_OUTER_BOUND ( 'NONE', #3434, .T. ) ;
#4380 = LINE ( 'NONE', #1843, #3866 ) ;
#4381 = LINE ( 'NONE', #4756, #4427 ) ;
#4382 = DIRECTION ( 'NONE',  ( 0.000000000000000000, 0.000000000000000000, 1.000000000000000000 ) ) ;
#4383 = DIRECTION ( 'NONE',  ( -1.000000000000000000, 0.000000000000000000, 1.711898167082375759E-16 ) ) ;
#4384 = DIRECTION ( 'NONE',  ( 0.000000000000000000, 0.000000000000000000, -1.000000000000000000 ) ) ;
#4385 =( LENGTH_UNIT ( ) NAMED_UNIT ( * ) SI_UNIT ( .MILLI., .METRE. ) );
#4386 = ORIENTED_EDGE ( 'NONE', *, *, #530, .T. ) ;
#4387 = DIRECTION ( 'NONE',  ( -1.000000000000000000, 0.000000000000000000, 0.000000000000000000 ) ) ;
#4388 = LINE ( 'NONE', #4765, #3288 ) ;
#4389 = CARTESIAN_POINT ( 'NONE',  ( 0.000000000000000000, 0.000000000000000000, -0.9499999999999986233 ) ) ;
#4390 = AXIS2_PLACEMENT_3D ( 'NONE', #2763, #4667, #1820 ) ;
#4391 = ORIENTED_EDGE ( 'NONE', *, *, #57, .F. ) ;
#4392 = VECTOR ( 'NONE', #516, 1000.000000000000227 ) ;
#4393 = DIRECTION ( 'NONE',  ( -0.000000000000000000, -9.130123557772668088E-16, -1.000000000000000000 ) ) ;
#4394 = DIRECTION ( 'NONE',  ( 1.000000000000000000, 0.000000000000000000, 1.328990167950278744E-16 ) ) ;
#4395 = ADVANCED_FACE ( 'NONE', ( #2920 ), #4719, .T. ) ;
#4396 = ORIENTED_EDGE ( 'NONE', *, *, #1982, .T. ) ;
#4397 = ORIENTED_EDGE ( 'NONE', *, *, #5044, .T. ) ;
#4398 = EDGE_CURVE ( 'NONE', #409, #5704, #4811, .T. ) ;
#4399 = LINE ( 'NONE', #5899, #2324 ) ;
#4400 = EDGE_CURVE ( 'NONE', #2635, #5483, #1429, .T. ) ;
#4401 = VECTOR ( 'NONE', #5202, 1000.000000000000000 ) ;
#4402 = CARTESIAN_POINT ( 'NONE',  ( -5.535000000000000142, 2.299999999999999822, -1.350000000000000089 ) ) ;
#4403 = LINE ( 'NONE', #5310, #3954 ) ;
#4404 = ORIENTED_EDGE ( 'NONE', *, *, #3380, .T. ) ;
#4405 = CARTESIAN_POINT ( 'NONE',  ( -1.188476936737999479, 2.299999999999999822, -1.350000000000000089 ) ) ;
#4406 = PRODUCT_DEFINITION ( 'UNKNOWN', '', #5516, #2895 ) ;
#4407 = DIRECTION ( 'NONE',  ( 0.000000000000000000, 0.1732775659050885542, 0.9848730299657960652 ) ) ;
#4408 = ADVANCED_FACE ( 'NONE', ( #4784 ), #2417, .T. ) ;
#4409 = DIRECTION ( 'NONE',  ( 0.000000000000000000, -1.000000000000000000, 0.000000000000000000 ) ) ;
#4410 = PLANE ( 'NONE',  #1437 ) ;
#4411 = DIRECTION ( 'NONE',  ( 0.000000000000000000, 0.000000000000000000, -1.000000000000000000 ) ) ;
#4412 = ORIENTED_EDGE ( 'NONE', *, *, #186, .T. ) ;
#4413 = PLANE ( 'NONE',  #4648 ) ;
#4414 = CARTESIAN_POINT ( 'NONE',  ( -4.785000000000000142, 0.4500000000000007327, 1.531341625576287502 ) ) ;
#4415 = CARTESIAN_POINT ( 'NONE',  ( -5.760000000000000675, 2.299999999999999822, 1.656341625576287280 ) ) ;
#4416 = VERTEX_POINT ( 'NONE', #4308 ) ;
#4417 = ORIENTED_EDGE ( 'NONE', *, *, #2850, .T. ) ;
#4418 = CARTESIAN_POINT ( 'NONE',  ( 0.000000000000000000, 2.299999999999999822, 0.000000000000000000 ) ) ;
#4419 = VECTOR ( 'NONE', #861, 1000.000000000000000 ) ;
#4420 = LINE ( 'NONE', #5861, #3967 ) ;
#4421 = PLANE ( 'NONE',  #2463 ) ;
#4422 = EDGE_LOOP ( 'NONE', ( #6167, #466, #1198, #1170 ) ) ;
#4423 = ADVANCED_FACE ( 'NONE', ( #3 ), #1928, .F. ) ;
#4424 = ORIENTED_EDGE ( 'NONE', *, *, #669, .T. ) ;
#4425 = FILL_AREA_STYLE ('',( #2509 ) ) ;
#4426 = PRODUCT_RELATED_PRODUCT_CATEGORY ( 'part', '', ( #4328 ) ) ;
#4427 = VECTOR ( 'NONE', #4407, 999.9999999999998863 ) ;
#4428 = DIRECTION ( 'NONE',  ( 0.4226182617406998854, 0.000000000000000000, 0.9063077870366497146 ) ) ;
#4429 = PLANE ( 'NONE',  #3172 ) ;
#4430 = FACE_OUTER_BOUND ( 'NONE', #4113, .T. ) ;
#4431 = ORIENTED_EDGE ( 'NONE', *, *, #1582, .T. ) ;
#4432 = CARTESIAN_POINT ( 'NONE',  ( -5.935000000000000497, 2.500000000000000000, 0.8999999999999999112 ) ) ;
#4433 = VECTOR ( 'NONE', #4409, 1000.000000000000000 ) ;
#4434 = DIRECTION ( 'NONE',  ( 0.000000000000000000, -0.000000000000000000, -1.000000000000000000 ) ) ;
#4435 = DIRECTION ( 'NONE',  ( 0.000000000000000000, 1.000000000000000000, 0.000000000000000000 ) ) ;
#4436 = CARTESIAN_POINT ( 'NONE',  ( -5.935000000000000497, 0.2000000000000000111, 0.8999999999999999112 ) ) ;
#4437 = ADVANCED_FACE ( 'NONE', ( #860 ), #2790, .F. ) ;
#4438 = ADVANCED_FACE ( 'NONE', ( #4876 ), #4429, .F. ) ;
#4439 = EDGE_LOOP ( 'NONE', ( #2568, #3035, #4111, #1207, #6147, #5213, #5599 ) ) ;
#4440 = EDGE_CURVE ( 'NONE', #1991, #120, #124, .T. ) ;
#4441 = CARTESIAN_POINT ( 'NONE',  ( 4.860000000000001208, 2.050000000000003375, 2.650000000000000355 ) ) ;
#4442 = CARTESIAN_POINT ( 'NONE',  ( 5.935000000000000497, 2.500000000000000000, 0.8999999999999999112 ) ) ;
#4443 = ORIENTED_EDGE ( 'NONE', *, *, #2789, .F. ) ;
#4444 = LINE ( 'NONE', #3056, #1544 ) ;
#4445 = FACE_OUTER_BOUND ( 'NONE', #594, .T. ) ;
#4446 = AXIS2_PLACEMENT_3D ( 'NONE', #1680, #4945, #4501 ) ;
#4447 = CARTESIAN_POINT ( 'NONE',  ( -0.1495000175455280245, 2.299999999999999822, 0.06971300307578648381 ) ) ;
#4448 = COLOUR_RGB ( '',0.7960784313725489669, 0.8235294117647058432, 0.9372549019607843146 ) ;
#4449 = EDGE_LOOP ( 'NONE', ( #1415, #2835, #1474, #2736 ) ) ;
#4450 = VECTOR ( 'NONE', #1410, 1000.000000000000000 ) ;
#4451 = EDGE_LOOP ( 'NONE', ( #1735, #2710, #3020, #3679 ) ) ;
#4452 = VECTOR ( 'NONE', #4697, 1000.000000000000000 ) ;
#4453 = VECTOR ( 'NONE', #2647, 1000.000000000000000 ) ;
#4454 = EDGE_CURVE ( 'NONE', #1654, #5478, #2038, .T. ) ;
#4455 = FACE_OUTER_BOUND ( 'NONE', #567, .T. ) ;
#4456 = EDGE_LOOP ( 'NONE', ( #5936, #4141, #4620, #497, #699 ) ) ;
#4457 = AXIS2_PLACEMENT_3D ( 'NONE', #114, #5915, #1100 ) ;
#4458 = LINE ( 'NONE', #125, #4247 ) ;
#4459 = ORIENTED_EDGE ( 'NONE', *, *, #3061, .T. ) ;
#4460 = CARTESIAN_POINT ( 'NONE',  ( 1.375000000000000000, 0.000000000000000000, -1.899999999999999911 ) ) ;
#4461 = VECTOR ( 'NONE', #2078, 1000.000000000000000 ) ;
#4462 = ADVANCED_FACE ( 'NONE', ( #92 ), #1989, .F. ) ;
#4463 = LINE ( 'NONE', #5905, #2956 ) ;
#4464 =( NAMED_UNIT ( * ) PLANE_ANGLE_UNIT ( ) SI_UNIT ( $, .RADIAN. ) );
#4465 = ADVANCED_FACE ( 'NONE', ( #2990 ), #1013, .F. ) ;
#4466 = SURFACE_SIDE_STYLE ('',( #4995 ) ) ;
#4467 = ORIENTED_EDGE ( 'NONE', *, *, #4472, .F. ) ;
#4468 = FACE_OUTER_BOUND ( 'NONE', #2203, .T. ) ;
#4469 = PLANE ( 'NONE',  #5452 ) ;
#4470 = CARTESIAN_POINT ( 'NONE',  ( 4.785000000000000142, 0.4500000000000007327, 1.531341625576287502 ) ) ;
#4471 = EDGE_CURVE ( 'NONE', #4517, #2286, #573, .T. ) ;
#4472 = EDGE_CURVE ( 'NONE', #2064, #2800, #2454, .T. ) ;
#4473 = VECTOR ( 'NONE', #5700, 1000.000000000000000 ) ;
#4474 = CARTESIAN_POINT ( 'NONE',  ( 0.8806517518990448767, 0.2000000000000000111, 0.1343736813152814624 ) ) ;
#4475 = CARTESIAN_POINT ( 'NONE',  ( -3.549999999999999822, 1.800000000000000044, 2.650000000000000355 ) ) ;
#4476 = CARTESIAN_POINT ( 'NONE',  ( 1.375000000000000000, 0.3499999999999999778, -2.027389581993169987 ) ) ;
#4477 = ADVANCED_FACE ( 'NONE', ( #5811 ), #5420, .F. ) ;
#4478 = EDGE_LOOP ( 'NONE', ( #5418, #6014, #3977, #4019 ) ) ;
#4479 = ORIENTED_EDGE ( 'NONE', *, *, #21, .T. ) ;
#4480 = ORIENTED_EDGE ( 'NONE', *, *, #3942, .F. ) ;
#4481 = PRODUCT_CONTEXT ( 'NONE', #6061, 'mechanical' ) ;
#4482 = CARTESIAN_POINT ( 'NONE',  ( -4.035000000000000142, 2.100000000000000089, 0.1499999999999995226 ) ) ;
#4483 = AXIS2_PLACEMENT_3D ( 'NONE', #2193, #4154, #5592 ) ;
#4484 = LINE ( 'NONE', #2510, #5331 ) ;
#4485 = ORIENTED_EDGE ( 'NONE', *, *, #4990, .F. ) ;
#4486 = ORIENTED_EDGE ( 'NONE', *, *, #4547, .F. ) ;
#4487 = PRESENTATION_STYLE_ASSIGNMENT (( #628 ) ) ;
#4488 = DIRECTION ( 'NONE',  ( -0.000000000000000000, -1.000000000000000000, 8.131516293641268464E-16 ) ) ;
#4489 = ORIENTED_EDGE ( 'NONE', *, *, #2614, .F. ) ;
#4490 = DIRECTION ( 'NONE',  ( -0.4226182617406998854, 0.000000000000000000, 0.9063077870366497146 ) ) ;
#4491 = PLANE ( 'NONE',  #4238 ) ;
#4492 = ORIENTED_EDGE ( 'NONE', *, *, #1570, .T. ) ;
#4493 = FACE_OUTER_BOUND ( 'NONE', #4285, .T. ) ;
#4494 = ORIENTED_EDGE ( 'NONE', *, *, #68, .F. ) ;
#4495 = CARTESIAN_POINT ( 'NONE',  ( -4.035000000000000142, 0.2000000000000000111, 0.9000000000000003553 ) ) ;
#4496 = FACE_OUTER_BOUND ( 'NONE', #4077, .T. ) ;
#4497 = FACE_OUTER_BOUND ( 'NONE', #5795, .T. ) ;
#4498 = CARTESIAN_POINT ( 'NONE',  ( 4.035000000000000142, 0.000000000000000000, 0.9000000000000003553 ) ) ;
#4499 = ORIENTED_EDGE ( 'NONE', *, *, #1140, .F. ) ;
#4500 = ADVANCED_FACE ( 'NONE', ( #3018 ), #2488, .F. ) ;
#4501 = DIRECTION ( 'NONE',  ( 1.000000000000000000, 0.000000000000000000, 0.000000000000000000 ) ) ;
#4502 = FACE_OUTER_BOUND ( 'NONE', #5802, .T. ) ;
#4503 = LINE ( 'NONE', #5045, #115 ) ;
#4504 = FACE_OUTER_BOUND ( 'NONE', #2868, .T. ) ;
#4505 = ORIENTED_EDGE ( 'NONE', *, *, #3372, .F. ) ;
#4506 = ORIENTED_EDGE ( 'NONE', *, *, #352, .F. ) ;
#4507 = ORIENTED_EDGE ( 'NONE', *, *, #635, .F. ) ;
#4508 = EDGE_LOOP ( 'NONE', ( #1466, #1356, #437, #4676, #6088 ) ) ;
#4509 = EDGE_CURVE ( 'NONE', #4770, #3284, #3440, .T. ) ;
#4510 = EDGE_CURVE ( 'NONE', #1592, #4603, #1048, .T. ) ;
#4511 = DIRECTION ( 'NONE',  ( 0.000000000000000000, 0.000000000000000000, 1.000000000000000000 ) ) ;
#4512 = EDGE_CURVE ( 'NONE', #5052, #3271, #5842, .T. ) ;
#4513 = CARTESIAN_POINT ( 'NONE',  ( -4.035000000000000142, 0.2000000000000000111, -1.182842712474618807 ) ) ;
#4514 = ORIENTED_EDGE ( 'NONE', *, *, #2362, .T. ) ;
#4515 = LINE ( 'NONE', #6019, #1253 ) ;
#4516 = LINE ( 'NONE', #1766, #3282 ) ;
#4517 = VERTEX_POINT ( 'NONE', #5371 ) ;
#4518 = CARTESIAN_POINT ( 'NONE',  ( 3.699999999999999734, 0.1799999999999996325, -4.244925670375280014 ) ) ;
#4519 = VECTOR ( 'NONE', #1518, 1000.000000000000000 ) ;
#4520 = VECTOR ( 'NONE', #3446, 1000.000000000000000 ) ;
#4521 = PLANE ( 'NONE',  #4361 ) ;
#4522 = DIRECTION ( 'NONE',  ( 0.000000000000000000, 9.130123557772668088E-16, 1.000000000000000000 ) ) ;
#4523 = ORIENTED_EDGE ( 'NONE', *, *, #2893, .T. ) ;
#4524 = DIRECTION ( 'NONE',  ( -0.000000000000000000, -1.000000000000000000, -0.000000000000000000 ) ) ;
#4525 = DIRECTION ( 'NONE',  ( -0.7071067811865461294, 0.000000000000000000, 0.7071067811865490160 ) ) ;
#4526 = AXIS2_PLACEMENT_3D ( 'NONE', #3990, #179, #3015 ) ;
#4527 = MANIFOLD_SOLID_BREP ( 'LPattern1', #3548 ) ;
#4528 = VECTOR ( 'NONE', #5724, 1000.000000000000000 ) ;
#4529 = EDGE_CURVE ( 'NONE', #2525, #1654, #2681, .T. ) ;
#4530 = CARTESIAN_POINT ( 'NONE',  ( 3.635000000000000231, 0.2000000000000000111, -1.149999999999999911 ) ) ;
#4531 = AXIS2_PLACEMENT_3D ( 'NONE', #2840, #2910, #376 ) ;
#4532 = CARTESIAN_POINT ( 'NONE',  ( 1.658646104491585227, 0.1799999999999993827, -2.482816958861491674 ) ) ;
#4533 = FACE_OUTER_BOUND ( 'NONE', #751, .T. ) ;
#4534 = CARTESIAN_POINT ( 'NONE',  ( -5.535000000000000142, 9.129072045307475847, 1.531341625576287724 ) ) ;
#4535 = LINE ( 'NONE', #2061, #3190 ) ;
#4536 = ORIENTED_EDGE ( 'NONE', *, *, #450, .F. ) ;
#4537 = ORIENTED_EDGE ( 'NONE', *, *, #5954, .T. ) ;
#4538 = ORIENTED_EDGE ( 'NONE', *, *, #2843, .F. ) ;
#4539 = VERTEX_POINT ( 'NONE', #600 ) ;
#4540 = ORIENTED_EDGE ( 'NONE', *, *, #1305, .T. ) ;
#4541 = VECTOR ( 'NONE', #1273, 1000.000000000000000 ) ;
#4542 = CARTESIAN_POINT ( 'NONE',  ( -4.035000000000000142, 2.299999999999999822, -0.8999999999999998002 ) ) ;
#4543 = EDGE_CURVE ( 'NONE', #5576, #3746, #3102, .T. ) ;
#4544 = VECTOR ( 'NONE', #2966, 1000.000000000000227 ) ;
#4545 = EDGE_CURVE ( 'NONE', #4211, #2583, #1663, .T. ) ;
#4546 = EDGE_LOOP ( 'NONE', ( #3291, #2407, #2508, #2106 ) ) ;
#4547 = EDGE_CURVE ( 'NONE', #2115, #1802, #5990, .T. ) ;
#4548 = VECTOR ( 'NONE', #1459, 1000.000000000000000 ) ;
#4549 = CARTESIAN_POINT ( 'NONE',  ( 6.535000000000000142, 0.4500000000000000111, -1.350000000000000089 ) ) ;
#4550 = PLANE ( 'NONE',  #240 ) ;
#4551 = ORIENTED_EDGE ( 'NONE', *, *, #5415, .T. ) ;
#4552 = CARTESIAN_POINT ( 'NONE',  ( 0.000000000000000000, 2.299999999999999822, 0.000000000000000000 ) ) ;
#4553 = VECTOR ( 'NONE', #6058, 1000.000000000000227 ) ;
#4554 = LINE ( 'NONE', #1833, #2521 ) ;
#4555 = AXIS2_PLACEMENT_3D ( 'NONE', #5471, #5498, #734 ) ;
#4556 = EDGE_CURVE ( 'NONE', #2979, #879, #3783, .T. ) ;
#4557 = FACE_OUTER_BOUND ( 'NONE', #4718, .T. ) ;
#4558 = AXIS2_PLACEMENT_3D ( 'NONE', #1137, #5872, #3935 ) ;
#4559 = PRESENTATION_STYLE_ASSIGNMENT (( #285 ) ) ;
#4560 = LINE ( 'NONE', #1697, #1456 ) ;
#4561 = DIRECTION ( 'NONE',  ( -1.000000000000000000, 0.000000000000000000, 1.711898167082376006E-16 ) ) ;
#4562 = ORIENTED_EDGE ( 'NONE', *, *, #5790, .T. ) ;
#4563 = VECTOR ( 'NONE', #5205, 1000.000000000000000 ) ;
#4564 = DIRECTION ( 'NONE',  ( 0.000000000000000000, 1.000000000000000000, -0.000000000000000000 ) ) ;
#4565 = CARTESIAN_POINT ( 'NONE',  ( -3.549999999999999822, 0.8000000000000000444, 2.650000000000001243 ) ) ;
#4566 = CARTESIAN_POINT ( 'NONE',  ( 0.6250000000000005551, 2.500000000000000444, -0.9499999999999992895 ) ) ;
#4567 = ORIENTED_EDGE ( 'NONE', *, *, #4657, .F. ) ;
#4568 = FACE_OUTER_BOUND ( 'NONE', #3186, .T. ) ;
#4569 = VERTEX_POINT ( 'NONE', #5680 ) ;
#4570 = DIRECTION ( 'NONE',  ( 1.000000000000000000, 0.000000000000000000, -3.336006684570784088E-16 ) ) ;
#4571 = LINE ( 'NONE', #5633, #4272 ) ;
#4572 = DIRECTION ( 'NONE',  ( 0.000000000000000000, 1.000000000000000000, 0.000000000000000000 ) ) ;
#4573 = CARTESIAN_POINT ( 'NONE',  ( 1.625000000000000000, 0.1250000000000000000, -1.391127433392334023 ) ) ;
#4574 = EDGE_LOOP ( 'NONE', ( #5929, #6079, #2759, #834 ) ) ;
#4575 = ORIENTED_EDGE ( 'NONE', *, *, #3910, .F. ) ;
#4576 = ORIENTED_EDGE ( 'NONE', *, *, #3502, .T. ) ;
#4577 = ORIENTED_EDGE ( 'NONE', *, *, #6044, .F. ) ;
#4578 = CARTESIAN_POINT ( 'NONE',  ( -3.549999999999999822, 9.129072045307475847, 2.650000000000000355 ) ) ;
#4579 = VECTOR ( 'NONE', #5529, 1000.000000000000000 ) ;
#4580 = ORIENTED_EDGE ( 'NONE', *, *, #3804, .T. ) ;
#4581 = MECHANICAL_DESIGN_GEOMETRIC_PRESENTATION_REPRESENTATION (  '', ( #5805 ), #3756 ) ;
#4582 = EDGE_LOOP ( 'NONE', ( #885, #277, #3937, #5196 ) ) ;
#4583 = DIRECTION ( 'NONE',  ( -1.000000000000000000, 0.000000000000000000, 0.000000000000000000 ) ) ;
#4584 = PLANE ( 'NONE',  #1645 ) ;
#4585 = ORIENTED_EDGE ( 'NONE', *, *, #2201, .T. ) ;
#4586 = EDGE_CURVE ( 'NONE', #4925, #1765, #4515, .T. ) ;
#4587 = PLANE ( 'NONE',  #952 ) ;
#4588 = EDGE_CURVE ( 'NONE', #5269, #3950, #714, .T. ) ;
#4589 = DIRECTION ( 'NONE',  ( 1.000000000000000000, 0.000000000000000000, 0.000000000000000000 ) ) ;
#4590 = FACE_OUTER_BOUND ( 'NONE', #4478, .T. ) ;
#4591 = CARTESIAN_POINT ( 'NONE',  ( 0.000000000000000000, 9.129072045307475847, -1.350000000000000089 ) ) ;
#4592 = DIRECTION ( 'NONE',  ( 0.000000000000000000, -1.000000000000000000, -0.000000000000000000 ) ) ;
#4593 = ORIENTED_EDGE ( 'NONE', *, *, #413, .T. ) ;
#4594 = CARTESIAN_POINT ( 'NONE',  ( -5.760000000000000675, 2.049999999999999822, -0.9500000000000001776 ) ) ;
#4595 = DIRECTION ( 'NONE',  ( -2.990902544787598592E-16, 0.000000000000000000, -1.000000000000000000 ) ) ;
#4596 = EDGE_CURVE ( 'NONE', #3720, #1001, #5546, .T. ) ;
#4597 = DIRECTION ( 'NONE',  ( 0.000000000000000000, 0.1732775659050885542, 0.9848730299657960652 ) ) ;
#4598 = ORIENTED_EDGE ( 'NONE', *, *, #707, .T. ) ;
#4599 = CARTESIAN_POINT ( 'NONE',  ( 4.860000000000001208, 2.250000000000000000, 1.856341625576288790 ) ) ;
#4600 = FACE_OUTER_BOUND ( 'NONE', #943, .T. ) ;
#4601 = CARTESIAN_POINT ( 'NONE',  ( 10.05810562561766375, 2.050000000000002487, 1.656341625576287280 ) ) ;
#4602 = CARTESIAN_POINT ( 'NONE',  ( 5.535000000000000142, 9.129072045307475847, 1.531341625576287724 ) ) ;
#4603 = VERTEX_POINT ( 'NONE', #2156 ) ;
#4604 = EDGE_LOOP ( 'NONE', ( #1604, #5113, #177, #2915 ) ) ;
#4605 = ORIENTED_EDGE ( 'NONE', *, *, #4529, .F. ) ;
#4606 = CARTESIAN_POINT ( 'NONE',  ( 4.234999999999999432, 2.100000000000000089, -1.149999999999999911 ) ) ;
#4607 = EDGE_CURVE ( 'NONE', #2431, #1350, #2234, .T. ) ;
#4608 = EDGE_LOOP ( 'NONE', ( #5414, #4443, #5768, #702 ) ) ;
#4609 = VECTOR ( 'NONE', #74, 1000.000000000000000 ) ;
#4610 = ORIENTED_EDGE ( 'NONE', *, *, #2122, .T. ) ;
#4611 = CARTESIAN_POINT ( 'NONE',  ( 0.000000000000000000, 2.299999999999999822, -1.350000000000000089 ) ) ;
#4612 = ORIENTED_EDGE ( 'NONE', *, *, #548, .F. ) ;
#4613 = EDGE_CURVE ( 'NONE', #770, #2515, #6143, .T. ) ;
#4614 = FACE_OUTER_BOUND ( 'NONE', #3333, .T. ) ;
#4615 = CARTESIAN_POINT ( 'NONE',  ( 0.000000000000000000, 2.299999999999999822, 0.000000000000000000 ) ) ;
#4616 = DIRECTION ( 'NONE',  ( 1.000000000000000000, 0.000000000000000000, -5.965348954528222655E-17 ) ) ;
#4617 = PRESENTATION_STYLE_ASSIGNMENT (( #349 ) ) ;
#4618 = CARTESIAN_POINT ( 'NONE',  ( -6.500000000000001776, 2.479999999999999982, -4.244925670375280014 ) ) ;
#4619 = DIRECTION ( 'NONE',  ( 0.000000000000000000, -1.000000000000000000, 0.000000000000000000 ) ) ;
#4620 = ORIENTED_EDGE ( 'NONE', *, *, #6086, .T. ) ;
#4621 = LINE ( 'NONE', #1214, #644 ) ;
#4622 = AXIS2_PLACEMENT_3D ( 'NONE', #82, #3005, #2531 ) ;
#4623 = DIRECTION ( 'NONE',  ( -1.328990167950278744E-16, 0.000000000000000000, 1.000000000000000000 ) ) ;
#4624 = AXIS2_PLACEMENT_3D ( 'NONE', #2947, #2450, #33 ) ;
#4625 = CARTESIAN_POINT ( 'NONE',  ( 4.035000000000000142, 2.299999999999999822, 0.9000000000000003553 ) ) ;
#4626 = ADVANCED_FACE ( 'NONE', ( #4986 ), #5062, .F. ) ;
#4627 = EDGE_CURVE ( 'NONE', #852, #379, #907, .T. ) ;
#4628 = CARTESIAN_POINT ( 'NONE',  ( 5.935000000000000497, 2.299999999999999822, -0.9000000000000001332 ) ) ;
#4629 = ORIENTED_EDGE ( 'NONE', *, *, #3012, .T. ) ;
#4630 = CARTESIAN_POINT ( 'NONE',  ( -4.035000000000000142, 2.299999999999999822, 0.9000000000000003553 ) ) ;
#4631 = CARTESIAN_POINT ( 'NONE',  ( -3.700000000000000622, 1.300000000000000044, 2.650000000000000355 ) ) ;
#4632 = FACE_OUTER_BOUND ( 'NONE', #5986, .T. ) ;
#4633 = VECTOR ( 'NONE', #1091, 1000.000000000000000 ) ;
#4634 = DIRECTION ( 'NONE',  ( 0.000000000000000000, -1.000000000000000000, -0.000000000000000000 ) ) ;
#4635 = LINE ( 'NONE', #6012, #5565 ) ;
#4636 = ORIENTED_EDGE ( 'NONE', *, *, #4350, .F. ) ;
#4637 = EDGE_LOOP ( 'NONE', ( #1165, #4142, #613, #1564 ) ) ;
#4638 = ORIENTED_EDGE ( 'NONE', *, *, #3612, .F. ) ;
#4639 = AXIS2_PLACEMENT_3D ( 'NONE', #5, #1484, #3761 ) ;
#4640 = LINE ( 'NONE', #1326, #5525 ) ;
#4641 = DIRECTION ( 'NONE',  ( 0.000000000000000000, -1.000000000000000000, -0.000000000000000000 ) ) ;
#4642 = EDGE_LOOP ( 'NONE', ( #1078, #777, #3051, #4089 ) ) ;
#4643 = ORIENTED_EDGE ( 'NONE', *, *, #996, .F. ) ;
#4644 = DIRECTION ( 'NONE',  ( -1.000000000000000000, 0.000000000000000000, 0.000000000000000000 ) ) ;
#4645 = EDGE_LOOP ( 'NONE', ( #5732, #2381, #5145, #5188 ) ) ;
#4646 = CARTESIAN_POINT ( 'NONE',  ( 1.375000000000000000, 0.6009615426646959246, -1.506680608523724985 ) ) ;
#4647 = EDGE_CURVE ( 'NONE', #4189, #517, #2644, .T. ) ;
#4648 = AXIS2_PLACEMENT_3D ( 'NONE', #4495, #3003, #3515 ) ;
#4649 = DIRECTION ( 'NONE',  ( -1.000000000000000000, -0.000000000000000000, 5.965348954528222655E-17 ) ) ;
#4650 = DIRECTION ( 'NONE',  ( 0.000000000000000000, 0.000000000000000000, -1.000000000000000000 ) ) ;
#4651 = AXIS2_PLACEMENT_3D ( 'NONE', #2298, #6037, #6072 ) ;
#4652 = CARTESIAN_POINT ( 'NONE',  ( -4.535000000000000142, 0.4500000000000007327, 2.650000000000000355 ) ) ;
#4653 = VECTOR ( 'NONE', #6031, 1000.000000000000000 ) ;
#4654 = CARTESIAN_POINT ( 'NONE',  ( 1.375000000000000000, 0.2000000000000000111, -0.9499999999999999556 ) ) ;
#4655 = ORIENTED_EDGE ( 'NONE', *, *, #322, .F. ) ;
#4656 = LINE ( 'NONE', #5623, #3868 ) ;
#4657 = EDGE_CURVE ( 'NONE', #2733, #4339, #4735, .T. ) ;
#4658 = DIRECTION ( 'NONE',  ( 1.000000000000000000, 0.000000000000000000, 0.000000000000000000 ) ) ;
#4659 = VECTOR ( 'NONE', #2711, 1000.000000000000000 ) ;
#4660 = AXIS2_PLACEMENT_3D ( 'NONE', #4552, #3163, #2130 ) ;
#4661 = EDGE_CURVE ( 'NONE', #5013, #4759, #3160, .T. ) ;
#4662 = VECTOR ( 'NONE', #1256, 1000.000000000000000 ) ;
#4663 = FACE_OUTER_BOUND ( 'NONE', #5024, .T. ) ;
#4664 = ORIENTED_EDGE ( 'NONE', *, *, #3763, .T. ) ;
#4665 = CARTESIAN_POINT ( 'NONE',  ( 0.000000000000000000, 2.299999999999999822, -1.350000000000000089 ) ) ;
#4666 = CARTESIAN_POINT ( 'NONE',  ( -4.860000000000001208, 2.250000000000000000, 2.650000000000000355 ) ) ;
#4667 = DIRECTION ( 'NONE',  ( 0.000000000000000000, -1.000000000000000000, -0.000000000000000000 ) ) ;
#4668 = EDGE_CURVE ( 'NONE', #1948, #1213, #5453, .T. ) ;
#4669 = CARTESIAN_POINT ( 'NONE',  ( -4.785000000000000142, 2.049999999999999822, 1.531341625576287502 ) ) ;
#4670 = AXIS2_PLACEMENT_3D ( 'NONE', #4041, #2084, #5947 ) ;
#4671 = ADVANCED_FACE ( 'NONE', ( #2309 ), #215, .F. ) ;
#4672 = VECTOR ( 'NONE', #4313, 1000.000000000000000 ) ;
#4673 = ORIENTED_EDGE ( 'NONE', *, *, #4101, .T. ) ;
#4674 = ORIENTED_EDGE ( 'NONE', *, *, #5564, .F. ) ;
#4675 = EDGE_LOOP ( 'NONE', ( #1502, #4868, #3787, #757 ) ) ;
#4676 = ORIENTED_EDGE ( 'NONE', *, *, #4056, .F. ) ;
#4677 = ADVANCED_FACE ( 'NONE', ( #2811 ), #3597, .T. ) ;
#4678 = CARTESIAN_POINT ( 'NONE',  ( -6.500000000000001776, 2.479999999999999982, 3.750000000000001776 ) ) ;
#4679 = ORIENTED_EDGE ( 'NONE', *, *, #3648, .T. ) ;
#4680 = ORIENTED_EDGE ( 'NONE', *, *, #3610, .T. ) ;
#4681 = DIRECTION ( 'NONE',  ( 0.4226182617406998854, 0.000000000000000000, -0.9063077870366497146 ) ) ;
#4682 = ORIENTED_EDGE ( 'NONE', *, *, #5775, .F. ) ;
#4683 = CARTESIAN_POINT ( 'NONE',  ( 0.1884769367380004501, 2.299999999999999822, -1.350000000000000533 ) ) ;
#4684 = LINE ( 'NONE', #4213, #3250 ) ;
#4685 = CARTESIAN_POINT ( 'NONE',  ( -4.000000000000000000, 0.000000000000000000, 1.409462824231155764E-15 ) ) ;
#4686 = CARTESIAN_POINT ( 'NONE',  ( 0.000000000000000000, 2.299999999999999822, -1.350000000000000089 ) ) ;
#4687 = CARTESIAN_POINT ( 'NONE',  ( 0.000000000000000000, 0.2000000000000000111, -1.350000000000000089 ) ) ;
#4688 = LINE ( 'NONE', #2420, #1025 ) ;
#4689 = ORIENTED_EDGE ( 'NONE', *, *, #250, .T. ) ;
#4690 = DIRECTION ( 'NONE',  ( -1.000000000000000000, -0.000000000000000000, 5.965348954528222655E-17 ) ) ;
#4691 = DIRECTION ( 'NONE',  ( -1.000000000000000000, 0.000000000000000000, 2.990902544787598592E-16 ) ) ;
#4692 = DIRECTION ( 'NONE',  ( 0.000000000000000000, -1.000000000000000000, -0.000000000000000000 ) ) ;
#4693 = AXIS2_PLACEMENT_3D ( 'NONE', #2857, #1490, #4755 ) ;
#4694 = CARTESIAN_POINT ( 'NONE',  ( -4.035000000000000142, 0.2000000000000000111, 0.1499999999999995226 ) ) ;
#4695 = DIRECTION ( 'NONE',  ( -0.5773502691896266192, 0.5773502691896265082, 0.5773502691896241767 ) ) ;
#4696 = EDGE_CURVE ( 'NONE', #1572, #741, #5358, .T. ) ;
#4697 = DIRECTION ( 'NONE',  ( -1.000000000000000000, 0.000000000000000000, 1.711898167082375759E-16 ) ) ;
#4698 = ORIENTED_EDGE ( 'NONE', *, *, #171, .T. ) ;
#4699 = LINE ( 'NONE', #773, #736 ) ;
#4700 = LINE ( 'NONE', #3179, #4662 ) ;
#4701 = CARTESIAN_POINT ( 'NONE',  ( -4.535000000000000142, 0.4500000000000000111, -1.350000000000000089 ) ) ;
#4702 = EDGE_CURVE ( 'NONE', #1979, #6173, #4327, .T. ) ;
#4703 = DIRECTION ( 'NONE',  ( -6.672013369141568175E-16, 0.000000000000000000, 1.000000000000000000 ) ) ;
#4704 = ORIENTED_EDGE ( 'NONE', *, *, #2303, .T. ) ;
#4705 = EDGE_LOOP ( 'NONE', ( #4853, #3289, #3405, #5684 ) ) ;
#4706 = VERTEX_POINT ( 'NONE', #3007 ) ;
#4707 = EDGE_CURVE ( 'NONE', #2694, #1414, #2941, .T. ) ;
#4708 = ORIENTED_EDGE ( 'NONE', *, *, #3046, .F. ) ;
#4709 = CARTESIAN_POINT ( 'NONE',  ( 3.835000000000000409, 0.2000000000000000111, 0.1499999999999995226 ) ) ;
#4710 = ORIENTED_EDGE ( 'NONE', *, *, #5158, .F. ) ;
#4711 = CARTESIAN_POINT ( 'NONE',  ( -4.234999999999999432, 9.129072045307475847, -1.149999999999999911 ) ) ;
#4712 = EDGE_CURVE ( 'NONE', #4367, #1227, #5736, .T. ) ;
#4713 = ORIENTED_EDGE ( 'NONE', *, *, #705, .T. ) ;
#4714 = ADVANCED_FACE ( 'NONE', ( #1536 ), #6176, .F. ) ;
#4715 = VERTEX_POINT ( 'NONE', #1920 ) ;
#4716 = CARTESIAN_POINT ( 'NONE',  ( -5.935000000000000497, 2.299999999999999822, -0.9000000000000001332 ) ) ;
#4717 = FACE_OUTER_BOUND ( 'NONE', #4642, .T. ) ;
#4718 = EDGE_LOOP ( 'NONE', ( #2173, #4936, #4348, #5244, #3690 ) ) ;
#4719 = PLANE ( 'NONE',  #5061 ) ;
#4720 = FACE_OUTER_BOUND ( 'NONE', #4637, .T. ) ;
#4721 = ORIENTED_EDGE ( 'NONE', *, *, #2642, .F. ) ;
#4722 = CARTESIAN_POINT ( 'NONE',  ( -4.035000000000000142, 0.3999999999999993006, 0.1499999999999995226 ) ) ;
#4723 = DIRECTION ( 'NONE',  ( 0.000000000000000000, 0.000000000000000000, 1.000000000000000000 ) ) ;
#4724 = DIRECTION ( 'NONE',  ( 0.000000000000000000, -1.000000000000000000, 0.000000000000000000 ) ) ;
#4725 = ORIENTED_EDGE ( 'NONE', *, *, #5580, .F. ) ;
#4726 = DIRECTION ( 'NONE',  ( 0.7071067811865474617, 0.000000000000000000, 0.7071067811865474617 ) ) ;
#4727 = CARTESIAN_POINT ( 'NONE',  ( 3.549999999999999822, 0.8000000000000000444, -0.9499999999999986233 ) ) ;
#4728 = EDGE_CURVE ( 'NONE', #1783, #862, #1448, .T. ) ;
#4729 = VECTOR ( 'NONE', #5126, 1000.000000000000000 ) ;
#4730 = DIRECTION ( 'NONE',  ( 0.000000000000000000, 0.000000000000000000, -1.000000000000000000 ) ) ;
#4731 = ORIENTED_EDGE ( 'NONE', *, *, #4969, .T. ) ;
#4732 = VERTEX_POINT ( 'NONE', #5830 ) ;
#4733 = EDGE_CURVE ( 'NONE', #433, #5807, #3869, .T. ) ;
#4734 = ORIENTED_EDGE ( 'NONE', *, *, #5098, .T. ) ;
#4735 = LINE ( 'NONE', #3567, #1854 ) ;
#4737 = VECTOR ( 'NONE', #1243, 1000.000000000000000 ) ;
#4736 = VECTOR ( 'NONE', #3357, 1000.000000000000000 ) ;
#4738 = AXIS2_PLACEMENT_3D ( 'NONE', #4112, #3659, #6016 ) ;
#4739 = VERTEX_POINT ( 'NONE', #4801 ) ;
#4740 = PLANE ( 'NONE',  #2265 ) ;
#4741 = ADVANCED_FACE ( 'NONE', ( #85 ), #5270, .T. ) ;
#4742 = CARTESIAN_POINT ( 'NONE',  ( 3.549999999999999822, 2.500000000000000444, 3.950000000000001954 ) ) ;
#4743 = EDGE_CURVE ( 'NONE', #2037, #559, #2908, .T. ) ;
#4744 = ADVANCED_FACE ( 'NONE', ( #1896 ), #3461, .F. ) ;
#4745 = CARTESIAN_POINT ( 'NONE',  ( 10.05810562561766375, 2.049999999999999822, -1.149999999999999911 ) ) ;
#4746 = EDGE_CURVE ( 'NONE', #4082, #1508, #1476, .T. ) ;
#4747 = VECTOR ( 'NONE', #4938, 1000.000000000000000 ) ;
#4748 = DIRECTION ( 'NONE',  ( 1.000000000000000000, 0.000000000000000000, 0.000000000000000000 ) ) ;
#4749 = CARTESIAN_POINT ( 'NONE',  ( -4.785000000000000142, 0.4500000000000007327, 2.400000000000000355 ) ) ;
#4750 = DIRECTION ( 'NONE',  ( -0.000000000000000000, -1.000000000000000000, -0.000000000000000000 ) ) ;
#4751 = ORIENTED_EDGE ( 'NONE', *, *, #5539, .F. ) ;
#4752 = VECTOR ( 'NONE', #2608, 1000.000000000000000 ) ;
#4753 = DIRECTION ( 'NONE',  ( -1.000000000000000000, 0.000000000000000000, 1.711898167082375759E-16 ) ) ;
#4754 = CARTESIAN_POINT ( 'NONE',  ( 3.835000000000000853, 2.299999999999999822, -0.9000000000000000222 ) ) ;
#4755 = DIRECTION ( 'NONE',  ( 0.000000000000000000, -1.000000000000000000, -2.174847976807625065E-16 ) ) ;
#4756 = CARTESIAN_POINT ( 'NONE',  ( 1.625000000000000000, 0.5627714910575180030, -1.723744783245070078 ) ) ;
#4757 = ADVANCED_FACE ( 'NONE', ( #1946 ), #5770, .T. ) ;
#4758 = DIRECTION ( 'NONE',  ( 0.000000000000000000, -1.000000000000000000, 0.000000000000000000 ) ) ;
#4759 = VERTEX_POINT ( 'NONE', #1980 ) ;
#4760 = VECTOR ( 'NONE', #5033, 1000.000000000000114 ) ;
#4761 = PLANE ( 'NONE',  #882 ) ;
#4762 = ORIENTED_EDGE ( 'NONE', *, *, #5095, .F. ) ;
#4763 = VECTOR ( 'NONE', #4280, 1000.000000000000114 ) ;
#4764 = LINE ( 'NONE', #3827, #4258 ) ;
#4765 = CARTESIAN_POINT ( 'NONE',  ( -4.035000000000000142, 2.299999999999999822, 0.9000000000000003553 ) ) ;
#4766 = VECTOR ( 'NONE', #2684, 1000.000000000000000 ) ;
#4767 = VECTOR ( 'NONE', #3627, 1000.000000000000000 ) ;
#4768 = VERTEX_POINT ( 'NONE', #5300 ) ;
#4769 = VERTEX_POINT ( 'NONE', #5706 ) ;
#4770 = VERTEX_POINT ( 'NONE', #5803 ) ;
#4771 = CARTESIAN_POINT ( 'NONE',  ( -4.035000000000000142, 2.299999999999999822, 0.9000000000000003553 ) ) ;
#4772 = AXIS2_PLACEMENT_3D ( 'NONE', #1778, #3140, #2754 ) ;
#4773 = VERTEX_POINT ( 'NONE', #1504 ) ;
#4774 = DIRECTION ( 'NONE',  ( 0.000000000000000000, 0.000000000000000000, -1.000000000000000000 ) ) ;
#4775 = ORIENTED_EDGE ( 'NONE', *, *, #2471, .T. ) ;
#4776 = VERTEX_POINT ( 'NONE', #2003 ) ;
#4777 = ORIENTED_EDGE ( 'NONE', *, *, #1533, .F. ) ;
#4778 = FACE_OUTER_BOUND ( 'NONE', #3408, .T. ) ;
#4779 = EDGE_CURVE ( 'NONE', #6007, #2378, #3431, .T. ) ;
#4780 = ORIENTED_EDGE ( 'NONE', *, *, #2020, .F. ) ;
#4781 = CONTEXT_DEPENDENT_SHAPE_REPRESENTATION ( #2413, #244 ) ;
#4782 = AXIS2_PLACEMENT_3D ( 'NONE', #6010, #3278, #1712 ) ;
#4783 = EDGE_CURVE ( 'NONE', #372, #2431, #3340, .T. ) ;
#4784 = FACE_OUTER_BOUND ( 'NONE', #6017, .T. ) ;
#4785 = CARTESIAN_POINT ( 'NONE',  ( -6.500000000000001776, 0.1799999999999999933, 2.650000000000000355 ) ) ;
#4786 = VERTEX_POINT ( 'NONE', #467 ) ;
#4787 = CARTESIAN_POINT ( 'NONE',  ( 1.625000000000000000, 0.3499999999999999778, -2.799999999999999822 ) ) ;
#4788 = DIRECTION ( 'NONE',  ( -1.000000000000000000, 0.000000000000000000, 0.000000000000000000 ) ) ;
#4789 = VECTOR ( 'NONE', #4695, 1000.000000000000000 ) ;
#4790 = VERTEX_POINT ( 'NONE', #1036 ) ;
#4791 = DIRECTION ( 'NONE',  ( 0.000000000000000000, 0.000000000000000000, 1.000000000000000000 ) ) ;
#4792 = LINE ( 'NONE', #607, #1037 ) ;
#4793 = CARTESIAN_POINT ( 'NONE',  ( -7.449536022653737710, 5.514536022653724778, 0.1499999999999995226 ) ) ;
#4794 = VERTEX_POINT ( 'NONE', #4863 ) ;
#4795 = VECTOR ( 'NONE', #5955, 1000.000000000000000 ) ;
#4796 = DIRECTION ( 'NONE',  ( -0.000000000000000000, -0.000000000000000000, -1.000000000000000000 ) ) ;
#4797 = DIRECTION ( 'NONE',  ( -1.000000000000000000, 0.000000000000000000, 0.000000000000000000 ) ) ;
#4798 = DIRECTION ( 'NONE',  ( -0.000000000000000000, 1.000000000000000000, 0.000000000000000000 ) ) ;
#4799 = ORIENTED_EDGE ( 'NONE', *, *, #1667, .F. ) ;
#4800 = EDGE_LOOP ( 'NONE', ( #1665, #30, #978, #1668, #3366 ) ) ;
#4801 = CARTESIAN_POINT ( 'NONE',  ( 0.3750000000000007772, 0.2000000000000000944, -0.9499999999999992895 ) ) ;
#4802 = CARTESIAN_POINT ( 'NONE',  ( -5.535000000000000142, 0.3999999999999993006, -1.350000000000000089 ) ) ;
#4803 = VERTEX_POINT ( 'NONE', #2476 ) ;
#4804 = VERTEX_POINT ( 'NONE', #3029 ) ;
#4805 = ORIENTED_EDGE ( 'NONE', *, *, #1374, .F. ) ;
#4806 = CARTESIAN_POINT ( 'NONE',  ( -4.234999999999999432, 2.100000000000000089, -1.149999999999999911 ) ) ;
#4807 = LINE ( 'NONE', #2415, #521 ) ;
#4808 = EDGE_CURVE ( 'NONE', #3389, #2575, #5981, .T. ) ;
#4809 = PLANE ( 'NONE',  #1029 ) ;
#4810 = CONTEXT_DEPENDENT_SHAPE_REPRESENTATION ( #5410, #4011 ) ;
#4811 = LINE ( 'NONE', #6122, #1642 ) ;
#4812 = CARTESIAN_POINT ( 'NONE',  ( -4.785000000000000142, 0.4500000000000007327, 1.531341625576287502 ) ) ;
#4813 = VERTEX_POINT ( 'NONE', #5914 ) ;
#4814 = DIRECTION ( 'NONE',  ( 0.000000000000000000, -1.403297376292845919E-16, 1.000000000000000000 ) ) ;
#4815 = LINE ( 'NONE', #511, #5653 ) ;
#4816 = ORIENTED_EDGE ( 'NONE', *, *, #4902, .T. ) ;
#4817 = DIRECTION ( 'NONE',  ( 0.000000000000000000, 0.000000000000000000, 1.000000000000000000 ) ) ;
#4818 = DIRECTION ( 'NONE',  ( 0.000000000000000000, -0.000000000000000000, -1.000000000000000000 ) ) ;
#4819 = ORIENTED_EDGE ( 'NONE', *, *, #5609, .F. ) ;
#4820 = CARTESIAN_POINT ( 'NONE',  ( 1.625000000000000000, 1.844217003719184955, -0.9499999999999999556 ) ) ;
#4821 = CARTESIAN_POINT ( 'NONE',  ( -3.835000000000000853, 2.299999999999999822, -0.9000000000000000222 ) ) ;
#4822 = DIRECTION ( 'NONE',  ( -1.000000000000000000, 0.000000000000000000, -0.000000000000000000 ) ) ;
#4823 = CARTESIAN_POINT ( 'NONE',  ( -5.535000000000000142, 0.2000000000000000111, 1.531341625576287724 ) ) ;
#4824 = EDGE_CURVE ( 'NONE', #1619, #5950, #1121, .T. ) ;
#4825 = EDGE_CURVE ( 'NONE', #3865, #2408, #4916, .T. ) ;
#4826 = EDGE_CURVE ( 'NONE', #1673, #3896, #4444, .T. ) ;
#4827 = ADVANCED_FACE ( 'NONE', ( #2623 ), #3087, .F. ) ;
#4828 = ORIENTED_EDGE ( 'NONE', *, *, #1799, .T. ) ;
#4829 = VERTEX_POINT ( 'NONE', #113 ) ;
#4830 = ORIENTED_EDGE ( 'NONE', *, *, #1624, .T. ) ;
#4831 = DIRECTION ( 'NONE',  ( 0.000000000000000000, 0.000000000000000000, -1.000000000000000000 ) ) ;
#4832 = AXIS2_PLACEMENT_3D ( 'NONE', #3960, #592, #2148 ) ;
#4833 = LINE ( 'NONE', #1947, #746 ) ;
#4834 = FACE_BOUND ( 'NONE', #1226, .T. ) ;
#4835 = EDGE_CURVE ( 'NONE', #4911, #4569, #646, .T. ) ;
#4836 = EDGE_LOOP ( 'NONE', ( #2217, #71, #2228, #202 ) ) ;
#4837 = VERTEX_POINT ( 'NONE', #1589 ) ;
#4838 = VECTOR ( 'NONE', #4034, 1000.000000000000000 ) ;
#4839 = ORIENTED_EDGE ( 'NONE', *, *, #3037, .T. ) ;
#4840 = CARTESIAN_POINT ( 'NONE',  ( -0.3749999999999994449, 2.500000000000000444, -0.9499999999999992895 ) ) ;
#4841 = MECHANICAL_DESIGN_GEOMETRIC_PRESENTATION_REPRESENTATION (  '', ( #6136 ), #2216 ) ;
#4842 = CLOSED_SHELL ( 'NONE', ( #663, #3436, #4757, #170, #568, #980, #374, #2288, #1221, #5459, #4851, #2089, #3715, #4677, #132, #5247, #6050, #4744, #5097, #4671 ) ) ;
#4843 = CARTESIAN_POINT ( 'NONE',  ( -3.549999999999999822, 0.8000000000000000444, -3.538156721182005526 ) ) ;
#4844 = EDGE_CURVE ( 'NONE', #2497, #4739, #3520, .T. ) ;
#4845 = CARTESIAN_POINT ( 'NONE',  ( -3.835000000000000409, 9.129072045307475847, 0.1499999999999995226 ) ) ;
#4846 = ORIENTED_EDGE ( 'NONE', *, *, #4057, .T. ) ;
#4847 = CARTESIAN_POINT ( 'NONE',  ( 2.523439361585583462, 0.2000000000000000111, -0.6316707618036973004 ) ) ;
#4848 = CARTESIAN_POINT ( 'NONE',  ( 5.935000000000000497, 2.299999999999999822, -0.9000000000000001332 ) ) ;
#4849 = CARTESIAN_POINT ( 'NONE',  ( 3.835000000000000409, 0.2000000000000000111, 0.1499999999999995226 ) ) ;
#4850 = VECTOR ( 'NONE', #3661, 1000.000000000000000 ) ;
#4851 = ADVANCED_FACE ( 'NONE', ( #671 ), #1191, .F. ) ;
#4852 = CARTESIAN_POINT ( 'NONE',  ( -3.549999999999999822, 2.500000000000000444, -0.9499999999999986233 ) ) ;
#4853 = ORIENTED_EDGE ( 'NONE', *, *, #4295, .F. ) ;
#4854 = CARTESIAN_POINT ( 'NONE',  ( 6.500000000000001776, 2.479999999999999982, 2.650000000000000355 ) ) ;
#4855 = DIRECTION ( 'NONE',  ( -0.000000000000000000, -1.000000000000000000, -0.000000000000000000 ) ) ;
#4856 = PLANE ( 'NONE',  #19 ) ;
#4857 = EDGE_CURVE ( 'NONE', #3533, #4889, #5408, .T. ) ;
#4858 = AXIS2_PLACEMENT_3D ( 'NONE', #5631, #1850, #1351 ) ;
#4859 = VERTEX_POINT ( 'NONE', #144 ) ;
#4860 = VECTOR ( 'NONE', #1489, 1000.000000000000000 ) ;
#4861 = ORIENTED_EDGE ( 'NONE', *, *, #1421, .T. ) ;
#4862 = EDGE_CURVE ( 'NONE', #2800, #126, #1647, .T. ) ;
#4863 = CARTESIAN_POINT ( 'NONE',  ( 5.535000000000000142, 2.049999999999999822, 1.531341625576287724 ) ) ;
#4864 = CARTESIAN_POINT ( 'NONE',  ( 3.549999999999999378, 1.800000000000000044, 0.6500000000000007994 ) ) ;
#4865 = ADVANCED_FACE ( 'NONE', ( #2560 ), #3587, .T. ) ;
#4866 = CARTESIAN_POINT ( 'NONE',  ( -4.535000000000000142, 2.050000000000003375, 2.650000000000000355 ) ) ;
#4867 = VECTOR ( 'NONE', #3161, 1000.000000000000000 ) ;
#4868 = ORIENTED_EDGE ( 'NONE', *, *, #5212, .T. ) ;
#4869 = VECTOR ( 'NONE', #1631, 1000.000000000000000 ) ;
#4870 = VERTEX_POINT ( 'NONE', #168 ) ;
#4871 = ORIENTED_EDGE ( 'NONE', *, *, #3345, .F. ) ;
#4872 = CIRCLE ( 'NONE', #3183, 0.1999999999999996503 ) ;
#4873 = EDGE_CURVE ( 'NONE', #1622, #3067, #2535, .T. ) ;
#4874 = CARTESIAN_POINT ( 'NONE',  ( 5.535000000000000142, 2.049999999999999822, -1.350000000000000089 ) ) ;
#4875 = FACE_OUTER_BOUND ( 'NONE', #3011, .T. ) ;
#4876 = FACE_OUTER_BOUND ( 'NONE', #5298, .T. ) ;
#4877 = DIRECTION ( 'NONE',  ( -6.672013369141568175E-16, 0.000000000000000000, -1.000000000000000000 ) ) ;
#4878 = ORIENTED_EDGE ( 'NONE', *, *, #2642, .T. ) ;
#4879 = CARTESIAN_POINT ( 'NONE',  ( 4.785000000000000142, 9.129072045307475847, 2.400000000000000355 ) ) ;
#4880 = LINE ( 'NONE', #5815, #1055 ) ;
#4881 = PRODUCT_DEFINITION_CONTEXT ( 'detailed design', #1267, 'design' ) ;
#4882 = CARTESIAN_POINT ( 'NONE',  ( -4.199999999999993960, 0.1799999999999926659, 6.049999999999998934 ) ) ;
#4883 = CARTESIAN_POINT ( 'NONE',  ( 2.375000000000000888, 0.2000000000000000944, -0.9499999999999992895 ) ) ;
#4884 = DIRECTION ( 'NONE',  ( -0.000000000000000000, -1.000000000000000000, 0.000000000000000000 ) ) ;
#4885 = CARTESIAN_POINT ( 'NONE',  ( 5.535000000000000142, 9.129072045307475847, 1.531341625576287724 ) ) ;
#4886 = ORIENTED_EDGE ( 'NONE', *, *, #1041, .T. ) ;
#4887 = CARTESIAN_POINT ( 'NONE',  ( 4.860000000000001208, 0.4500000000000011768, 1.656341625576287280 ) ) ;
#4888 = DIRECTION ( 'NONE',  ( 0.000000000000000000, 1.000000000000000000, -0.000000000000000000 ) ) ;
#4889 = VERTEX_POINT ( 'NONE', #1565 ) ;
#4890 = PRESENTATION_LAYER_ASSIGNMENT (  '', '', ( #5805 ) ) ;
#4891 = ORIENTED_EDGE ( 'NONE', *, *, #4932, .F. ) ;
#4892 = EDGE_CURVE ( 'NONE', #1826, #2677, #4008, .T. ) ;
#4893 = DIRECTION ( 'NONE',  ( 0.000000000000000000, 0.000000000000000000, -1.000000000000000000 ) ) ;
#4894 = PLANE ( 'NONE',  #1367 ) ;
#4895 = CARTESIAN_POINT ( 'NONE',  ( -1.624999999999999334, 2.500000000000000444, -0.9499999999999992895 ) ) ;
#4896 = DIRECTION ( 'NONE',  ( 0.4226182617406998854, 0.000000000000000000, 0.9063077870366497146 ) ) ;
#4897 = ORIENTED_EDGE ( 'NONE', *, *, #3380, .F. ) ;
#4898 = VERTEX_POINT ( 'NONE', #3549 ) ;
#4899 = CARTESIAN_POINT ( 'NONE',  ( -4.035000000000000142, 2.500000000000000000, 0.9000000000000003553 ) ) ;
#4900 = CARTESIAN_POINT ( 'NONE',  ( 2.625000000000000444, 2.500000000000000444, -0.9499999999999992895 ) ) ;
#4901 = ADVANCED_FACE ( 'NONE', ( #1155 ), #4972, .F. ) ;
#4902 = EDGE_CURVE ( 'NONE', #2515, #903, #3955, .T. ) ;
#4903 = ORIENTED_EDGE ( 'NONE', *, *, #4350, .T. ) ;
#4904 = EDGE_CURVE ( 'NONE', #2889, #533, #5859, .T. ) ;
#4905 = DIRECTION ( 'NONE',  ( 0.000000000000000000, -1.000000000000000000, -0.000000000000000000 ) ) ;
#4906 = LINE ( 'NONE', #2514, #1269 ) ;
#4907 = ORIENTED_EDGE ( 'NONE', *, *, #2480, .T. ) ;
#4908 = DIRECTION ( 'NONE',  ( -1.000000000000000000, 0.000000000000000000, 0.000000000000000000 ) ) ;
#4909 = PLANE ( 'NONE',  #119 ) ;
#4910 = CARTESIAN_POINT ( 'NONE',  ( -0.6249999999999992228, 0.2000000000000000944, -0.9499999999999992895 ) ) ;
#4911 = VERTEX_POINT ( 'NONE', #3773 ) ;
#4912 = CARTESIAN_POINT ( 'NONE',  ( -2.374999999999999556, 0.2000000000000000944, -0.9499999999999992895 ) ) ;
#4913 = CARTESIAN_POINT ( 'NONE',  ( 6.535000000000000142, 2.049999999999999822, 2.650000000000001688 ) ) ;
#4914 = DIRECTION ( 'NONE',  ( 0.000000000000000000, 0.000000000000000000, -1.000000000000000000 ) ) ;
#4915 = VERTEX_POINT ( 'NONE', #6100 ) ;
#4916 = LINE ( 'NONE', #3615, #439 ) ;
#4917 = CARTESIAN_POINT ( 'NONE',  ( 0.000000000000000000, 2.299999999999999822, -1.350000000000000089 ) ) ;
#4918 = ADVANCED_FACE ( 'NONE', ( #733 ), #5527, .T. ) ;
#4919 = DIRECTION ( 'NONE',  ( -0.000000000000000000, 1.000000000000000000, 1.971276677246372752E-16 ) ) ;
#4920 = ORIENTED_EDGE ( 'NONE', *, *, #381, .T. ) ;
#4921 = AXIS2_PLACEMENT_3D ( 'NONE', #6184, #2848, #5190 ) ;
#4922 = CARTESIAN_POINT ( 'NONE',  ( -3.549999999999999822, 2.421762239271879391, 0.4482050807568974116 ) ) ;
#4923 = EDGE_CURVE ( 'NONE', #2628, #1689, #4134, .T. ) ;
#4924 = VECTOR ( 'NONE', #5027, 1000.000000000000000 ) ;
#4925 = VERTEX_POINT ( 'NONE', #325 ) ;
#4926 = ORIENTED_EDGE ( 'NONE', *, *, #3863, .T. ) ;
#4927 = DIRECTION ( 'NONE',  ( 0.000000000000000000, 1.000000000000000000, 1.971276677246372752E-16 ) ) ;
#4928 = CARTESIAN_POINT ( 'NONE',  ( -4.234999999999999432, 2.100000000000000089, -1.350000000000000089 ) ) ;
#4929 = ORIENTED_EDGE ( 'NONE', *, *, #1633, .F. ) ;
#4930 = EDGE_CURVE ( 'NONE', #534, #1213, #4229, .T. ) ;
#4931 = PLANE ( 'NONE',  #5860 ) ;
#4932 = EDGE_CURVE ( 'NONE', #2776, #5721, #138, .T. ) ;
#4933 = DIRECTION ( 'NONE',  ( -0.000000000000000000, -0.000000000000000000, 1.000000000000000000 ) ) ;
#4934 = VECTOR ( 'NONE', #377, 1000.000000000000000 ) ;
#4935 = CARTESIAN_POINT ( 'NONE',  ( 3.835000000000000853, 2.299999999999999822, -1.300000000000000266 ) ) ;
#4936 = ORIENTED_EDGE ( 'NONE', *, *, #4904, .F. ) ;
#4937 = CARTESIAN_POINT ( 'NONE',  ( 0.000000000000000000, 0.000000000000000000, 0.000000000000000000 ) ) ;
#4938 = DIRECTION ( 'NONE',  ( -0.000000000000000000, -1.000000000000000000, -0.000000000000000000 ) ) ;
#4939 = VERTEX_POINT ( 'NONE', #5671 ) ;
#4940 = DIRECTION ( 'NONE',  ( 0.000000000000000000, -1.000000000000000000, 0.000000000000000000 ) ) ;
#4941 = ADVANCED_FACE ( 'NONE', ( #3682 ), #2204, .F. ) ;
#4942 = CARTESIAN_POINT ( 'NONE',  ( 3.999999999999999112, 1.500000000000001332, 3.950000000000001954 ) ) ;
#4943 = CARTESIAN_POINT ( 'NONE',  ( 4.785000000000000142, 9.129072045307475847, 1.531341625576287502 ) ) ;
#4944 = ORIENTED_EDGE ( 'NONE', *, *, #3439, .F. ) ;
#4945 = DIRECTION ( 'NONE',  ( -0.000000000000000000, 0.000000000000000000, 1.000000000000000000 ) ) ;
#4946 = DIRECTION ( 'NONE',  ( -1.000000000000000000, 0.000000000000000000, 1.912594791595156631E-16 ) ) ;
#4947 = VECTOR ( 'NONE', #2503, 1000.000000000000000 ) ;
#4948 = DIRECTION ( 'NONE',  ( 0.000000000000000000, 0.000000000000000000, -1.000000000000000000 ) ) ;
#4949 = ORIENTED_EDGE ( 'NONE', *, *, #4312, .T. ) ;
#4950 = VECTOR ( 'NONE', #3265, 1000.000000000000227 ) ;
#4951 = EDGE_LOOP ( 'NONE', ( #3258, #2918, #1164, #6175, #2482, #778 ) ) ;
#4952 = CIRCLE ( 'NONE', #5858, 0.1999999999999996503 ) ;
#4953 = CARTESIAN_POINT ( 'NONE',  ( 4.234999999999999432, 0.3999999999999993006, -1.349999999999998979 ) ) ;
#4954 = AXIS2_PLACEMENT_3D ( 'NONE', #786, #308, #717 ) ;
#4955 = FACE_OUTER_BOUND ( 'NONE', #6106, .T. ) ;
#4956 = ORIENTED_EDGE ( 'NONE', *, *, #6149, .T. ) ;
#4957 = AXIS2_PLACEMENT_3D ( 'NONE', #3019, #93, #4958 ) ;
#4958 = DIRECTION ( 'NONE',  ( 0.000000000000000000, 0.000000000000000000, -1.000000000000000000 ) ) ;
#4959 = ORIENTED_EDGE ( 'NONE', *, *, #57, .T. ) ;
#4960 = LINE ( 'NONE', #3912, #5266 ) ;
#4961 = VECTOR ( 'NONE', #1095, 1000.000000000000000 ) ;
#4962 = CARTESIAN_POINT ( 'NONE',  ( 1.375000000000000000, 0.8471798001561450242, -1.300000000000000044 ) ) ;
#4963 = CARTESIAN_POINT ( 'NONE',  ( 3.549999999999999822, 2.500000000000000444, -0.9499999999999986233 ) ) ;
#4964 = ADVANCED_FACE ( 'NONE', ( #264 ), #1255, .T. ) ;
#4965 =( LENGTH_UNIT ( ) NAMED_UNIT ( * ) SI_UNIT ( .MILLI., .METRE. ) );
#4966 = VERTEX_POINT ( 'NONE', #5080 ) ;
#4967 = FACE_OUTER_BOUND ( 'NONE', #1071, .T. ) ;
#4968 = CARTESIAN_POINT ( 'NONE',  ( -4.785000000000000142, 0.2000000000000000111, 2.400000000000000355 ) ) ;
#4969 = EDGE_CURVE ( 'NONE', #3466, #5961, #6133, .T. ) ;
#4970 = EDGE_CURVE ( 'NONE', #4732, #5821, #3145, .T. ) ;
#4971 = ORIENTED_EDGE ( 'NONE', *, *, #4472, .T. ) ;
#4972 = PLANE ( 'NONE',  #1452 ) ;
#4973 = CARTESIAN_POINT ( 'NONE',  ( 4.035000000000000142, 2.299999999999999822, 0.1499999999999995226 ) ) ;
#4974 = LINE ( 'NONE', #3617, #2845 ) ;
#4975 = CARTESIAN_POINT ( 'NONE',  ( 4.234999999999999432, 2.100000000000000089, -1.349999999999998979 ) ) ;
#4976 = ORIENTED_EDGE ( 'NONE', *, *, #4862, .T. ) ;
#4977 = VECTOR ( 'NONE', #12, 1000.000000000000000 ) ;
#4978 = ORIENTED_EDGE ( 'NONE', *, *, #3531, .F. ) ;
#4979 = ORIENTED_EDGE ( 'NONE', *, *, #5393, .T. ) ;
#4980 = ORIENTED_EDGE ( 'NONE', *, *, #1884, .T. ) ;
#4981 = ORIENTED_EDGE ( 'NONE', *, *, #6201, .F. ) ;
#4982 = VECTOR ( 'NONE', #5617, 1000.000000000000000 ) ;
#4983 = DIRECTION ( 'NONE',  ( 0.000000000000000000, -1.000000000000000000, -0.000000000000000000 ) ) ;
#4984 = ORIENTED_EDGE ( 'NONE', *, *, #5120, .T. ) ;
#4985 = CARTESIAN_POINT ( 'NONE',  ( 4.035000000000000142, 0.3999999999999993006, 0.1499999999999995226 ) ) ;
#4986 = FACE_OUTER_BOUND ( 'NONE', #3810, .T. ) ;
#4987 = LINE ( 'NONE', #1727, #850 ) ;
#4988 = ORIENTED_EDGE ( 'NONE', *, *, #5179, .T. ) ;
#4989 = LINE ( 'NONE', #1693, #4453 ) ;
#4990 = EDGE_CURVE ( 'NONE', #852, #3096, #5108, .T. ) ;
#4991 = PRODUCT_DEFINITION ( 'UNKNOWN', '', #1043, #796 ) ;
#4992 = DIRECTION ( 'NONE',  ( 3.336006684570784088E-16, 0.000000000000000000, 1.000000000000000000 ) ) ;
#4993 = FILL_AREA_STYLE_COLOUR ( '', #3846 ) ;
#4994 = CARTESIAN_POINT ( 'NONE',  ( 3.549999999999999822, 2.500000000000000444, -0.9499999999999986233 ) ) ;
#4995 = SURFACE_STYLE_FILL_AREA ( #2022 ) ;
#4996 = VERTEX_POINT ( 'NONE', #2174 ) ;
#4997 = DIRECTION ( 'NONE',  ( -0.000000000000000000, -9.856383386231868688E-17, -1.000000000000000000 ) ) ;
#4998 = DIRECTION ( 'NONE',  ( -0.7235891002180049325, -0.4880670107913953060, 0.4880670107913974709 ) ) ;
#4999 = EDGE_CURVE ( 'NONE', #5505, #211, #6008, .T. ) ;
#5000 = ORIENTED_EDGE ( 'NONE', *, *, #5487, .T. ) ;
#5001 = ORIENTED_EDGE ( 'NONE', *, *, #5612, .F. ) ;
#5002 = DIRECTION ( 'NONE',  ( -2.990902544787598592E-16, -0.000000000000000000, 1.000000000000000000 ) ) ;
#5003 = DIRECTION ( 'NONE',  ( 1.000000000000000000, 0.000000000000000000, 0.000000000000000000 ) ) ;
#5004 = ADVANCED_FACE ( 'NONE', ( #397 ), #1743, .F. ) ;
#5005 = EDGE_CURVE ( 'NONE', #4208, #2583, #5569, .T. ) ;
#5006 = DIRECTION ( 'NONE',  ( 1.000000000000000000, 0.000000000000000000, -2.891205793294679312E-16 ) ) ;
#5007 = DIRECTION ( 'NONE',  ( -1.000000000000000000, 0.000000000000000000, 0.000000000000000000 ) ) ;
#5008 = PRODUCT_DEFINITION_SHAPE ( 'NONE', 'NONE',  #6209 ) ;
#5009 = EDGE_CURVE ( 'NONE', #1939, #1948, #4699, .T. ) ;
#5010 = EDGE_LOOP ( 'NONE', ( #4228, #4012, #2600, #502 ) ) ;
#5011 = VERTEX_POINT ( 'NONE', #4630 ) ;
#5012 = VERTEX_POINT ( 'NONE', #2801 ) ;
#5013 = VERTEX_POINT ( 'NONE', #2300 ) ;
#5014 = ORIENTED_EDGE ( 'NONE', *, *, #5977, .T. ) ;
#5015 = CARTESIAN_POINT ( 'NONE',  ( -3.549999999999999822, 0.000000000000000000, -0.9499999999999986233 ) ) ;
#5016 = EDGE_CURVE ( 'NONE', #500, #5721, #1710, .T. ) ;
#5017 = DIRECTION ( 'NONE',  ( -1.000000000000000000, 0.000000000000000000, 0.000000000000000000 ) ) ;
#5018 = ORIENTED_EDGE ( 'NONE', *, *, #4509, .F. ) ;
#5019 = VERTEX_POINT ( 'NONE', #1784 ) ;
#5020 = ORIENTED_EDGE ( 'NONE', *, *, #2527, .F. ) ;
#5021 = SHAPE_REPRESENTATION ( 'pin', ( #926 ), #5333 ) ;
#5022 = DIRECTION ( 'NONE',  ( 0.000000000000000000, 0.000000000000000000, -1.000000000000000000 ) ) ;
#5023 = DIRECTION ( 'NONE',  ( 0.000000000000000000, 0.7071067811865510144, 0.7071067811865441310 ) ) ;
#5024 = EDGE_LOOP ( 'NONE', ( #473, #5951, #4260, #3493 ) ) ;
#5025 = PLANE ( 'NONE',  #4954 ) ;
#5026 = VECTOR ( 'NONE', #5096, 1000.000000000000227 ) ;
#5027 = DIRECTION ( 'NONE',  ( 0.000000000000000000, -1.000000000000000000, -0.000000000000000000 ) ) ;
#5028 = DIRECTION ( 'NONE',  ( 0.000000000000000000, 0.000000000000000000, -1.000000000000000000 ) ) ;
#5029 = AXIS2_PLACEMENT_3D ( 'NONE', #284, #3229, #2690 ) ;
#5030 = DIRECTION ( 'NONE',  ( 5.965348954528222655E-17, -0.000000000000000000, 1.000000000000000000 ) ) ;
#5031 = CARTESIAN_POINT ( 'NONE',  ( 4.860000000000001208, 2.050000000000003375, 2.650000000000000355 ) ) ;
#5032 = ORIENTED_EDGE ( 'NONE', *, *, #2230, .T. ) ;
#5033 = DIRECTION ( 'NONE',  ( 0.000000000000000000, 0.5093848667045588474, -0.8605388181670706738 ) ) ;
#5034 = CARTESIAN_POINT ( 'NONE',  ( -4.035000000000001030, 9.129072045307475847, -1.149999999999999911 ) ) ;
#5035 =( GEOMETRIC_REPRESENTATION_CONTEXT ( 3 ) GLOBAL_UNCERTAINTY_ASSIGNED_CONTEXT ( ( #3210 ) ) GLOBAL_UNIT_ASSIGNED_CONTEXT ( ( #1400, #5654, #2325 ) ) REPRESENTATION_CONTEXT ( 'NONE', 'WORKASPACE' ) );
#5036 = LINE ( 'NONE', #728, #2416 ) ;
#5037 = ADVANCED_FACE ( 'NONE', ( #3711 ), #835, .T. ) ;
#5038 = PRESENTATION_LAYER_ASSIGNMENT (  '', '', ( #3453 ) ) ;
#5039 = PLANE ( 'NONE',  #2238 ) ;
#5040 = ORIENTED_EDGE ( 'NONE', *, *, #727, .F. ) ;
#5041 = CARTESIAN_POINT ( 'NONE',  ( 1.375000000000000000, 0.1250000000000000000, -1.025000000000000133 ) ) ;
#5042 = PLANE ( 'NONE',  #4555 ) ;
#5043 = FACE_OUTER_BOUND ( 'NONE', #2023, .T. ) ;
#5044 = EDGE_CURVE ( 'NONE', #5269, #6084, #4354, .T. ) ;
#5045 = CARTESIAN_POINT ( 'NONE',  ( -4.035000000000000142, 0.000000000000000000, 0.1499999999999995226 ) ) ;
#5046 = DIRECTION ( 'NONE',  ( -0.000000000000000000, -0.7071067811865460184, 0.7071067811865490160 ) ) ;
#5047 = EDGE_LOOP ( 'NONE', ( #1224, #6, #4494, #2779 ) ) ;
#5048 = ORIENTED_EDGE ( 'NONE', *, *, #14, .F. ) ;
#5049 = ORIENTED_EDGE ( 'NONE', *, *, #6083, .F. ) ;
#5050 = ORIENTED_EDGE ( 'NONE', *, *, #1951, .F. ) ;
#5051 = ADVANCED_FACE ( 'NONE', ( #490 ), #6196, .F. ) ;
#5052 = VERTEX_POINT ( 'NONE', #1912 ) ;
#5053 = EDGE_CURVE ( 'NONE', #5605, #4320, #4262, .T. ) ;
#5054 = AXIS2_PLACEMENT_3D ( 'NONE', #4418, #4038, #5890 ) ;
#5055 = CARTESIAN_POINT ( 'NONE',  ( 4.234999999999999432, 0.2000000000000000111, -1.149999999999999911 ) ) ;
#5056 = CARTESIAN_POINT ( 'NONE',  ( -4.234999999999999432, 0.3999999999999993006, -1.350000000000000089 ) ) ;
#5057 = DIRECTION ( 'NONE',  ( -0.000000000000000000, 0.000000000000000000, -1.000000000000000000 ) ) ;
#5058 = VECTOR ( 'NONE', #3892, 1000.000000000000000 ) ;
#5059 = ORIENTED_EDGE ( 'NONE', *, *, #2929, .T. ) ;
#5060 = EDGE_CURVE ( 'NONE', #4377, #5681, #1382, .T. ) ;
#5061 = AXIS2_PLACEMENT_3D ( 'NONE', #506, #419, #2327 ) ;
#5062 = PLANE ( 'NONE',  #2036 ) ;
#5063 = LINE ( 'NONE', #6020, #4867 ) ;
#5064 = VERTEX_POINT ( 'NONE', #930 ) ;
#5065 = FACE_OUTER_BOUND ( 'NONE', #83, .T. ) ;
#5066 = AXIS2_PLACEMENT_3D ( 'NONE', #4806, #1832, #1454 ) ;
#5067 = DIRECTION ( 'NONE',  ( 0.000000000000000000, -0.000000000000000000, -1.000000000000000000 ) ) ;
#5068 = AXIS2_PLACEMENT_3D ( 'NONE', #5738, #499, #5610 ) ;
#5069 = CARTESIAN_POINT ( 'NONE',  ( 3.835000000000000853, 2.299999999999999822, -1.149999999999999911 ) ) ;
#5070 = VECTOR ( 'NONE', #5338, 1000.000000000000000 ) ;
#5071 = CARTESIAN_POINT ( 'NONE',  ( 1.625000000000000000, 0.3499999999999999778, -2.027389581993169987 ) ) ;
#5072 = LINE ( 'NONE', #1246, #813 ) ;
#5073 = VERTEX_POINT ( 'NONE', #2900 ) ;
#5074 = CIRCLE ( 'NONE', #3876, 0.1999999999999990119 ) ;
#5075 = FACE_OUTER_BOUND ( 'NONE', #4449, .T. ) ;
#5076 = DIRECTION ( 'NONE',  ( 1.000000000000000000, 0.000000000000000000, 0.000000000000000000 ) ) ;
#5077 = UNCERTAINTY_MEASURE_WITH_UNIT (LENGTH_MEASURE( 1.000000000000000082E-05 ), #4965, 'distance_accuracy_value', 'NONE');
#5078 = FACE_OUTER_BOUND ( 'NONE', #5611, .T. ) ;
#5079 = ORIENTED_EDGE ( 'NONE', *, *, #4201, .F. ) ;
#5080 = CARTESIAN_POINT ( 'NONE',  ( 6.500000000000001776, 2.479999999999999982, 2.650000000000000355 ) ) ;
#5081 = LINE ( 'NONE', #4631, #5560 ) ;
#5082 = PLANE ( 'NONE',  #4782 ) ;
#5083 = EDGE_CURVE ( 'NONE', #3151, #3620, #2399, .T. ) ;
#5084 = DIRECTION ( 'NONE',  ( 0.000000000000000000, -1.000000000000000000, -0.000000000000000000 ) ) ;
#5085 = ORIENTED_EDGE ( 'NONE', *, *, #1986, .F. ) ;
#5086 = ORIENTED_EDGE ( 'NONE', *, *, #5396, .F. ) ;
#5087 = ORIENTED_EDGE ( 'NONE', *, *, #596, .T. ) ;
#5088 = DIRECTION ( 'NONE',  ( -1.000000000000000000, 0.000000000000000000, 0.000000000000000000 ) ) ;
#5089 = DIRECTION ( 'NONE',  ( 0.3420201433256684354, 6.013280796121514840E-17, 0.9396926207859085389 ) ) ;
#5090 = ORIENTED_EDGE ( 'NONE', *, *, #2439, .T. ) ;
#5091 = CARTESIAN_POINT ( 'NONE',  ( -5.760000000000000675, 2.049999999999999822, -0.9500000000000000666 ) ) ;
#5092 = LINE ( 'NONE', #783, #4659 ) ;
#5093 = ORIENTED_EDGE ( 'NONE', *, *, #5517, .F. ) ;
#5094 = CARTESIAN_POINT ( 'NONE',  ( -5.535000000000000142, 2.049999999999999822, 1.531341625576287724 ) ) ;
#5095 = EDGE_CURVE ( 'NONE', #3184, #2826, #6168, .T. ) ;
#5096 = DIRECTION ( 'NONE',  ( 0.4226182617406998854, 0.000000000000000000, 0.9063077870366497146 ) ) ;
#5097 = ADVANCED_FACE ( 'NONE', ( #50 ), #460, .T. ) ;
#5098 = EDGE_CURVE ( 'NONE', #742, #3555, #4764, .T. ) ;
#5099 =( LENGTH_UNIT ( ) NAMED_UNIT ( * ) SI_UNIT ( .MILLI., .METRE. ) );
#5100 = LINE ( 'NONE', #1837, #3989 ) ;
#5101 = DIRECTION ( 'NONE',  ( -1.000000000000000000, 0.000000000000000000, 0.000000000000000000 ) ) ;
#5102 = PLANE ( 'NONE',  #1117 ) ;
#5103 = VERTEX_POINT ( 'NONE', #1887 ) ;
#5104 = CARTESIAN_POINT ( 'NONE',  ( 4.234999999999999432, 0.3999999999999993006, -1.149999999999999911 ) ) ;
#5105 = LINE ( 'NONE', #3707, #356 ) ;
#5106 = VERTEX_POINT ( 'NONE', #3312 ) ;
#5107 = LINE ( 'NONE', #262, #4452 ) ;
#5108 = LINE ( 'NONE', #4197, #5651 ) ;
#5109 = DIRECTION ( 'NONE',  ( 0.000000000000000000, -1.000000000000000000, 0.000000000000000000 ) ) ;
#5110 = LINE ( 'NONE', #3214, #2571 ) ;
#5111 = CARTESIAN_POINT ( 'NONE',  ( 1.188476936738000589, 2.500000000000000444, -1.350000000000000533 ) ) ;
#5112 = CARTESIAN_POINT ( 'NONE',  ( -4.035000000000000142, 2.500000000000000000, 0.9000000000000003553 ) ) ;
#5113 = ORIENTED_EDGE ( 'NONE', *, *, #1868, .F. ) ;
#5114 = ORIENTED_EDGE ( 'NONE', *, *, #3450, .T. ) ;
#5115 = VERTEX_POINT ( 'NONE', #4291 ) ;
#5116 = EDGE_CURVE ( 'NONE', #2308, #2694, #2374, .T. ) ;
#5117 = LINE ( 'NONE', #5149, #1725 ) ;
#5118 = ORIENTED_EDGE ( 'NONE', *, *, #4783, .T. ) ;
#5119 = CONICAL_SURFACE ( 'NONE', #2018, 0.2000000000000013989, 0.7853981633974533860 ) ;
#5120 = EDGE_CURVE ( 'NONE', #4770, #2064, #3394, .T. ) ;
#5121 = ORIENTED_EDGE ( 'NONE', *, *, #4588, .F. ) ;
#5122 = FACE_OUTER_BOUND ( 'NONE', #2306, .T. ) ;
#5123 = ORIENTED_EDGE ( 'NONE', *, *, #6154, .T. ) ;
#5124 = DIRECTION ( 'NONE',  ( 0.000000000000000000, -0.7071067811865489050, -0.7071067811865462405 ) ) ;
#5125 = EDGE_CURVE ( 'NONE', #2188, #3621, #5726, .T. ) ;
#5126 = DIRECTION ( 'NONE',  ( -0.000000000000000000, -1.000000000000000000, -0.000000000000000000 ) ) ;
#5127 = EDGE_CURVE ( 'NONE', #5474, #4966, #5697, .T. ) ;
#5128 = DIRECTION ( 'NONE',  ( -1.000000000000000000, 0.000000000000000000, 0.000000000000000000 ) ) ;
#5129 =( NAMED_UNIT ( * ) SI_UNIT ( $, .STERADIAN. ) SOLID_ANGLE_UNIT ( ) );
#5130 = ORIENTED_EDGE ( 'NONE', *, *, #4862, .F. ) ;
#5131 = ADVANCED_FACE ( 'NONE', ( #5229 ), #2934, .F. ) ;
#5132 = LINE ( 'NONE', #1701, #4653 ) ;
#5133 = FACE_OUTER_BOUND ( 'NONE', #5725, .T. ) ;
#5134 = AXIS2_PLACEMENT_3D ( 'NONE', #5406, #3980, #2053 ) ;
#5135 = EDGE_CURVE ( 'NONE', #2829, #500, #2243, .T. ) ;
#5136 = CARTESIAN_POINT ( 'NONE',  ( -5.935000000000000497, 0.2000000000000000111, -0.9000000000000001332 ) ) ;
#5137 = ORIENTED_EDGE ( 'NONE', *, *, #2446, .T. ) ;
#5138 = DIRECTION ( 'NONE',  ( 0.000000000000000000, 0.000000000000000000, -1.000000000000000000 ) ) ;
#5139 = CARTESIAN_POINT ( 'NONE',  ( -1.624999999999999334, 0.2000000000000000944, -0.9499999999999992895 ) ) ;
#5140 = FACE_OUTER_BOUND ( 'NONE', #3780, .T. ) ;
#5141 = AXIS2_PLACEMENT_3D ( 'NONE', #4216, #5191, #4748 ) ;
#5142 = FACE_OUTER_BOUND ( 'NONE', #5544, .T. ) ;
#5143 = DIRECTION ( 'NONE',  ( 1.000000000000000000, 0.000000000000000000, -5.965348954528222655E-17 ) ) ;
#5144 = LINE ( 'NONE', #4602, #759 ) ;
#5145 = ORIENTED_EDGE ( 'NONE', *, *, #66, .T. ) ;
#5146 = ORIENTED_EDGE ( 'NONE', *, *, #3837, .F. ) ;
#5147 = ORIENTED_EDGE ( 'NONE', *, *, #4661, .F. ) ;
#5148 = ORIENTED_EDGE ( 'NONE', *, *, #785, .F. ) ;
#5149 = CARTESIAN_POINT ( 'NONE',  ( 3.549999999999999822, 1.299999999999999156, 2.650000000000000799 ) ) ;
#5150 = VERTEX_POINT ( 'NONE', #553 ) ;
#5151 = EDGE_LOOP ( 'NONE', ( #369, #3071, #243, #1296 ) ) ;
#5152 = DIRECTION ( 'NONE',  ( -1.000000000000000000, 0.000000000000000000, 0.000000000000000000 ) ) ;
#5153 = ORIENTED_EDGE ( 'NONE', *, *, #5540, .F. ) ;
#5154 = CARTESIAN_POINT ( 'NONE',  ( 4.199999999999993960, 0.1799999999999926659, 6.049999999999998934 ) ) ;
#5155 = VECTOR ( 'NONE', #5851, 1000.000000000000114 ) ;
#5156 = AXIS2_PLACEMENT_3D ( 'NONE', #3849, #5619, #3263 ) ;
#5157 = LINE ( 'NONE', #6121, #1792 ) ;
#5158 = EDGE_CURVE ( 'NONE', #1584, #1588, #2432, .T. ) ;
#5159 = CIRCLE ( 'NONE', #2449, 0.1999999999999990119 ) ;
#5160 = CARTESIAN_POINT ( 'NONE',  ( -4.785000000000000142, 0.2000000000000000111, 2.400000000000000355 ) ) ;
#5161 = CARTESIAN_POINT ( 'NONE',  ( -4.860000000000001208, 2.250000000000000000, 2.650000000000000355 ) ) ;
#5162 = ORIENTED_EDGE ( 'NONE', *, *, #2402, .T. ) ;
#5163 = DIRECTION ( 'NONE',  ( -8.898577864680272081E-17, -0.7071067811865461294, 0.7071067811865490160 ) ) ;
#5164 = CARTESIAN_POINT ( 'NONE',  ( 4.234999999999999432, 2.100000000000000089, -1.350000000000000089 ) ) ;
#5165 = VECTOR ( 'NONE', #2442, 1000.000000000000000 ) ;
#5166 = ADVANCED_FACE ( 'NONE', ( #2467 ), #5799, .F. ) ;
#5167 = VECTOR ( 'NONE', #2955, 1000.000000000000227 ) ;
#5168 = LINE ( 'NONE', #1967, #4789 ) ;
#5169 = ORIENTED_EDGE ( 'NONE', *, *, #5702, .T. ) ;
#5170 = VECTOR ( 'NONE', #554, 1000.000000000000114 ) ;
#5171 = LINE ( 'NONE', #1816, #2983 ) ;
#5172 = ORIENTED_EDGE ( 'NONE', *, *, #1790, .T. ) ;
#5173 = CARTESIAN_POINT ( 'NONE',  ( 4.035000000000000142, 2.299999999999999822, 0.1499999999999995226 ) ) ;
#5174 = PLANE ( 'NONE',  #1160 ) ;
#5175 = DIRECTION ( 'NONE',  ( 0.000000000000000000, -9.856383386231869920E-17, -1.000000000000000000 ) ) ;
#5176 = DIRECTION ( 'NONE',  ( -0.000000000000000000, -1.000000000000000000, -0.000000000000000000 ) ) ;
#5177 = EDGE_CURVE ( 'NONE', #3891, #879, #690, .T. ) ;
#5178 = VECTOR ( 'NONE', #1933, 1000.000000000000000 ) ;
#5179 = EDGE_CURVE ( 'NONE', #5659, #1719, #667, .T. ) ;
#5180 = EDGE_CURVE ( 'NONE', #868, #2735, #226, .T. ) ;
#5181 = EDGE_LOOP ( 'NONE', ( #2630, #1109, #4064, #1080 ) ) ;
#5182 = ORIENTED_EDGE ( 'NONE', *, *, #3307, .T. ) ;
#5183 = ORIENTED_EDGE ( 'NONE', *, *, #3984, .T. ) ;
#5184 = AXIS2_PLACEMENT_3D ( 'NONE', #368, #5084, #2245 ) ;
#5185 = ORIENTED_EDGE ( 'NONE', *, *, #949, .T. ) ;
#5186 = LINE ( 'NONE', #438, #2569 ) ;
#5187 = ORIENTED_EDGE ( 'NONE', *, *, #5463, .T. ) ;
#5188 = ORIENTED_EDGE ( 'NONE', *, *, #3117, .F. ) ;
#5189 = CARTESIAN_POINT ( 'NONE',  ( 0.000000000000000000, 0.2000000000000000111, -1.350000000000000089 ) ) ;
#5190 = DIRECTION ( 'NONE',  ( 0.000000000000000000, 0.000000000000000000, 1.000000000000000000 ) ) ;
#5191 = DIRECTION ( 'NONE',  ( 0.000000000000000000, 0.000000000000000000, 1.000000000000000000 ) ) ;
#5192 = DIRECTION ( 'NONE',  ( 0.000000000000000000, 0.000000000000000000, 1.000000000000000000 ) ) ;
#5193 = ADVANCED_FACE ( 'NONE', ( #4967 ), #583, .T. ) ;
#5194 = LINE ( 'NONE', #3792, #4548 ) ;
#5195 = CARTESIAN_POINT ( 'NONE',  ( 1.375000000000000000, 0.1250000000000000000, -1.025000000000000133 ) ) ;
#5196 = ORIENTED_EDGE ( 'NONE', *, *, #5580, .T. ) ;
#5197 = DIRECTION ( 'NONE',  ( 1.000000000000000000, -1.758165685111629112E-16, 0.000000000000000000 ) ) ;
#5198 = CARTESIAN_POINT ( 'NONE',  ( 0.000000000000000000, 0.2499999999999997780, 0.000000000000000000 ) ) ;
#5199 = PLANE ( 'NONE',  #380 ) ;
#5200 = EDGE_CURVE ( 'NONE', #5576, #4203, #3947, .T. ) ;
#5201 = FACE_OUTER_BOUND ( 'NONE', #5857, .T. ) ;
#5202 = DIRECTION ( 'NONE',  ( 0.7071067811865489050, -0.7071067811865462405, -0.000000000000000000 ) ) ;
#5203 = ORIENTED_EDGE ( 'NONE', *, *, #5781, .F. ) ;
#5204 = CARTESIAN_POINT ( 'NONE',  ( 0.000000000000000000, 0.2000000000000000111, 0.000000000000000000 ) ) ;
#5205 = DIRECTION ( 'NONE',  ( 0.000000000000000000, -1.000000000000000000, -0.000000000000000000 ) ) ;
#5206 = CARTESIAN_POINT ( 'NONE',  ( -4.535000000000000142, 0.2000000000000000111, 2.650000000000000355 ) ) ;
#5207 = VERTEX_POINT ( 'NONE', #4912 ) ;
#5208 = ORIENTED_EDGE ( 'NONE', *, *, #1421, .F. ) ;
#5209 = ORIENTED_EDGE ( 'NONE', *, *, #5098, .F. ) ;
#5210 = ADVANCED_FACE ( 'NONE', ( #2498 ), #4002, .T. ) ;
#5211 = EDGE_CURVE ( 'NONE', #2680, #5013, #3452, .T. ) ;
#5212 = EDGE_CURVE ( 'NONE', #6114, #1622, #1527, .T. ) ;
#5213 = ORIENTED_EDGE ( 'NONE', *, *, #1949, .F. ) ;
#5214 = DIRECTION ( 'NONE',  ( 1.000000000000000000, 0.000000000000000000, 0.000000000000000000 ) ) ;
#5215 = ORIENTED_EDGE ( 'NONE', *, *, #1796, .F. ) ;
#5216 = EDGE_CURVE ( 'NONE', #5827, #409, #3487, .T. ) ;
#5217 = CARTESIAN_POINT ( 'NONE',  ( 1.625000000000000000, 0.5627714910575180030, -1.723744783245070078 ) ) ;
#5218 = LINE ( 'NONE', #3845, #2722 ) ;
#5219 = DIRECTION ( 'NONE',  ( 0.7071067811865474617, 0.000000000000000000, 0.7071067811865474617 ) ) ;
#5220 = DIRECTION ( 'NONE',  ( 0.000000000000000000, 0.000000000000000000, 1.000000000000000000 ) ) ;
#5221 = ORIENTED_EDGE ( 'NONE', *, *, #314, .T. ) ;
#5222 = DIRECTION ( 'NONE',  ( -1.000000000000000000, 0.000000000000000000, 0.000000000000000000 ) ) ;
#5223 = DIRECTION ( 'NONE',  ( 0.000000000000000000, -1.000000000000000000, 0.000000000000000000 ) ) ;
#5224 = LINE ( 'NONE', #5288, #311 ) ;
#5225 = ORIENTED_EDGE ( 'NONE', *, *, #2333, .T. ) ;
#5226 = VECTOR ( 'NONE', #161, 1000.000000000000114 ) ;
#5227 = FACE_OUTER_BOUND ( 'NONE', #639, .T. ) ;
#5228 = EDGE_LOOP ( 'NONE', ( #3994, #5894, #5806, #2178, #1341, #153, #5469, #3451, #3062, #2683, #2565, #4537, #4479, #1032, #62 ) ) ;
#5229 = FACE_OUTER_BOUND ( 'NONE', #1299, .T. ) ;
#5230 = DIRECTION ( 'NONE',  ( 1.000000000000000000, 0.000000000000000000, -0.000000000000000000 ) ) ;
#5231 = LINE ( 'NONE', #1530, #3838 ) ;
#5232 = CARTESIAN_POINT ( 'NONE',  ( -4.035000000000000142, 0.2000000000000000111, -1.300000000000000266 ) ) ;
#5233 = AXIS2_PLACEMENT_3D ( 'NONE', #4615, #5552, #856 ) ;
#5234 = LINE ( 'NONE', #1385, #1615 ) ;
#5235 = ORIENTED_EDGE ( 'NONE', *, *, #2054, .F. ) ;
#5236 = ORIENTED_EDGE ( 'NONE', *, *, #3098, .T. ) ;
#5237 = ORIENTED_EDGE ( 'NONE', *, *, #65, .F. ) ;
#5238 = ORIENTED_EDGE ( 'NONE', *, *, #2419, .F. ) ;
#5239 = CARTESIAN_POINT ( 'NONE',  ( -1.374999999999999556, 2.500000000000000444, -0.9499999999999992895 ) ) ;
#5240 = ORIENTED_EDGE ( 'NONE', *, *, #4607, .F. ) ;
#5241 = DIRECTION ( 'NONE',  ( -1.000000000000000000, 0.000000000000000000, 0.000000000000000000 ) ) ;
#5242 = EDGE_CURVE ( 'NONE', #1508, #1815, #3026, .T. ) ;
#5243 = EDGE_LOOP ( 'NONE', ( #448, #5833, #587, #4629 ) ) ;
#5244 = ORIENTED_EDGE ( 'NONE', *, *, #3551, .F. ) ;
#5245 = DIRECTION ( 'NONE',  ( -1.000000000000000000, -0.000000000000000000, 5.965348954528222655E-17 ) ) ;
#5246 = DIRECTION ( 'NONE',  ( 0.000000000000000000, 1.000000000000000000, 0.000000000000000000 ) ) ;
#5247 = ADVANCED_FACE ( 'NONE', ( #3544 ), #4413, .F. ) ;
#5248 = EDGE_CURVE ( 'NONE', #402, #3126, #105, .T. ) ;
#5249 = ORIENTED_EDGE ( 'NONE', *, *, #1808, .F. ) ;
#5250 = CONTEXT_DEPENDENT_SHAPE_REPRESENTATION ( #6182, #2720 ) ;
#5251 = DIRECTION ( 'NONE',  ( 0.000000000000000000, -1.000000000000000000, 0.000000000000000000 ) ) ;
#5252 = CARTESIAN_POINT ( 'NONE',  ( -3.751510572522863018, 0.8172809090333617021, 3.267280909033359659 ) ) ;
#5253 = VERTEX_POINT ( 'NONE', #610 ) ;
#5254 = VECTOR ( 'NONE', #435, 1000.000000000000000 ) ;
#5255 = CARTESIAN_POINT ( 'NONE',  ( 4.035000000000000142, 0.3999999999999993006, -1.149999999999999911 ) ) ;
#5256 = LINE ( 'NONE', #3887, #2781 ) ;
#5257 = LINE ( 'NONE', #958, #1988 ) ;
#5258 = VERTEX_POINT ( 'NONE', #1610 ) ;
#5259 = CARTESIAN_POINT ( 'NONE',  ( -3.549999999999999822, 0.2000000000000000111, -1.149999999999999911 ) ) ;
#5260 = VECTOR ( 'NONE', #997, 1000.000000000000000 ) ;
#5261 = CARTESIAN_POINT ( 'NONE',  ( 4.035000000000000142, 2.299999999999999822, -0.8999999999999998002 ) ) ;
#5262 = ORIENTED_EDGE ( 'NONE', *, *, #2591, .F. ) ;
#5263 = VECTOR ( 'NONE', #4788, 1000.000000000000000 ) ;
#5264 = DIRECTION ( 'NONE',  ( -1.000000000000000000, 0.000000000000000000, -1.221636250687892480E-16 ) ) ;
#5265 = PLANE ( 'NONE',  #1965 ) ;
#5266 = VECTOR ( 'NONE', #5875, 1000.000000000000000 ) ;
#5267 = DIRECTION ( 'NONE',  ( -1.000000000000000000, 0.000000000000000000, 2.891205793294679312E-16 ) ) ;
#5268 = VECTOR ( 'NONE', #4488, 1000.000000000000000 ) ;
#5269 = VERTEX_POINT ( 'NONE', #2526 ) ;
#5270 = PLANE ( 'NONE',  #3862 ) ;
#5271 = EDGE_CURVE ( 'NONE', #3184, #5073, #3113, .T. ) ;
#5272 = CARTESIAN_POINT ( 'NONE',  ( 4.860000000000001208, 0.2499999999999997780, 2.650000000000000355 ) ) ;
#5273 = AXIS2_PLACEMENT_3D ( 'NONE', #4230, #5570, #1289 ) ;
#5274 = ORIENTED_EDGE ( 'NONE', *, *, #436, .F. ) ;
#5275 = EDGE_LOOP ( 'NONE', ( #4205, #2734, #3872, #1416 ) ) ;
#5276 = VECTOR ( 'NONE', #4278, 1000.000000000000000 ) ;
#5277 = ORIENTED_EDGE ( 'NONE', *, *, #2402, .F. ) ;
#5278 = PLANE ( 'NONE',  #3874 ) ;
#5279 = AXIS2_PLACEMENT_3D ( 'NONE', #1863, #3786, #909 ) ;
#5280 = APPLICATION_PROTOCOL_DEFINITION ( 'draft international standard', 'automotive_design', 1998, #3632 ) ;
#5281 = VECTOR ( 'NONE', #3354, 1000.000000000000000 ) ;
#5282 = CARTESIAN_POINT ( 'NONE',  ( -3.699999999999999289, 1.300000000000000044, -4.244925670375280014 ) ) ;
#5283 = FACE_OUTER_BOUND ( 'NONE', #3043, .T. ) ;
#5284 = VERTEX_POINT ( 'NONE', #4441 ) ;
#5285 = EDGE_CURVE ( 'NONE', #540, #4416, #136, .T. ) ;
#5286 = DIRECTION ( 'NONE',  ( -1.243210878391927782E-16, -0.7071067811865490160, 0.7071067811865460184 ) ) ;
#5287 = FACE_OUTER_BOUND ( 'NONE', #5010, .T. ) ;
#5288 = CARTESIAN_POINT ( 'NONE',  ( -1.493287592141009146, 2.299999999999999822, -0.6963314400431918072 ) ) ;
#5289 = ORIENTED_EDGE ( 'NONE', *, *, #86, .T. ) ;
#5290 = CARTESIAN_POINT ( 'NONE',  ( 1.625000000000000000, 0.000000000000000000, -2.799999999999999822 ) ) ;
#5291 = PLANE ( 'NONE',  #4246 ) ;
#5292 = ORIENTED_EDGE ( 'NONE', *, *, #4824, .T. ) ;
#5293 = VECTOR ( 'NONE', #3014, 1000.000000000000000 ) ;
#5294 = CARTESIAN_POINT ( 'NONE',  ( -4.785000000000000142, 2.299999999999999822, 2.400000000000000355 ) ) ;
#5295 = CARTESIAN_POINT ( 'NONE',  ( -4.234999999999999432, 2.299999999999999822, -1.149999999999999467 ) ) ;
#5296 = PLANE ( 'NONE',  #1230 ) ;
#5297 = CARTESIAN_POINT ( 'NONE',  ( -5.935000000000000497, 2.299999999999999822, 0.8999999999999999112 ) ) ;
#5298 = EDGE_LOOP ( 'NONE', ( #2057, #3423, #2438, #5014 ) ) ;
#5299 = ORIENTED_EDGE ( 'NONE', *, *, #1914, .F. ) ;
#5300 = CARTESIAN_POINT ( 'NONE',  ( -4.785000000000000142, 0.4500000000000007327, 2.400000000000000799 ) ) ;
#5301 = DIRECTION ( 'NONE',  ( 0.000000000000000000, 1.403297376292845919E-16, -1.000000000000000000 ) ) ;
#5302 = ORIENTED_EDGE ( 'NONE', *, *, #1487, .T. ) ;
#5303 = EDGE_CURVE ( 'NONE', #1699, #2028, #3052, .T. ) ;
#5304 = ORIENTED_EDGE ( 'NONE', *, *, #472, .T. ) ;
#5305 = DIRECTION ( 'NONE',  ( -1.000000000000000000, 0.000000000000000000, 0.000000000000000000 ) ) ;
#5306 = UNCERTAINTY_MEASURE_WITH_UNIT (LENGTH_MEASURE( 1.000000000000000082E-05 ), #155, 'distance_accuracy_value', 'NONE');
#5307 = PLANE ( 'NONE',  #803 ) ;
#5308 = ADVANCED_FACE ( 'NONE', ( #4468 ), #2077, .F. ) ;
#5309 = DIRECTION ( 'NONE',  ( 0.000000000000000000, 0.000000000000000000, 1.000000000000000000 ) ) ;
#5310 = CARTESIAN_POINT ( 'NONE',  ( 4.035000000000000142, 2.100000000000000089, 0.1499999999999995226 ) ) ;
#5311 = EDGE_LOOP ( 'NONE', ( #465, #5960, #3112, #940 ) ) ;
#5312 = DIRECTION ( 'NONE',  ( -1.000000000000000000, 1.258448950206388160E-16, 0.000000000000000000 ) ) ;
#5313 = DIRECTION ( 'NONE',  ( 0.000000000000000000, -1.000000000000000000, -0.000000000000000000 ) ) ;
#5314 = FACE_OUTER_BOUND ( 'NONE', #4451, .T. ) ;
#5315 = ORIENTED_EDGE ( 'NONE', *, *, #4287, .T. ) ;
#5316 = DIRECTION ( 'NONE',  ( 1.000000000000000000, 0.000000000000000000, -5.965348954528222655E-17 ) ) ;
#5317 = EDGE_CURVE ( 'NONE', #217, #5827, #5937, .T. ) ;
#5318 = DIRECTION ( 'NONE',  ( 1.000000000000000000, 0.000000000000000000, 0.000000000000000000 ) ) ;
#5319 = EDGE_CURVE ( 'NONE', #217, #2150, #3608, .T. ) ;
#5320 = ORIENTED_EDGE ( 'NONE', *, *, #3221, .T. ) ;
#5321 = DIRECTION ( 'NONE',  ( 0.000000000000000000, 0.000000000000000000, 1.000000000000000000 ) ) ;
#5322 = DIRECTION ( 'NONE',  ( -1.000000000000000000, 0.000000000000000000, 0.000000000000000000 ) ) ;
#5323 = LINE ( 'NONE', #3455, #5923 ) ;
#5324 = ADVANCED_FACE ( 'NONE', ( #1777 ), #3139, .T. ) ;
#5325 = ORIENTED_EDGE ( 'NONE', *, *, #3873, .T. ) ;
#5326 = EDGE_CURVE ( 'NONE', #4803, #5742, #5492, .T. ) ;
#5327 = ORIENTED_EDGE ( 'NONE', *, *, #1067, .T. ) ;
#5328 = DIRECTION ( 'NONE',  ( 0.000000000000000000, 1.000000000000000000, 0.000000000000000000 ) ) ;
#5329 = LINE ( 'NONE', #468, #341 ) ;
#5330 = ORIENTED_EDGE ( 'NONE', *, *, #4400, .F. ) ;
#5331 = VECTOR ( 'NONE', #4428, 1000.000000000000227 ) ;
#5332 = CARTESIAN_POINT ( 'NONE',  ( 4.035000000000000142, 2.299999999999999822, -1.300000000000000266 ) ) ;
#5333 =( GEOMETRIC_REPRESENTATION_CONTEXT ( 3 ) GLOBAL_UNCERTAINTY_ASSIGNED_CONTEXT ( ( #5077 ) ) GLOBAL_UNIT_ASSIGNED_CONTEXT ( ( #4965, #4464, #3604 ) ) REPRESENTATION_CONTEXT ( 'NONE', 'WORKASPACE' ) );
#5334 = VECTOR ( 'NONE', #1460, 1000.000000000000000 ) ;
#5335 = CARTESIAN_POINT ( 'NONE',  ( 5.760000000000000675, 2.049999999999999822, -0.9500000000000000666 ) ) ;
#5336 = ORIENTED_EDGE ( 'NONE', *, *, #2126, .T. ) ;
#5337 = CIRCLE ( 'NONE', #1846, 0.2000000000000005107 ) ;
#5338 = DIRECTION ( 'NONE',  ( 0.000000000000000000, 0.000000000000000000, 1.000000000000000000 ) ) ;
#5339 = DIRECTION ( 'NONE',  ( 0.000000000000000000, -1.000000000000000000, -0.000000000000000000 ) ) ;
#5340 = EDGE_LOOP ( 'NONE', ( #3318, #5114, #1315 ) ) ;
#5341 = LINE ( 'NONE', #4090, #2552 ) ;
#5342 = CARTESIAN_POINT ( 'NONE',  ( -4.035000000000000142, 0.2000000000000000111, -0.8999999999999998002 ) ) ;
#5343 = AXIS2_PLACEMENT_3D ( 'NONE', #5907, #5935, #1608 ) ;
#5344 = EDGE_CURVE ( 'NONE', #4889, #5595, #1674, .T. ) ;
#5345 = LINE ( 'NONE', #131, #3251 ) ;
#5346 = CARTESIAN_POINT ( 'NONE',  ( -4.235000000000002096, 0.2000000000000000111, 0.1499999999999995226 ) ) ;
#5347 = DIRECTION ( 'NONE',  ( -3.336006684570784088E-16, 0.000000000000000000, 1.000000000000000000 ) ) ;
#5348 = AXIS2_PLACEMENT_3D ( 'NONE', #3992, #3069, #1513 ) ;
#5349 = CARTESIAN_POINT ( 'NONE',  ( -6.299999999999999822, 2.279999999999998472, 3.950000000000001954 ) ) ;
#5350 = ORIENTED_EDGE ( 'NONE', *, *, #3465, .F. ) ;
#5351 = CARTESIAN_POINT ( 'NONE',  ( -5.535000000000000142, 0.2000000000000000111, -1.149999999999999911 ) ) ;
#5352 = CARTESIAN_POINT ( 'NONE',  ( 2.188476936738000589, 0.2000000000000005107, -1.350000000000000533 ) ) ;
#5353 = STYLED_ITEM ( 'NONE', ( #723 ), #2475 ) ;
#5354 = VECTOR ( 'NONE', #2051, 1000.000000000000000 ) ;
#5355 = ORIENTED_EDGE ( 'NONE', *, *, #14, .T. ) ;
#5356 = AXIS2_PLACEMENT_3D ( 'NONE', #985, #5690, #3349 ) ;
#5357 = VERTEX_POINT ( 'NONE', #6068 ) ;
#5358 = LINE ( 'NONE', #2441, #2341 ) ;
#5359 = AXIS2_PLACEMENT_3D ( 'NONE', #5586, #5124, #4182 ) ;
#5360 = LINE ( 'NONE', #2410, #2556 ) ;
#5361 = EDGE_CURVE ( 'NONE', #5106, #1962, #4621, .T. ) ;
#5362 = PLANE ( 'NONE',  #471 ) ;
#5363 = PLANE ( 'NONE',  #3085 ) ;
#5364 = AXIS2_PLACEMENT_3D ( 'NONE', #5891, #3119, #1157 ) ;
#5365 =( GEOMETRIC_REPRESENTATION_CONTEXT ( 3 ) GLOBAL_UNCERTAINTY_ASSIGNED_CONTEXT ( ( #5306 ) ) GLOBAL_UNIT_ASSIGNED_CONTEXT ( ( #155, #5901, #181 ) ) REPRESENTATION_CONTEXT ( 'NONE', 'WORKASPACE' ) );
#5366 = EDGE_LOOP ( 'NONE', ( #3197, #1795, #1767, #4780 ) ) ;
#5367 = ORIENTED_EDGE ( 'NONE', *, *, #1656, .T. ) ;
#5368 = VERTEX_POINT ( 'NONE', #6000 ) ;
#5369 = AXIS2_PLACEMENT_3D ( 'NONE', #4003, #5431, #1150 ) ;
#5370 = CARTESIAN_POINT ( 'NONE',  ( 1.375000000000000000, 0.1610173276348189908, -1.708107021321285224 ) ) ;
#5371 = CARTESIAN_POINT ( 'NONE',  ( -3.549999999999999822, 0.8000000000000000444, 0.1499999999999995226 ) ) ;
#5372 = CARTESIAN_POINT ( 'NONE',  ( 1.625000000000000000, 1.844217003719184955, -1.300000000000000044 ) ) ;
#5373 = ORIENTED_EDGE ( 'NONE', *, *, #2356, .F. ) ;
#5374 = CARTESIAN_POINT ( 'NONE',  ( 4.035000000000000142, 2.299999999999999822, 0.9000000000000003553 ) ) ;
#5375 = CARTESIAN_POINT ( 'NONE',  ( -5.535000000000000142, 2.100000000000000089, -1.350000000000000089 ) ) ;
#5376 = CARTESIAN_POINT ( 'NONE',  ( 4.000000000000000000, 0.1799999999999997713, 3.950000000000001954 ) ) ;
#5377 = EDGE_CURVE ( 'NONE', #4118, #770, #3637, .T. ) ;
#5378 = DIRECTION ( 'NONE',  ( -1.000000000000000000, 0.000000000000000000, 0.000000000000000000 ) ) ;
#5379 = DIRECTION ( 'NONE',  ( 0.4226182617406998854, 0.000000000000000000, -0.9063077870366497146 ) ) ;
#5380 = ORIENTED_EDGE ( 'NONE', *, *, #5319, .T. ) ;
#5381 = CARTESIAN_POINT ( 'NONE',  ( 4.785000000000000142, 9.129072045307475847, 1.531341625576287502 ) ) ;
#5382 = DIRECTION ( 'NONE',  ( 0.000000000000000000, -1.000000000000000000, -0.000000000000000000 ) ) ;
#5383 = EDGE_CURVE ( 'NONE', #4715, #2380, #1285, .T. ) ;
#5384 = VECTOR ( 'NONE', #3741, 1000.000000000000000 ) ;
#5385 = LINE ( 'NONE', #643, #5626 ) ;
#5386 = ORIENTED_EDGE ( 'NONE', *, *, #4543, .F. ) ;
#5387 = CARTESIAN_POINT ( 'NONE',  ( -4.535000000000000142, 2.049999999999999822, 2.650000000000001688 ) ) ;
#5388 = CARTESIAN_POINT ( 'NONE',  ( -4.035000000000000142, 0.2000000000000000111, -1.300000000000000266 ) ) ;
#5389 = EDGE_CURVE ( 'NONE', #4768, #3677, #4656, .T. ) ;
#5390 = LINE ( 'NONE', #4866, #1169 ) ;
#5391 = DIRECTION ( 'NONE',  ( 1.000000000000000000, 0.000000000000000000, 0.000000000000000000 ) ) ;
#5392 = EDGE_CURVE ( 'NONE', #3040, #3824, #3234, .T. ) ;
#5393 = EDGE_CURVE ( 'NONE', #3034, #4794, #5132, .T. ) ;
#5394 = ORIENTED_EDGE ( 'NONE', *, *, #2170, .F. ) ;
#5395 = DIRECTION ( 'NONE',  ( -0.7071067811865489050, -6.455972280772087206E-16, -0.7071067811865461294 ) ) ;
#5396 = EDGE_CURVE ( 'NONE', #4189, #2829, #3706, .T. ) ;
#5397 = SURFACE_SIDE_STYLE ('',( #3508 ) ) ;
#5398 = DIRECTION ( 'NONE',  ( 6.672013369141568175E-16, 0.000000000000000000, -1.000000000000000000 ) ) ;
#5399 = ORIENTED_EDGE ( 'NONE', *, *, #4209, .F. ) ;
#5400 = DIRECTION ( 'NONE',  ( -1.000000000000000000, -0.000000000000000000, 5.965348954528222655E-17 ) ) ;
#5401 = CARTESIAN_POINT ( 'NONE',  ( -2.188476936737999257, 0.2000000000000005107, -1.350000000000000533 ) ) ;
#5402 = PLANE ( 'NONE',  #5940 ) ;
#5403 = ORIENTED_EDGE ( 'NONE', *, *, #2122, .F. ) ;
#5404 = DIRECTION ( 'NONE',  ( -0.000000000000000000, -1.000000000000000000, -0.000000000000000000 ) ) ;
#5405 = CARTESIAN_POINT ( 'NONE',  ( 3.835000000000000409, 2.299999999999999822, 0.1499999999999995226 ) ) ;
#5406 = CARTESIAN_POINT ( 'NONE',  ( 0.000000000000000000, 2.250000000000000000, 0.000000000000000000 ) ) ;
#5407 = ORIENTED_EDGE ( 'NONE', *, *, #5728, .T. ) ;
#5408 = LINE ( 'NONE', #2109, #3665 ) ;
#5409 = LINE ( 'NONE', #1590, #2663 ) ;
#5410 =( REPRESENTATION_RELATIONSHIP ('NONE','NONE', #1184, #5021 ) REPRESENTATION_RELATIONSHIP_WITH_TRANSFORMATION ( #3815 )SHAPE_REPRESENTATION_RELATIONSHIP( ) );
#5411 = LINE ( 'NONE', #1126, #3292 ) ;
#5412 = EDGE_LOOP ( 'NONE', ( #5441, #3820, #3255, #5130, #5315, #149 ) ) ;
#5413 = EDGE_CURVE ( 'NONE', #23, #3891, #2753, .T. ) ;
#5414 = ORIENTED_EDGE ( 'NONE', *, *, #3754, .F. ) ;
#5415 = EDGE_CURVE ( 'NONE', #333, #732, #5159, .T. ) ;
#5416 = VECTOR ( 'NONE', #6151, 1000.000000000000000 ) ;
#5417 = DIRECTION ( 'NONE',  ( -0.000000000000000000, -0.000000000000000000, -1.000000000000000000 ) ) ;
#5418 = ORIENTED_EDGE ( 'NONE', *, *, #5487, .F. ) ;
#5419 = ORIENTED_EDGE ( 'NONE', *, *, #563, .T. ) ;
#5420 = PLANE ( 'NONE',  #4558 ) ;
#5421 = CARTESIAN_POINT ( 'NONE',  ( 4.035000000000000142, 2.500000000000000000, 0.1499999999999995226 ) ) ;
#5422 = ORIENTED_EDGE ( 'NONE', *, *, #4510, .T. ) ;
#5423 = PLANE ( 'NONE',  #1865 ) ;
#5424 =( GEOMETRIC_REPRESENTATION_CONTEXT ( 3 ) GLOBAL_UNCERTAINTY_ASSIGNED_CONTEXT ( ( #5884 ) ) GLOBAL_UNIT_ASSIGNED_CONTEXT ( ( #187, #5997, #2691 ) ) REPRESENTATION_CONTEXT ( 'NONE', 'WORKASPACE' ) );
#5425 = VECTOR ( 'NONE', #2035, 1000.000000000000000 ) ;
#5426 = DIRECTION ( 'NONE',  ( -0.7071067811865506814, -0.7071067811865443531, -7.666467083416850476E-16 ) ) ;
#5427 = PLANE ( 'NONE',  #1722 ) ;
#5428 = DIRECTION ( 'NONE',  ( 1.000000000000000000, 0.000000000000000000, 0.000000000000000000 ) ) ;
#5429 = EDGE_LOOP ( 'NONE', ( #5147, #4369, #627, #1480 ) ) ;
#5430 = CARTESIAN_POINT ( 'NONE',  ( 0.000000000000000000, 0.2000000000000000111, 0.000000000000000000 ) ) ;
#5431 = DIRECTION ( 'NONE',  ( -0.000000000000000000, -1.000000000000000000, -0.000000000000000000 ) ) ;
#5432 = CARTESIAN_POINT ( 'NONE',  ( -6.060000000000001386, 2.250000000000000000, 2.650000000000000355 ) ) ;
#5433 = DIRECTION ( 'NONE',  ( -2.990902544787598592E-16, -0.000000000000000000, 1.000000000000000000 ) ) ;
#5434 = CARTESIAN_POINT ( 'NONE',  ( -4.785000000000000142, 2.049999999999999822, 2.400000000000000799 ) ) ;
#5435 = VECTOR ( 'NONE', #4796, 1000.000000000000000 ) ;
#5436 = DIRECTION ( 'NONE',  ( -0.7071067811865475727, 0.000000000000000000, -0.7071067811865475727 ) ) ;
#5437 = CARTESIAN_POINT ( 'NONE',  ( 1.625000000000000000, 0.4128422322972565284, -1.719138551857209984 ) ) ;
#5438 =( GEOMETRIC_REPRESENTATION_CONTEXT ( 3 ) GLOBAL_UNCERTAINTY_ASSIGNED_CONTEXT ( ( #2883 ) ) GLOBAL_UNIT_ASSIGNED_CONTEXT ( ( #224, #823, #5129 ) ) REPRESENTATION_CONTEXT ( 'NONE', 'WORKASPACE' ) );
#5439 = AXIS2_PLACEMENT_3D ( 'NONE', #4618, #5128, #2136 ) ;
#5440 = ORIENTED_EDGE ( 'NONE', *, *, #3581, .T. ) ;
#5441 = ORIENTED_EDGE ( 'NONE', *, *, #3439, .T. ) ;
#5442 = VECTOR ( 'NONE', #864, 1000.000000000000000 ) ;
#5443 = ADVANCED_FACE ( 'NONE', ( #793 ), #5520, .T. ) ;
#5444 = EDGE_LOOP ( 'NONE', ( #2307, #6205, #1626, #4580 ) ) ;
#5445 = VECTOR ( 'NONE', #5931, 1000.000000000000000 ) ;
#5446 = CARTESIAN_POINT ( 'NONE',  ( -3.699999999999999734, 0.1799999999999996325, 2.650000000000000355 ) ) ;
#5447 = EDGE_CURVE ( 'NONE', #2546, #6007, #3170, .T. ) ;
#5448 = VECTOR ( 'NONE', #893, 1000.000000000000000 ) ;
#5449 = LINE ( 'NONE', #1511, #1534 ) ;
#5450 = ORIENTED_EDGE ( 'NONE', *, *, #4398, .F. ) ;
#5451 = VERTEX_POINT ( 'NONE', #4098 ) ;
#5452 = AXIS2_PLACEMENT_3D ( 'NONE', #4913, #4888, #1641 ) ;
#5453 = LINE ( 'NONE', #4709, #5866 ) ;
#5454 = DIRECTION ( 'NONE',  ( 0.4226182617406998854, 0.000000000000000000, -0.9063077870366497146 ) ) ;
#5455 = EDGE_LOOP ( 'NONE', ( #4805, #3794, #1829, #883, #6047, #973 ) ) ;
#5456 = CARTESIAN_POINT ( 'NONE',  ( 4.535000000000000142, 2.049999999999999822, -1.350000000000000089 ) ) ;
#5457 = VECTOR ( 'NONE', #2892, 1000.000000000000227 ) ;
#5458 = VECTOR ( 'NONE', #4207, 1000.000000000000000 ) ;
#5459 = ADVANCED_FACE ( 'NONE', ( #5075 ), #766, .T. ) ;
#5460 = EDGE_CURVE ( 'NONE', #4167, #704, #2793, .T. ) ;
#5461 = SURFACE_STYLE_FILL_AREA ( #3919 ) ;
#5462 = ORIENTED_EDGE ( 'NONE', *, *, #2404, .F. ) ;
#5463 = EDGE_CURVE ( 'NONE', #372, #3393, #6095, .T. ) ;
#5464 = DIRECTION ( 'NONE',  ( 0.000000000000000000, -0.7071067811865460184, 0.7071067811865490160 ) ) ;
#5465 = LINE ( 'NONE', #5405, #3784 ) ;
#5466 = DIRECTION ( 'NONE',  ( 1.000000000000000000, 0.000000000000000000, 1.912594791595156631E-16 ) ) ;
#5467 = DIRECTION ( 'NONE',  ( 0.000000000000000000, -1.000000000000000000, 0.000000000000000000 ) ) ;
#5468 = EDGE_CURVE ( 'NONE', #4007, #4915, #5975, .T. ) ;
#5469 = ORIENTED_EDGE ( 'NONE', *, *, #5396, .T. ) ;
#5470 = CARTESIAN_POINT ( 'NONE',  ( -5.535000000000000142, 0.3999999999999993006, -1.350000000000000089 ) ) ;
#5471 = CARTESIAN_POINT ( 'NONE',  ( 3.635000000000000231, 0.2000000000000000111, -1.149999999999999911 ) ) ;
#5472 = DIRECTION ( 'NONE',  ( 0.000000000000000000, 1.000000000000000000, 0.000000000000000000 ) ) ;
#5473 = FACE_OUTER_BOUND ( 'NONE', #489, .T. ) ;
#5474 = VERTEX_POINT ( 'NONE', #5693 ) ;
#5475 = ORIENTED_EDGE ( 'NONE', *, *, #5822, .F. ) ;
#5476 = ORIENTED_EDGE ( 'NONE', *, *, #1028, .F. ) ;
#5477 = EDGE_LOOP ( 'NONE', ( #111, #3127, #5692, #3491 ) ) ;
#5478 = VERTEX_POINT ( 'NONE', #1906 ) ;
#5479 = PLANE ( 'NONE',  #1040 ) ;
#5480 = DIRECTION ( 'NONE',  ( -0.000000000000000000, -1.000000000000000000, -0.000000000000000000 ) ) ;
#5481 = CARTESIAN_POINT ( 'NONE',  ( 4.035000000000000142, 0.000000000000000000, -0.8999999999999998002 ) ) ;
#5482 = LINE ( 'NONE', #4611, #4059 ) ;
#5483 = VERTEX_POINT ( 'NONE', #3328 ) ;
#5484 = DIRECTION ( 'NONE',  ( -1.000000000000000000, -3.872150616019656862E-16, 0.000000000000000000 ) ) ;
#5485 = ADVANCED_FACE ( 'NONE', ( #1405 ), #2824, .T. ) ;
#5486 = LINE ( 'NONE', #3135, #4924 ) ;
#5487 = EDGE_CURVE ( 'NONE', #2092, #1858, #1963, .T. ) ;
#5488 = CARTESIAN_POINT ( 'NONE',  ( -2.624999999999999112, 0.2000000000000000944, -0.9499999999999992895 ) ) ;
#5489 =( REPRESENTATION_RELATIONSHIP ('NONE','NONE', #1184, #5021 ) REPRESENTATION_RELATIONSHIP_WITH_TRANSFORMATION ( #2390 )SHAPE_REPRESENTATION_RELATIONSHIP( ) );
#5490 = LINE ( 'NONE', #1212, #4032 ) ;
#5491 = EDGE_LOOP ( 'NONE', ( #4174, #3510, #4708, #3619 ) ) ;
#5492 = LINE ( 'NONE', #4160, #4760 ) ;
#5493 = DIRECTION ( 'NONE',  ( 0.000000000000000000, 1.000000000000000000, 0.000000000000000000 ) ) ;
#5494 = EDGE_CURVE ( 'NONE', #5483, #3158, #1879, .T. ) ;
#5495 = EDGE_CURVE ( 'NONE', #3418, #4732, #921, .T. ) ;
#5496 = FACE_OUTER_BOUND ( 'NONE', #599, .T. ) ;
#5497 = CARTESIAN_POINT ( 'NONE',  ( -4.035000000000000142, 2.299999999999999822, 0.1499999999999995226 ) ) ;
#5498 = DIRECTION ( 'NONE',  ( 0.000000000000000000, -1.000000000000000000, 0.000000000000000000 ) ) ;
#5499 = DIRECTION ( 'NONE',  ( 1.000000000000000000, -0.000000000000000000, -0.000000000000000000 ) ) ;
#5500 = LINE ( 'NONE', #5531, #3687 ) ;
#5501 = ADVANCED_FACE ( 'NONE', ( #5753 ), #3852, .T. ) ;
#5502 = ORIENTED_EDGE ( 'NONE', *, *, #66, .F. ) ;
#5503 = ORIENTED_EDGE ( 'NONE', *, *, #4826, .T. ) ;
#5504 = ORIENTED_EDGE ( 'NONE', *, *, #571, .T. ) ;
#5505 = VERTEX_POINT ( 'NONE', #2422 ) ;
#5506 = ORIENTED_EDGE ( 'NONE', *, *, #4471, .F. ) ;
#5507 = LINE ( 'NONE', #2154, #4934 ) ;
#5508 = ORIENTED_EDGE ( 'NONE', *, *, #1570, .F. ) ;
#5509 = DIRECTION ( 'NONE',  ( 0.7071067811865489050, -6.455972280772087206E-16, -0.7071067811865461294 ) ) ;
#5510 = FACE_OUTER_BOUND ( 'NONE', #2474, .T. ) ;
#5511 = ORIENTED_EDGE ( 'NONE', *, *, #418, .T. ) ;
#5512 = PLANE ( 'NONE',  #4660 ) ;
#5513 = VECTOR ( 'NONE', #4634, 1000.000000000000000 ) ;
#5514 = DIRECTION ( 'NONE',  ( 0.000000000000000000, 0.000000000000000000, -1.000000000000000000 ) ) ;
#5515 = LINE ( 'NONE', #2134, #6129 ) ;
#5516 = PRODUCT_DEFINITION_FORMATION_WITH_SPECIFIED_SOURCE ( 'ANY', '', #3390, .NOT_KNOWN. ) ;
#5517 = EDGE_CURVE ( 'NONE', #6073, #3543, #5660, .T. ) ;
#5518 = DIRECTION ( 'NONE',  ( 0.000000000000000000, 1.000000000000000000, 0.000000000000000000 ) ) ;
#5519 = ORIENTED_EDGE ( 'NONE', *, *, #4254, .T. ) ;
#5520 = PLANE ( 'NONE',  #1956 ) ;
#5521 = DIRECTION ( 'NONE',  ( -1.000000000000000000, 0.000000000000000000, 0.000000000000000000 ) ) ;
#5522 = FACE_OUTER_BOUND ( 'NONE', #3663, .T. ) ;
#5523 = ADVANCED_FACE ( 'NONE', ( #3821 ), #3795, .F. ) ;
#5524 = ORIENTED_EDGE ( 'NONE', *, *, #5781, .T. ) ;
#5525 = VECTOR ( 'NONE', #3435, 1000.000000000000000 ) ;
#5526 = DIRECTION ( 'NONE',  ( 1.000000000000000000, 0.000000000000000000, -0.000000000000000000 ) ) ;
#5527 = PLANE ( 'NONE',  #1360 ) ;
#5528 = DIRECTION ( 'NONE',  ( 1.000000000000000000, 1.258448950206388160E-16, -1.912594791595156631E-16 ) ) ;
#5529 = DIRECTION ( 'NONE',  ( 0.000000000000000000, -1.000000000000000000, -0.000000000000000000 ) ) ;
#5530 = PLANE ( 'NONE',  #817 ) ;
#5531 = CARTESIAN_POINT ( 'NONE',  ( 4.235000000000001208, 2.299999999999999822, 2.825597661831454611E-15 ) ) ;
#5532 = CIRCLE ( 'NONE', #2861, 0.1499999999999999667 ) ;
#5533 = ORIENTED_EDGE ( 'NONE', *, *, #2199, .F. ) ;
#5534 = ORIENTED_EDGE ( 'NONE', *, *, #250, .F. ) ;
#5535 = ORIENTED_EDGE ( 'NONE', *, *, #1633, .T. ) ;
#5536 = ADVANCED_FACE ( 'NONE', ( #1433 ), #3352, .F. ) ;
#5537 = EDGE_CURVE ( 'NONE', #990, #5253, #2330, .T. ) ;
#5538 = AXIS2_PLACEMENT_3D ( 'NONE', #2409, #26, #4831 ) ;
#5539 = EDGE_CURVE ( 'NONE', #732, #2116, #4253, .T. ) ;
#5540 = EDGE_CURVE ( 'NONE', #2646, #3831, #3416, .T. ) ;
#5541 = PLANE ( 'NONE',  #321 ) ;
#5542 = VECTOR ( 'NONE', #614, 1000.000000000000000 ) ;
#5543 = ORIENTED_EDGE ( 'NONE', *, *, #2080, .T. ) ;
#5544 = EDGE_LOOP ( 'NONE', ( #2271, #4404, #4585, #3343, #3988, #2841, #3599, #1535, #5386, #4538, #693, #48 ) ) ;
#5545 = VECTOR ( 'NONE', #2692, 1000.000000000000000 ) ;
#5546 = LINE ( 'NONE', #1690, #4252 ) ;
#5547 = DIRECTION ( 'NONE',  ( -3.872150616019656862E-16, -1.000000000000000000, 0.000000000000000000 ) ) ;
#5548 = ORIENTED_EDGE ( 'NONE', *, *, #4999, .F. ) ;
#5549 = CARTESIAN_POINT ( 'NONE',  ( -0.6249999999999992228, 2.500000000000000444, -0.9499999999999992895 ) ) ;
#5550 = CARTESIAN_POINT ( 'NONE',  ( 4.035000000000001030, 9.129072045307475847, -1.149999999999999911 ) ) ;
#5551 = VECTOR ( 'NONE', #3995, 1000.000000000000000 ) ;
#5552 = DIRECTION ( 'NONE',  ( 0.000000000000000000, -1.000000000000000000, -0.000000000000000000 ) ) ;
#5553 = AXIS2_PLACEMENT_3D ( 'NONE', #4973, #672, #5003 ) ;
#5554 = LINE ( 'NONE', #2191, #2027 ) ;
#5555 = CARTESIAN_POINT ( 'NONE',  ( 4.860000000000001208, 0.2499999999999997780, 2.650000000000000355 ) ) ;
#5556 = FACE_OUTER_BOUND ( 'NONE', #363, .T. ) ;
#5557 = FACE_OUTER_BOUND ( 'NONE', #4030, .T. ) ;
#5558 = ORIENTED_EDGE ( 'NONE', *, *, #3728, .T. ) ;
#5559 = PRODUCT ( 'FFC3B11-xxxx_06', 'FFC3B11-xxxx_06', '', ( #4481 ) ) ;
#5560 = VECTOR ( 'NONE', #3683, 1000.000000000000000 ) ;
#5561 = DIRECTION ( 'NONE',  ( 0.000000000000000000, 1.000000000000000000, 1.971276677246372752E-16 ) ) ;
#5562 = CARTESIAN_POINT ( 'NONE',  ( 3.549999999999999822, 0.000000000000000000, 3.950000000000001954 ) ) ;
#5563 = VECTOR ( 'NONE', #633, 1000.000000000000114 ) ;
#5564 = EDGE_CURVE ( 'NONE', #2037, #2733, #3886, .T. ) ;
#5565 = VECTOR ( 'NONE', #1076, 1000.000000000000000 ) ;
#5566 = ORIENTED_EDGE ( 'NONE', *, *, #5889, .F. ) ;
#5567 = LINE ( 'NONE', #2172, #4162 ) ;
#5568 = ORIENTED_EDGE ( 'NONE', *, *, #2838, .T. ) ;
#5569 = LINE ( 'NONE', #5041, #5946 ) ;
#5570 = DIRECTION ( 'NONE',  ( -1.000000000000000000, 0.000000000000000000, 0.000000000000000000 ) ) ;
#5571 = LINE ( 'NONE', #2176, #5384 ) ;
#5572 = CARTESIAN_POINT ( 'NONE',  ( -4.860000000000001208, 0.2499999999999997780, 1.856341625576289678 ) ) ;
#5573 = CARTESIAN_POINT ( 'NONE',  ( 3.635000000000000231, 0.2000000000000000111, -0.9499999999999986233 ) ) ;
#5574 = ADVANCED_FACE ( 'NONE', ( #4311 ), #7, .T. ) ;
#5575 = EDGE_LOOP ( 'NONE', ( #3689, #6046, #4897, #5966, #2002, #2896, #2823, #1594, #3094, #2386 ) ) ;
#5576 = VERTEX_POINT ( 'NONE', #988 ) ;
#5577 = VERTEX_POINT ( 'NONE', #2924 ) ;
#5578 = VECTOR ( 'NONE', #6193, 1000.000000000000000 ) ;
#5579 = DIRECTION ( 'NONE',  ( -1.000000000000000000, 0.000000000000000000, 0.000000000000000000 ) ) ;
#5580 = EDGE_CURVE ( 'NONE', #3692, #1571, #1488, .T. ) ;
#5581 = EDGE_CURVE ( 'NONE', #112, #3543, #2295, .T. ) ;
#5582 = ORIENTED_EDGE ( 'NONE', *, *, #1704, .T. ) ;
#5583 = VECTOR ( 'NONE', #3203, 1000.000000000000000 ) ;
#5584 = CARTESIAN_POINT ( 'NONE',  ( 1.625000000000000000, 0.1794675324079980094, -1.483143174397928199 ) ) ;
#5585 = ORIENTED_EDGE ( 'NONE', *, *, #563, .F. ) ;
#5586 = CARTESIAN_POINT ( 'NONE',  ( 4.234999999999999432, 0.3999999999999993006, -1.350000000000000089 ) ) ;
#5587 = CARTESIAN_POINT ( 'NONE',  ( 3.635000000000000231, 0.2000000000000000111, -1.149999999999999911 ) ) ;
#5588 = DIRECTION ( 'NONE',  ( -1.000000000000000000, 0.000000000000000000, 0.000000000000000000 ) ) ;
#5589 = ADVANCED_FACE ( 'NONE', ( #6125 ), #576, .F. ) ;
#5590 = DIRECTION ( 'NONE',  ( 5.965348954528222655E-17, -0.000000000000000000, 1.000000000000000000 ) ) ;
#5591 = DIRECTION ( 'NONE',  ( -1.000000000000000000, -4.336808689942012343E-18, 1.387778780781445676E-17 ) ) ;
#5592 = DIRECTION ( 'NONE',  ( 0.000000000000000000, 0.000000000000000000, -1.000000000000000000 ) ) ;
#5593 = FACE_OUTER_BOUND ( 'NONE', #3338, .T. ) ;
#5594 = CARTESIAN_POINT ( 'NONE',  ( 4.860000000000001208, 2.250000000000000000, 2.650000000000000355 ) ) ;
#5595 = VERTEX_POINT ( 'NONE', #3938 ) ;
#5596 = CARTESIAN_POINT ( 'NONE',  ( 4.782106010784283240E-17, 0.3800000000000005596, 3.950000000000001954 ) ) ;
#5597 = CARTESIAN_POINT ( 'NONE',  ( 1.188476936738000589, 0.2000000000000005107, -1.350000000000000533 ) ) ;
#5598 = DIRECTION ( 'NONE',  ( 0.000000000000000000, 0.000000000000000000, 1.000000000000000000 ) ) ;
#5599 = ORIENTED_EDGE ( 'NONE', *, *, #4613, .F. ) ;
#5600 = CARTESIAN_POINT ( 'NONE',  ( 3.835000000000000409, 9.129072045307475847, 0.1499999999999995226 ) ) ;
#5601 = DIRECTION ( 'NONE',  ( 5.965348954528222655E-17, -0.000000000000000000, 1.000000000000000000 ) ) ;
#5602 = PLANE ( 'NONE',  #3499 ) ;
#5603 = PLANE ( 'NONE',  #3693 ) ;
#5604 = DIRECTION ( 'NONE',  ( 0.000000000000000000, 0.000000000000000000, -1.000000000000000000 ) ) ;
#5605 = VERTEX_POINT ( 'NONE', #4405 ) ;
#5606 = EDGE_LOOP ( 'NONE', ( #908, #2049, #2070, #3611 ) ) ;
#5607 = ORIENTED_EDGE ( 'NONE', *, *, #4857, .F. ) ;
#5608 = DIRECTION ( 'NONE',  ( 0.000000000000000000, 0.7071067811865470176, -0.7071067811865480168 ) ) ;
#5609 = EDGE_CURVE ( 'NONE', #1213, #5357, #5845, .T. ) ;
#5610 = DIRECTION ( 'NONE',  ( 0.000000000000000000, 0.000000000000000000, -1.000000000000000000 ) ) ;
#5611 = EDGE_LOOP ( 'NONE', ( #5018, #5834, #4713, #4298 ) ) ;
#5612 = EDGE_CURVE ( 'NONE', #3578, #1203, #2071, .T. ) ;
#5613 = PLANE ( 'NONE',  #445 ) ;
#5614 = VECTOR ( 'NONE', #3350, 1000.000000000000000 ) ;
#5615 = CARTESIAN_POINT ( 'NONE',  ( 1.625000000000000000, 0.2000000000000000111, -0.9499999999999999556 ) ) ;
#5616 = DIRECTION ( 'NONE',  ( 0.000000000000000000, 0.000000000000000000, 1.000000000000000000 ) ) ;
#5617 = DIRECTION ( 'NONE',  ( 1.000000000000000000, 0.000000000000000000, 0.000000000000000000 ) ) ;
#5618 = VECTOR ( 'NONE', #4896, 1000.000000000000227 ) ;
#5619 = DIRECTION ( 'NONE',  ( 0.000000000000000000, -1.971276677246372752E-16, 1.000000000000000000 ) ) ;
#5620 = LINE ( 'NONE', #2654, #2728 ) ;
#5621 = ORIENTED_EDGE ( 'NONE', *, *, #760, .F. ) ;
#5622 = EDGE_CURVE ( 'NONE', #3732, #5064, #603, .T. ) ;
#5623 = CARTESIAN_POINT ( 'NONE',  ( -4.785000000000000142, 9.129072045307475847, 2.400000000000000355 ) ) ;
#5624 = DIRECTION ( 'NONE',  ( 0.000000000000000000, 1.000000000000000000, 0.000000000000000000 ) ) ;
#5625 = EDGE_CURVE ( 'NONE', #16, #2677, #2016, .T. ) ;
#5626 = VECTOR ( 'NONE', #5939, 1000.000000000000000 ) ;
#5627 = ORIENTED_EDGE ( 'NONE', *, *, #5945, .F. ) ;
#5628 = ORIENTED_EDGE ( 'NONE', *, *, #5271, .F. ) ;
#5629 = LINE ( 'NONE', #5136, #234 ) ;
#5630 = VERTEX_POINT ( 'NONE', #4025 ) ;
#5631 = CARTESIAN_POINT ( 'NONE',  ( 1.375000000000000000, 1.844217003719184955, -0.9499999999999999556 ) ) ;
#5632 = AXIS2_PLACEMENT_3D ( 'NONE', #749, #2679, #303 ) ;
#5633 = CARTESIAN_POINT ( 'NONE',  ( 6.500000000000003553, 0.1799999999999999933, 2.650000000000000355 ) ) ;
#5634 = CARTESIAN_POINT ( 'NONE',  ( -5.935000000000000497, 0.000000000000000000, -0.9000000000000001332 ) ) ;
#5635 = AXIS2_PLACEMENT_3D ( 'NONE', #858, #1772, #5591 ) ;
#5636 = LINE ( 'NONE', #4108, #2563 ) ;
#5637 = DIRECTION ( 'NONE',  ( -1.000000000000000000, 1.758165685111629112E-16, 0.000000000000000000 ) ) ;
#5638 = CIRCLE ( 'NONE', #3149, 0.1999999999999996503 ) ;
#5639 = ORIENTED_EDGE ( 'NONE', *, *, #3873, .F. ) ;
#5640 = EDGE_LOOP ( 'NONE', ( #4196, #4551, #200, #5123 ) ) ;
#5641 = ORIENTED_EDGE ( 'NONE', *, *, #1756, .T. ) ;
#5642 = COLOUR_RGB ( '',0.2509803921568627416, 0.2509803921568627416, 0.2509803921568627416 ) ;
#5643 = PLANE ( 'NONE',  #4531 ) ;
#5644 = ORIENTED_EDGE ( 'NONE', *, *, #6044, .T. ) ;
#5645 = DIRECTION ( 'NONE',  ( 0.000000000000000000, -1.000000000000000000, -0.000000000000000000 ) ) ;
#5646 = EDGE_CURVE ( 'NONE', #4776, #1070, #1549, .T. ) ;
#5647 = VECTOR ( 'NONE', #5509, 1000.000000000000114 ) ;
#5648 = VECTOR ( 'NONE', #4411, 1000.000000000000000 ) ;
#5649 = ORIENTED_EDGE ( 'NONE', *, *, #6042, .F. ) ;
#5650 = LINE ( 'NONE', #946, #3575 ) ;
#5651 = VECTOR ( 'NONE', #2239, 1000.000000000000000 ) ;
#5652 = CARTESIAN_POINT ( 'NONE',  ( -4.035000000000000142, 0.2000000000000000111, 0.9000000000000003553 ) ) ;
#5653 = VECTOR ( 'NONE', #5313, 1000.000000000000000 ) ;
#5654 =( NAMED_UNIT ( * ) PLANE_ANGLE_UNIT ( ) SI_UNIT ( $, .RADIAN. ) );
#5655 = LINE ( 'NONE', #1623, #5293 ) ;
#5656 = VECTOR ( 'NONE', #3877, 1000.000000000000000 ) ;
#5657 = CARTESIAN_POINT ( 'NONE',  ( -1.188476936737999257, 0.2000000000000005107, -1.350000000000000533 ) ) ;
#5658 = DIRECTION ( 'NONE',  ( 1.000000000000000000, 0.000000000000000000, 1.711898167082375759E-16 ) ) ;
#5659 = VERTEX_POINT ( 'NONE', #72 ) ;
#5660 = LINE ( 'NONE', #1462, #3173 ) ;
#5661 = CARTESIAN_POINT ( 'NONE',  ( 3.835000000000000853, 0.2000000000000000111, -1.300000000000000266 ) ) ;
#5662 = DIRECTION ( 'NONE',  ( 1.000000000000000000, 0.000000000000000000, 0.000000000000000000 ) ) ;
#5663 = AXIS2_PLACEMENT_3D ( 'NONE', #3696, #4644, #279 ) ;
#5664 = VECTOR ( 'NONE', #4345, 1000.000000000000114 ) ;
#5665 = EDGE_CURVE ( 'NONE', #3555, #5978, #1052, .T. ) ;
#5666 = ADVANCED_FACE ( 'NONE', ( #5814 ), #4931, .T. ) ;
#5667 = EDGE_CURVE ( 'NONE', #3442, #1006, #3105, .T. ) ;
#5668 = VECTOR ( 'NONE', #1026, 1000.000000000000000 ) ;
#5669 = SURFACE_STYLE_USAGE ( .BOTH. , #550 ) ;
#5670 = ORIENTED_EDGE ( 'NONE', *, *, #1232, .T. ) ;
#5671 = CARTESIAN_POINT ( 'NONE',  ( 4.860000000000001208, 0.4500000000000002887, 2.650000000000000355 ) ) ;
#5672 = DIRECTION ( 'NONE',  ( -1.000000000000000000, 0.000000000000000000, 2.891205793294679312E-16 ) ) ;
#5673 = CARTESIAN_POINT ( 'NONE',  ( 4.860000000000001208, 0.4500000000000011768, 1.656341625576287280 ) ) ;
#5674 = CARTESIAN_POINT ( 'NONE',  ( -5.760000000000000675, 2.049999999999999822, -0.9500000000000002887 ) ) ;
#5675 = ADVANCED_FACE ( 'NONE', ( #4379 ), #2518, .T. ) ;
#5676 = ORIENTED_EDGE ( 'NONE', *, *, #106, .T. ) ;
#5677 = EDGE_LOOP ( 'NONE', ( #1926, #4133, #3927, #2370, #5918, #1657 ) ) ;
#5678 = VERTEX_POINT ( 'NONE', #1992 ) ;
#5679 = VECTOR ( 'NONE', #738, 1000.000000000000000 ) ;
#5680 = CARTESIAN_POINT ( 'NONE',  ( 3.699999999999999734, 0.1799999999999996325, 3.125756774163613638 ) ) ;
#5681 = VERTEX_POINT ( 'NONE', #5456 ) ;
#5682 = CARTESIAN_POINT ( 'NONE',  ( 1.625000000000000000, 0.1610173276348189908, -1.708107021321285224 ) ) ;
#5683 = AXIS2_PLACEMENT_3D ( 'NONE', #624, #1395, #1924 ) ;
#5684 = ORIENTED_EDGE ( 'NONE', *, *, #5773, .T. ) ;
#5685 = CARTESIAN_POINT ( 'NONE',  ( 0.000000000000000000, 2.250000000000000000, 1.856341625576288790 ) ) ;
#5687 = DIRECTION ( 'NONE',  ( 0.000000000000000000, -0.7660444431189809000, 0.6427876096865360322 ) ) ;
#5686 = DIRECTION ( 'NONE',  ( 0.000000000000000000, 1.000000000000000000, 0.000000000000000000 ) ) ;
#5688 = VECTOR ( 'NONE', #2898, 1000.000000000000000 ) ;
#5689 = DIRECTION ( 'NONE',  ( 0.000000000000000000, 0.000000000000000000, 1.000000000000000000 ) ) ;
#5690 = DIRECTION ( 'NONE',  ( -0.9063077870366498257, 0.000000000000000000, -0.4226182617406999409 ) ) ;
#5691 = DIRECTION ( 'NONE',  ( 0.000000000000000000, 0.000000000000000000, 1.000000000000000000 ) ) ;
#5692 = ORIENTED_EDGE ( 'NONE', *, *, #2504, .T. ) ;
#5693 = CARTESIAN_POINT ( 'NONE',  ( 6.500000000000001776, 0.1799999999999999933, 2.650000000000000355 ) ) ;
#5694 = LINE ( 'NONE', #1435, #3964 ) ;
#5695 = CARTESIAN_POINT ( 'NONE',  ( 0.000000000000000000, 0.000000000000000000, 0.1499999999999995226 ) ) ;
#5696 = ORIENTED_EDGE ( 'NONE', *, *, #3911, .T. ) ;
#5697 = LINE ( 'NONE', #4854, #5260 ) ;
#5698 = CARTESIAN_POINT ( 'NONE',  ( -4.535000000000000142, 2.049999999999999822, -1.149999999999999911 ) ) ;
#5699 = EDGE_CURVE ( 'NONE', #5505, #2479, #4960, .T. ) ;
#5700 = DIRECTION ( 'NONE',  ( -1.000000000000000000, 0.000000000000000000, 0.000000000000000000 ) ) ;
#5701 = CARTESIAN_POINT ( 'NONE',  ( 5.760000000000000675, 2.299999999999999822, 0.8999999999999999112 ) ) ;
#5702 = EDGE_CURVE ( 'NONE', #3931, #1899, #2042, .T. ) ;
#5703 = ORIENTED_EDGE ( 'NONE', *, *, #3331, .T. ) ;
#5704 = VERTEX_POINT ( 'NONE', #3538 ) ;
#5705 = EDGE_LOOP ( 'NONE', ( #5903, #3565, #6158, #5649 ) ) ;
#5706 = CARTESIAN_POINT ( 'NONE',  ( -3.835000000000000853, 0.2000000000000000111, -1.300000000000000266 ) ) ;
#5707 = EDGE_CURVE ( 'NONE', #2497, #586, #662, .T. ) ;
#5708 = VERTEX_POINT ( 'NONE', #1110 ) ;
#5709 = CARTESIAN_POINT ( 'NONE',  ( 4.035000000000000142, 0.000000000000000000, -0.8999999999999998002 ) ) ;
#5710 = ORIENTED_EDGE ( 'NONE', *, *, #795, .T. ) ;
#5711 = CARTESIAN_POINT ( 'NONE',  ( 1.625000000000000000, 0.1250000000000000000, -1.391127433392334023 ) ) ;
#5712 = CARTESIAN_POINT ( 'NONE',  ( -4.234999999999999432, 0.3999999999999993006, -1.149999999999999911 ) ) ;
#5713 = PRODUCT_CONTEXT ( 'NONE', #1576, 'mechanical' ) ;
#5714 = CARTESIAN_POINT ( 'NONE',  ( -3.999999999999999112, 1.300000000000000044, 3.950000000000001954 ) ) ;
#5715 = DIRECTION ( 'NONE',  ( 0.000000000000000000, 0.000000000000000000, -1.000000000000000000 ) ) ;
#5716 = LINE ( 'NONE', #387, #1528 ) ;
#5717 = VERTEX_POINT ( 'NONE', #3572 ) ;
#5718 = DIRECTION ( 'NONE',  ( -0.000000000000000000, 0.000000000000000000, -1.000000000000000000 ) ) ;
#5719 = DIRECTION ( 'NONE',  ( 0.4226182617406998854, 0.000000000000000000, -0.9063077870366497146 ) ) ;
#5720 = VECTOR ( 'NONE', #2616, 1000.000000000000000 ) ;
#5721 = VERTEX_POINT ( 'NONE', #2578 ) ;
#5722 = CARTESIAN_POINT ( 'NONE',  ( -5.535000000000000142, 0.2000000000000000111, -1.149999999999999911 ) ) ;
#5723 = ADVANCED_FACE ( 'NONE', ( #2548 ), #5423, .T. ) ;
#5724 = DIRECTION ( 'NONE',  ( -1.000000000000000000, 0.000000000000000000, 0.000000000000000000 ) ) ;
#5725 = EDGE_LOOP ( 'NONE', ( #1908, #3412, #3130, #4523 ) ) ;
#5726 = LINE ( 'NONE', #967, #4544 ) ;
#5727 = DIRECTION ( 'NONE',  ( 0.000000000000000000, 1.000000000000000000, 0.000000000000000000 ) ) ;
#5728 = EDGE_CURVE ( 'NONE', #4377, #937, #5933, .T. ) ;
#5729 = VECTOR ( 'NONE', #2469, 1000.000000000000000 ) ;
#5730 = CARTESIAN_POINT ( 'NONE',  ( -4.785000000000000142, 9.129072045307475847, 1.531341625576287502 ) ) ;
#5731 = ORIENTED_EDGE ( 'NONE', *, *, #1620, .F. ) ;
#5732 = ORIENTED_EDGE ( 'NONE', *, *, #4156, .F. ) ;
#5733 = ORIENTED_EDGE ( 'NONE', *, *, #1845, .F. ) ;
#5734 = ORIENTED_EDGE ( 'NONE', *, *, #604, .T. ) ;
#5735 = ORIENTED_EDGE ( 'NONE', *, *, #314, .F. ) ;
#5736 = LINE ( 'NONE', #2348, #2131 ) ;
#5737 = VECTOR ( 'NONE', #4817, 1000.000000000000000 ) ;
#5738 = CARTESIAN_POINT ( 'NONE',  ( 0.000000000000000000, 2.299999999999999822, 0.000000000000000000 ) ) ;
#5739 = ORIENTED_EDGE ( 'NONE', *, *, #4783, .F. ) ;
#5740 = CARTESIAN_POINT ( 'NONE',  ( 6.060000000000001386, 2.250000000000000000, 2.650000000000000355 ) ) ;
#5741 = PRODUCT_DEFINITION_FORMATION_WITH_SPECIFIED_SOURCE ( 'ANY', '', #5559, .NOT_KNOWN. ) ;
#5742 = VERTEX_POINT ( 'NONE', #1516 ) ;
#5743 = EDGE_CURVE ( 'NONE', #4996, #4118, #5341, .T. ) ;
#5744 = ADVANCED_FACE ( 'NONE', ( #3629 ), #5613, .T. ) ;
#5745 = ORIENTED_EDGE ( 'NONE', *, *, #3331, .F. ) ;
#5746 = APPLICATION_CONTEXT ( 'automotive_design' ) ;
#5747 = ADVANCED_FACE ( 'NONE', ( #5065 ), #5512, .F. ) ;
#5748 = PLANE ( 'NONE',  #555 ) ;
#5749 = DIRECTION ( 'NONE',  ( -0.000000000000000000, -1.000000000000000000, -0.000000000000000000 ) ) ;
#5750 = CARTESIAN_POINT ( 'NONE',  ( -3.549999999999999822, 0.8000000000000000444, 3.257179676972453475 ) ) ;
#5751 = CARTESIAN_POINT ( 'NONE',  ( -2.624999999999999112, 2.500000000000000444, -0.9499999999999992895 ) ) ;
#5752 = ORIENTED_EDGE ( 'NONE', *, *, #2527, .T. ) ;
#5753 = FACE_OUTER_BOUND ( 'NONE', #4456, .T. ) ;
#5754 = DIRECTION ( 'NONE',  ( 0.000000000000000000, -1.000000000000000000, -0.000000000000000000 ) ) ;
#5755 = VECTOR ( 'NONE', #478, 1000.000000000000000 ) ;
#5756 = DIRECTION ( 'NONE',  ( -1.000000000000000000, 0.000000000000000000, 0.000000000000000000 ) ) ;
#5757 = CARTESIAN_POINT ( 'NONE',  ( 5.068376197727167513E-16, 1.800000000000000044, 2.650000000000001243 ) ) ;
#5758 = CARTESIAN_POINT ( 'NONE',  ( 0.8115230632620008544, 2.500000000000000444, -1.350000000000000533 ) ) ;
#5759 = ORIENTED_EDGE ( 'NONE', *, *, #727, .T. ) ;
#5760 = VECTOR ( 'NONE', #2653, 1000.000000000000000 ) ;
#5761 = DIRECTION ( 'NONE',  ( 1.000000000000000000, 0.000000000000000000, 0.000000000000000000 ) ) ;
#5762 = CARTESIAN_POINT ( 'NONE',  ( -3.549999999999999378, 1.299999999999999156, 0.6500000000000007994 ) ) ;
#5763 = AXIS2_PLACEMENT_3D ( 'NONE', #979, #503, #3813 ) ;
#5764 = EDGE_CURVE ( 'NONE', #4773, #6114, #758, .T. ) ;
#5765 = LINE ( 'NONE', #463, #1333 ) ;
#5766 = ORIENTED_EDGE ( 'NONE', *, *, #4543, .T. ) ;
#5767 = VECTOR ( 'NONE', #5547, 1000.000000000000000 ) ;
#5768 = ORIENTED_EDGE ( 'NONE', *, *, #3362, .T. ) ;
#5769 = ORIENTED_EDGE ( 'NONE', *, *, #1149, .F. ) ;
#5770 = PLANE ( 'NONE',  #3463 ) ;
#5771 = CARTESIAN_POINT ( 'NONE',  ( -1.583529662630762891, 0.2000000000000000111, 1.283440345993749565 ) ) ;
#5772 = AXIS2_PLACEMENT_3D ( 'NONE', #998, #3923, #5322 ) ;
#5773 = EDGE_CURVE ( 'NONE', #862, #4320, #4119, .T. ) ;
#5774 = ORIENTED_EDGE ( 'NONE', *, *, #472, .F. ) ;
#5775 = EDGE_CURVE ( 'NONE', #1496, #1363, #1331, .T. ) ;
#5776 = ORIENTED_EDGE ( 'NONE', *, *, #2687, .F. ) ;
#5777 = LINE ( 'NONE', #415, #3075 ) ;
#5778 = EDGE_CURVE ( 'NONE', #3656, #3169, #2745, .T. ) ;
#5779 = DIRECTION ( 'NONE',  ( -1.000000000000000000, 0.000000000000000000, 2.282530889443167515E-16 ) ) ;
#5780 = PRODUCT_DEFINITION_SHAPE ( 'NONE', 'NONE',  #6208 ) ;
#5781 = EDGE_CURVE ( 'NONE', #903, #4118, #3227, .T. ) ;
#5782 = AXIS2_PLACEMENT_3D ( 'NONE', #4711, #5645, #2813 ) ;
#5783 = CARTESIAN_POINT ( 'NONE',  ( -4.234999999999999432, 9.129072045307475847, -1.350000000000000089 ) ) ;
#5784 = LINE ( 'NONE', #3384, #5614 ) ;
#5785 = ORIENTED_EDGE ( 'NONE', *, *, #3867, .T. ) ;
#5786 = DIRECTION ( 'NONE',  ( 1.000000000000000000, -0.000000000000000000, -2.282530889443167515E-16 ) ) ;
#5787 = LINE ( 'NONE', #424, #4860 ) ;
#5788 = DIRECTION ( 'NONE',  ( 0.000000000000000000, 0.000000000000000000, -1.000000000000000000 ) ) ;
#5789 = CARTESIAN_POINT ( 'NONE',  ( -4.035000000000000142, 0.2000000000000000111, -0.8999999999999998002 ) ) ;
#5790 = EDGE_CURVE ( 'NONE', #5207, #3374, #3664, .T. ) ;
#5791 = DIRECTION ( 'NONE',  ( 0.000000000000000000, 0.000000000000000000, 1.000000000000000000 ) ) ;
#5792 = VECTOR ( 'NONE', #5756, 1000.000000000000000 ) ;
#5793 = ORIENTED_EDGE ( 'NONE', *, *, #4728, .T. ) ;
#5794 = LINE ( 'NONE', #3047, #4433 ) ;
#5795 = EDGE_LOOP ( 'NONE', ( #4304, #4204, #88, #3285 ) ) ;
#5796 = CARTESIAN_POINT ( 'NONE',  ( 1.625000000000000000, 0.000000000000000000, -2.799999999999999822 ) ) ;
#5797 =( NAMED_UNIT ( * ) SI_UNIT ( $, .STERADIAN. ) SOLID_ANGLE_UNIT ( ) );
#5798 = ORIENTED_EDGE ( 'NONE', *, *, #4586, .F. ) ;
#5799 = PLANE ( 'NONE',  #2756 ) ;
#5800 = LINE ( 'NONE', #2339, #558 ) ;
#5801 = DIRECTION ( 'NONE',  ( 1.328990167950278744E-16, 0.000000000000000000, 1.000000000000000000 ) ) ;
#5802 = EDGE_LOOP ( 'NONE', ( #4344, #67, #5292, #905, #2007, #807 ) ) ;
#5803 = CARTESIAN_POINT ( 'NONE',  ( -4.785000000000000142, 2.299999999999999822, 2.400000000000000355 ) ) ;
#5804 = DIRECTION ( 'NONE',  ( -1.328990167950278744E-16, 0.000000000000000000, 1.000000000000000000 ) ) ;
#5805 = STYLED_ITEM ( 'NONE', ( #898 ), #2346 ) ;
#5806 = ORIENTED_EDGE ( 'NONE', *, *, #4178, .T. ) ;
#5807 = VERTEX_POINT ( 'NONE', #4646 ) ;
#5808 = ADVANCED_FACE ( 'NONE', ( #2611 ), #4587, .T. ) ;
#5809 = ORIENTED_EDGE ( 'NONE', *, *, #4312, .F. ) ;
#5810 = EDGE_CURVE ( 'NONE', #3151, #55, #4989, .T. ) ;
#5811 = FACE_OUTER_BOUND ( 'NONE', #3415, .T. ) ;
#5812 = CARTESIAN_POINT ( 'NONE',  ( 1.375000000000000000, 1.844217003719184955, -1.300000000000000044 ) ) ;
#5813 = ORIENTED_EDGE ( 'NONE', *, *, #2404, .T. ) ;
#5814 = FACE_OUTER_BOUND ( 'NONE', #5151, .T. ) ;
#5815 = CARTESIAN_POINT ( 'NONE',  ( 5.535000000000000142, 2.299999999999999822, -1.350000000000000089 ) ) ;
#5816 = DIRECTION ( 'NONE',  ( 0.000000000000000000, 0.000000000000000000, -1.000000000000000000 ) ) ;
#5817 = LINE ( 'NONE', #2428, #4736 ) ;
#5818 = EDGE_CURVE ( 'NONE', #5953, #6073, #6022, .T. ) ;
#5819 = ADVANCED_FACE ( 'NONE', ( #218 ), #4055, .T. ) ;
#5820 = LINE ( 'NONE', #638, #632 ) ;
#5821 = VERTEX_POINT ( 'NONE', #344 ) ;
#5822 = EDGE_CURVE ( 'NONE', #1436, #3824, #249, .T. ) ;
#5823 = DIRECTION ( 'NONE',  ( -3.872150616019656862E-16, 1.000000000000000000, 0.000000000000000000 ) ) ;
#5824 = LINE ( 'NONE', #1913, #3688 ) ;
#5825 = DIRECTION ( 'NONE',  ( 0.000000000000000000, 0.000000000000000000, -1.000000000000000000 ) ) ;
#5826 = DIRECTION ( 'NONE',  ( 0.000000000000000000, -1.000000000000000000, 0.000000000000000000 ) ) ;
#5827 = VERTEX_POINT ( 'NONE', #3699 ) ;
#5828 = ORIENTED_EDGE ( 'NONE', *, *, #1533, .T. ) ;
#5829 = ORIENTED_EDGE ( 'NONE', *, *, #273, .F. ) ;
#5830 = CARTESIAN_POINT ( 'NONE',  ( 4.035000000000000142, 2.299999999999999822, -0.8999999999999998002 ) ) ;
#5831 = FACE_OUTER_BOUND ( 'NONE', #2870, .T. ) ;
#5832 = AXIS2_PLACEMENT_3D ( 'NONE', #1018, #2958, #2460 ) ;
#5833 = ORIENTED_EDGE ( 'NONE', *, *, #1325, .F. ) ;
#5834 = ORIENTED_EDGE ( 'NONE', *, *, #1716, .F. ) ;
#5835 = AXIS2_PLACEMENT_3D ( 'NONE', #3449, #1552, #2897 ) ;
#5836 = VERTEX_POINT ( 'NONE', #3134 ) ;
#5837 = AXIS2_PLACEMENT_3D ( 'NONE', #4325, #3743, #5637 ) ;
#5838 = COLOUR_RGB ( '',0.7960784313725489669, 0.8235294117647058432, 0.9372549019607843146 ) ;
#5839 = ADVANCED_FACE ( 'NONE', ( #1805 ), #3199, .T. ) ;
#5840 = PLANE ( 'NONE',  #2120 ) ;
#5841 = AXIS2_PLACEMENT_3D ( 'NONE', #1897, #1749, #1294 ) ;
#5842 = LINE ( 'NONE', #1545, #1870 ) ;
#5843 = LINE ( 'NONE', #3070, #2772 ) ;
#5844 = ORIENTED_EDGE ( 'NONE', *, *, #1975, .F. ) ;
#5845 = LINE ( 'NONE', #184, #145 ) ;
#5846 = DIRECTION ( 'NONE',  ( 1.258448950206388160E-16, -1.000000000000000000, 0.000000000000000000 ) ) ;
#5847 = DIRECTION ( 'NONE',  ( -0.000000000000000000, -1.000000000000000000, -0.000000000000000000 ) ) ;
#5848 = AXIS2_PLACEMENT_3D ( 'NONE', #1171, #3626, #5022 ) ;
#5849 = CARTESIAN_POINT ( 'NONE',  ( 5.935000000000000497, 0.2000000000000000111, 0.8999999999999999112 ) ) ;
#5850 = VERTEX_POINT ( 'NONE', #5094 ) ;
#5851 = DIRECTION ( 'NONE',  ( -0.000000000000000000, 0.7071067811865460184, 0.7071067811865490160 ) ) ;
#5852 = CARTESIAN_POINT ( 'NONE',  ( 1.811523063262000965, 0.2000000000000005107, -1.350000000000000533 ) ) ;
#5853 = ADVANCED_FACE ( 'NONE', ( #4614 ), #5025, .F. ) ;
#5854 = ADVANCED_FACE ( 'NONE', ( #1955 ), #4244, .T. ) ;
#5855 = VECTOR ( 'NONE', #5404, 1000.000000000000000 ) ;
#5856 = EDGE_CURVE ( 'NONE', #5919, #5978, #1900, .T. ) ;
#5857 = EDGE_LOOP ( 'NONE', ( #4480, #3952, #1679, #5503 ) ) ;
#5858 = AXIS2_PLACEMENT_3D ( 'NONE', #5342, #73, #577 ) ;
#5859 = LINE ( 'NONE', #3494, #5542 ) ;
#5860 = AXIS2_PLACEMENT_3D ( 'NONE', #5374, #4908, #2457 ) ;
#5861 = CARTESIAN_POINT ( 'NONE',  ( 4.234999999999999432, 2.299999999999999822, -1.149999999999999467 ) ) ;
#5862 = CARTESIAN_POINT ( 'NONE',  ( 4.234999999999999432, 0.3999999999999993006, -1.350000000000000089 ) ) ;
#5863 = VECTOR ( 'NONE', #2110, 1000.000000000000000 ) ;
#5864 = EDGE_CURVE ( 'NONE', #1699, #1414, #2916, .T. ) ;
#5865 = EDGE_LOOP ( 'NONE', ( #4514, #3525, #166, #4536 ) ) ;
#5866 = VECTOR ( 'NONE', #1726, 1000.000000000000000 ) ;
#5867 = ORIENTED_EDGE ( 'NONE', *, *, #5537, .F. ) ;
#5868 = ORIENTED_EDGE ( 'NONE', *, *, #2923, .T. ) ;
#5869 = VECTOR ( 'NONE', #872, 1000.000000000000000 ) ;
#5870 = SURFACE_STYLE_FILL_AREA ( #4425 ) ;
#5871 = LINE ( 'NONE', #4922, #5425 ) ;
#5872 = DIRECTION ( 'NONE',  ( 0.000000000000000000, 0.000000000000000000, 1.000000000000000000 ) ) ;
#5873 = CARTESIAN_POINT ( 'NONE',  ( -3.549999999999999822, 2.299999999999999822, 3.950000000000001954 ) ) ;
#5874 = ORIENTED_EDGE ( 'NONE', *, *, #2429, .F. ) ;
#5875 = DIRECTION ( 'NONE',  ( -0.000000000000000000, -0.000000000000000000, 1.000000000000000000 ) ) ;
#5876 = CIRCLE ( 'NONE', #1574, 0.2000000000000005107 ) ;
#5877 = LINE ( 'NONE', #1581, #1235 ) ;
#5878 =( NAMED_UNIT ( * ) PLANE_ANGLE_UNIT ( ) SI_UNIT ( $, .RADIAN. ) );
#5879 = CARTESIAN_POINT ( 'NONE',  ( -5.935000000000000497, 2.299999999999999822, 0.8999999999999999112 ) ) ;
#5880 = ORIENTED_EDGE ( 'NONE', *, *, #1831, .T. ) ;
#5881 = DIRECTION ( 'NONE',  ( -0.9396926207859085389, -3.638631360445281486E-16, 0.3420201433256684354 ) ) ;
#5882 = DIRECTION ( 'NONE',  ( 0.000000000000000000, -9.856383386231868688E-17, -1.000000000000000000 ) ) ;
#5883 = VECTOR ( 'NONE', #3767, 1000.000000000000000 ) ;
#5884 = UNCERTAINTY_MEASURE_WITH_UNIT (LENGTH_MEASURE( 1.000000000000000082E-05 ), #187, 'distance_accuracy_value', 'NONE');
#5885 = PLANE ( 'NONE',  #969 ) ;
#5886 = CARTESIAN_POINT ( 'NONE',  ( 0.000000000000000000, 2.299999999999999822, -1.350000000000000089 ) ) ;
#5887 = ORIENTED_EDGE ( 'NONE', *, *, #1567, .F. ) ;
#5888 = AXIS2_PLACEMENT_3D ( 'NONE', #4482, #1231, #4017 ) ;
#5889 = EDGE_CURVE ( 'NONE', #4233, #1828, #5777, .T. ) ;
#5890 = DIRECTION ( 'NONE',  ( 0.000000000000000000, 0.000000000000000000, -1.000000000000000000 ) ) ;
#5891 = CARTESIAN_POINT ( 'NONE',  ( -4.535000000000000142, 0.000000000000000000, 0.000000000000000000 ) ) ;
#5892 = DIRECTION ( 'NONE',  ( -0.4226182617406998854, 0.000000000000000000, -0.9063077870366497146 ) ) ;
#5893 = PLANE ( 'NONE',  #6164 ) ;
#5894 = ORIENTED_EDGE ( 'NONE', *, *, #5494, .T. ) ;
#5895 = EDGE_LOOP ( 'NONE', ( #5182, #1931, #4146, #3469 ) ) ;
#5896 = EDGE_LOOP ( 'NONE', ( #5236, #6112, #1422, #5766 ) ) ;
#5897 = ADVANCED_FACE ( 'NONE', ( #2818 ), #3259, .T. ) ;
#5898 = DIRECTION ( 'NONE',  ( -1.000000000000000000, 0.000000000000000000, 0.000000000000000000 ) ) ;
#5899 = CARTESIAN_POINT ( 'NONE',  ( 5.935000000000000497, 2.299999999999999822, 0.8999999999999999112 ) ) ;
#5900 = ORIENTED_EDGE ( 'NONE', *, *, #6002, .T. ) ;
#5901 =( NAMED_UNIT ( * ) PLANE_ANGLE_UNIT ( ) SI_UNIT ( $, .RADIAN. ) );
#5902 = LINE ( 'NONE', #3414, #5268 ) ;
#5903 = ORIENTED_EDGE ( 'NONE', *, *, #1028, .T. ) ;
#5904 = CARTESIAN_POINT ( 'NONE',  ( -2.374999999999999556, 2.500000000000000444, -0.9499999999999992895 ) ) ;
#5905 = CARTESIAN_POINT ( 'NONE',  ( -4.035000000000000142, 2.299999999999999822, 0.1499999999999995226 ) ) ;
#5906 = SURFACE_SIDE_STYLE ('',( #1144 ) ) ;
#5907 = CARTESIAN_POINT ( 'NONE',  ( 0.000000000000000000, 0.000000000000000000, 0.1499999999999995226 ) ) ;
#5908 = ORIENTED_EDGE ( 'NONE', *, *, #2161, .F. ) ;
#5909 = CARTESIAN_POINT ( 'NONE',  ( 5.535000000000000142, 2.100000000000000089, -1.350000000000000089 ) ) ;
#5910 = CARTESIAN_POINT ( 'NONE',  ( -5.290438589180983975, 0.7690757258307052702, 1.337265899745581965 ) ) ;
#5911 = DIRECTION ( 'NONE',  ( 1.000000000000000000, 0.000000000000000000, -5.965348954528222655E-17 ) ) ;
#5912 = VECTOR ( 'NONE', #3819, 1000.000000000000000 ) ;
#5913 = ADVANCED_FACE ( 'NONE', ( #4778 ), #5278, .F. ) ;
#5914 = CARTESIAN_POINT ( 'NONE',  ( 0.8115230632620008544, 0.2000000000000005107, -1.350000000000000533 ) ) ;
#5915 = DIRECTION ( 'NONE',  ( 0.000000000000000000, 1.000000000000000000, -9.856383386231868688E-17 ) ) ;
#5916 = LINE ( 'NONE', #1193, #3156 ) ;
#5917 = DIRECTION ( 'NONE',  ( -1.000000000000000000, 0.000000000000000000, 0.000000000000000000 ) ) ;
#5918 = ORIENTED_EDGE ( 'NONE', *, *, #4333, .T. ) ;
#5919 = VERTEX_POINT ( 'NONE', #4716 ) ;
#5920 = ORIENTED_EDGE ( 'NONE', *, *, #5625, .T. ) ;
#5921 = EDGE_LOOP ( 'NONE', ( #1357, #2632, #6179, #5032 ) ) ;
#5922 = ORIENTED_EDGE ( 'NONE', *, *, #1808, .T. ) ;
#5923 = VECTOR ( 'NONE', #1065, 1000.000000000000000 ) ;
#5924 = VECTOR ( 'NONE', #384, 1000.000000000000000 ) ;
#5925 = LINE ( 'NONE', #209, #931 ) ;
#5926 = ADVANCED_FACE ( 'NONE', ( #2316 ), #52, .T. ) ;
#5927 = EDGE_CURVE ( 'NONE', #333, #2116, #2414, .T. ) ;
#5928 = ORIENTED_EDGE ( 'NONE', *, *, #4707, .T. ) ;
#5929 = ORIENTED_EDGE ( 'NONE', *, *, #6116, .F. ) ;
#5930 = EDGE_CURVE ( 'NONE', #2694, #1195, #5650, .T. ) ;
#5931 = DIRECTION ( 'NONE',  ( -1.000000000000000000, 0.000000000000000000, -2.891205793294679312E-16 ) ) ;
#5932 = ORIENTED_EDGE ( 'NONE', *, *, #4331, .T. ) ;
#5933 = LINE ( 'NONE', #1176, #647 ) ;
#5934 = CARTESIAN_POINT ( 'NONE',  ( -3.635000000000000231, 0.2000000000000000111, -1.149999999999999911 ) ) ;
#5935 = DIRECTION ( 'NONE',  ( -0.000000000000000000, 0.000000000000000000, 1.000000000000000000 ) ) ;
#5936 = ORIENTED_EDGE ( 'NONE', *, *, #1520, .F. ) ;
#5937 = LINE ( 'NONE', #1640, #338 ) ;
#5938 = PLANE ( 'NONE',  #2777 ) ;
#5939 = DIRECTION ( 'NONE',  ( -1.000000000000000000, 0.000000000000000000, 0.000000000000000000 ) ) ;
#5940 = AXIS2_PLACEMENT_3D ( 'NONE', #5849, #2524, #3001 ) ;
#5941 =( GEOMETRIC_REPRESENTATION_CONTEXT ( 3 ) GLOBAL_UNCERTAINTY_ASSIGNED_CONTEXT ( ( #2483 ) ) GLOBAL_UNIT_ASSIGNED_CONTEXT ( ( #4385, #3024, #2465 ) ) REPRESENTATION_CONTEXT ( 'NONE', 'WORKASPACE' ) );
#5942 = ORIENTED_EDGE ( 'NONE', *, *, #6005, .F. ) ;
#5943 = DIRECTION ( 'NONE',  ( -0.3420201433256684354, -4.304148903176259775E-17, -0.9396926207859085389 ) ) ;
#5944 = CARTESIAN_POINT ( 'NONE',  ( 4.535000000000000142, 9.129072045307475847, 2.650000000000000355 ) ) ;
#5945 = EDGE_CURVE ( 'NONE', #2906, #804, #475, .T. ) ;
#5946 = VECTOR ( 'NONE', #1288, 1000.000000000000000 ) ;
#5947 = DIRECTION ( 'NONE',  ( 0.000000000000000000, 0.000000000000000000, -1.000000000000000000 ) ) ;
#5948 = AXIS2_PLACEMENT_3D ( 'NONE', #2363, #5251, #2391 ) ;
#5949 = ORIENTED_EDGE ( 'NONE', *, *, #1568, .F. ) ;
#5950 = VERTEX_POINT ( 'NONE', #2847 ) ;
#5951 = ORIENTED_EDGE ( 'NONE', *, *, #591, .F. ) ;
#5952 = VECTOR ( 'NONE', #4814, 1000.000000000000000 ) ;
#5953 = VERTEX_POINT ( 'NONE', #1369 ) ;
#5954 = EDGE_CURVE ( 'NONE', #1114, #2299, #1869, .T. ) ;
#5955 = DIRECTION ( 'NONE',  ( 1.000000000000000000, -0.000000000000000000, -0.000000000000000000 ) ) ;
#5956 = VECTOR ( 'NONE', #851, 1000.000000000000000 ) ;
#5957 = DIRECTION ( 'NONE',  ( 1.000000000000000000, 0.000000000000000000, 0.000000000000000000 ) ) ;
#5958 = VECTOR ( 'NONE', #853, 1000.000000000000114 ) ;
#5959 = DIRECTION ( 'NONE',  ( 1.711898167082376006E-16, 0.000000000000000000, -1.000000000000000000 ) ) ;
#5960 = ORIENTED_EDGE ( 'NONE', *, *, #4368, .T. ) ;
#5961 = VERTEX_POINT ( 'NONE', #4683 ) ;
#5962 = PRODUCT_DEFINITION_SHAPE ( 'NONE', 'NONE',  #6211 ) ;
#5963 = VECTOR ( 'NONE', #5672, 1000.000000000000000 ) ;
#5964 = DIRECTION ( 'NONE',  ( 1.711898167082376006E-16, 0.000000000000000000, -1.000000000000000000 ) ) ;
#5965 = CARTESIAN_POINT ( 'NONE',  ( 4.535000000000000142, 2.049999999999999822, -1.149999999999999911 ) ) ;
#5966 = ORIENTED_EDGE ( 'NONE', *, *, #1827, .F. ) ;
#5967 = ADVANCED_FACE ( 'NONE', ( #1426 ), #4306, .F. ) ;
#5968 = CARTESIAN_POINT ( 'NONE',  ( 2.811523063262000743, 2.500000000000000444, -1.350000000000000533 ) ) ;
#5969 = EDGE_CURVE ( 'NONE', #3620, #3287, #4277, .T. ) ;
#5970 = VECTOR ( 'NONE', #2270, 1000.000000000000000 ) ;
#5971 = DIRECTION ( 'NONE',  ( -1.328990167950278744E-16, 0.000000000000000000, 1.000000000000000000 ) ) ;
#5972 = LINE ( 'NONE', #4994, #5760 ) ;
#5973 = DIRECTION ( 'NONE',  ( -1.711898167082376006E-16, 0.000000000000000000, -1.000000000000000000 ) ) ;
#5974 = ORIENTED_EDGE ( 'NONE', *, *, #2362, .F. ) ;
#5975 = LINE ( 'NONE', #40, #3571 ) ;
#5976 = CARTESIAN_POINT ( 'NONE',  ( 4.535000000000000142, 0.4500000000000000111, -1.350000000000000089 ) ) ;
#5977 = EDGE_CURVE ( 'NONE', #1114, #4803, #6115, .T. ) ;
#5978 = VERTEX_POINT ( 'NONE', #2882 ) ;
#5979 = CARTESIAN_POINT ( 'NONE',  ( 1.625000000000000000, 0.5277488987651040020, -1.815556693310189873 ) ) ;
#5980 = ORIENTED_EDGE ( 'NONE', *, *, #65, .T. ) ;
#5981 = LINE ( 'NONE', #195, #2543 ) ;
#5982 = CARTESIAN_POINT ( 'NONE',  ( 3.549999999999999822, 9.129072045307475847, 2.650000000000000355 ) ) ;
#5983 = DIRECTION ( 'NONE',  ( 0.000000000000000000, -0.7071067811865441310, 0.7071067811865510144 ) ) ;
#5984 = ORIENTED_EDGE ( 'NONE', *, *, #5393, .F. ) ;
#5985 = ORIENTED_EDGE ( 'NONE', *, *, #3155, .F. ) ;
#5986 = EDGE_LOOP ( 'NONE', ( #812, #630, #1079, #3249, #3039 ) ) ;
#5987 = ORIENTED_EDGE ( 'NONE', *, *, #5856, .F. ) ;
#5988 = ORIENTED_EDGE ( 'NONE', *, *, #1498, .T. ) ;
#5989 = ORIENTED_EDGE ( 'NONE', *, *, #2170, .T. ) ;
#5990 = LINE ( 'NONE', #1860, #3781 ) ;
#5991 = CARTESIAN_POINT ( 'NONE',  ( -10.05810562561766375, 0.9500000000000002887, -1.150000000000000133 ) ) ;
#5992 = ORIENTED_EDGE ( 'NONE', *, *, #3747, .F. ) ;
#5993 = EDGE_CURVE ( 'NONE', #3692, #3621, #3346, .T. ) ;
#5994 = DIRECTION ( 'NONE',  ( 1.000000000000000000, 0.000000000000000000, 0.000000000000000000 ) ) ;
#5995 = CARTESIAN_POINT ( 'NONE',  ( 4.535000000000000142, 2.050000000000003375, 2.650000000000000355 ) ) ;
#5996 = CARTESIAN_POINT ( 'NONE',  ( -6.060000000000001386, 0.2499999999999997780, 1.856341625576289678 ) ) ;
#5997 =( NAMED_UNIT ( * ) PLANE_ANGLE_UNIT ( ) SI_UNIT ( $, .RADIAN. ) );
#5998 = LINE ( 'NONE', #2718, #3470 ) ;
#5999 = ORIENTED_EDGE ( 'NONE', *, *, #4712, .F. ) ;
#6000 = CARTESIAN_POINT ( 'NONE',  ( 5.935000000000000497, 0.000000000000000000, 0.8999999999999999112 ) ) ;
#6001 = CARTESIAN_POINT ( 'NONE',  ( -3.835000000000000409, 2.299999999999999822, 0.1499999999999995226 ) ) ;
#6002 = EDGE_CURVE ( 'NONE', #4109, #3040, #2388, .T. ) ;
#6003 = ADVANCED_FACE ( 'NONE', ( #3844 ), #5748, .T. ) ;
#6004 = ORIENTED_EDGE ( 'NONE', *, *, #5005, .F. ) ;
#6005 = EDGE_CURVE ( 'NONE', #4939, #1619, #1481, .T. ) ;
#6006 = FACE_OUTER_BOUND ( 'NONE', #1917, .T. ) ;
#6007 = VERTEX_POINT ( 'NONE', #2945 ) ;
#6008 = LINE ( 'NONE', #4599, #948 ) ;
#6009 = DIRECTION ( 'NONE',  ( 1.000000000000000000, 0.000000000000000000, -5.965348954528222655E-17 ) ) ;
#6010 = CARTESIAN_POINT ( 'NONE',  ( 0.000000000000000000, 0.3999999999999998557, 3.950000000000001954 ) ) ;
#6011 = FACE_OUTER_BOUND ( 'NONE', #5412, .T. ) ;
#6012 = CARTESIAN_POINT ( 'NONE',  ( -5.535000000000000142, 9.129072045307475847, -1.350000000000000089 ) ) ;
#6013 = ORIENTED_EDGE ( 'NONE', *, *, #2062, .F. ) ;
#6014 = ORIENTED_EDGE ( 'NONE', *, *, #1012, .F. ) ;
#6015 = ORIENTED_EDGE ( 'NONE', *, *, #2487, .T. ) ;
#6016 = DIRECTION ( 'NONE',  ( -1.000000000000000000, 0.000000000000000000, -2.282530889443167515E-16 ) ) ;
#6017 = EDGE_LOOP ( 'NONE', ( #4144, #1501, #428, #2724, #4819, #2396, #1003, #4576, #1162, #2940, #280, #5798, #2792, #2185 ) ) ;
#6018 = EDGE_LOOP ( 'NONE', ( #5776, #666, #3718, #2490, #987, #257, #6030, #1387, #1008, #2806, #63, #1892 ) ) ;
#6019 = CARTESIAN_POINT ( 'NONE',  ( 4.785000000000000142, 0.2000000000000000111, 2.400000000000000355 ) ) ;
#6020 = CARTESIAN_POINT ( 'NONE',  ( -3.699999999999999289, 1.299999999999999822, 3.125756774163613638 ) ) ;
#6021 = ORIENTED_EDGE ( 'NONE', *, *, #6086, .F. ) ;
#6022 = LINE ( 'NONE', #1276, #1754 ) ;
#6023 = VECTOR ( 'NONE', #1807, 1000.000000000000000 ) ;
#6024 = PLANE ( 'NONE',  #1430 ) ;
#6025 = CARTESIAN_POINT ( 'NONE',  ( 3.549999999999999822, 1.800000000000000044, 2.650000000000000355 ) ) ;
#6026 = DIRECTION ( 'NONE',  ( 1.000000000000000000, 0.000000000000000000, 0.000000000000000000 ) ) ;
#6027 = AXIS2_PLACEMENT_3D ( 'NONE', #1021, #3391, #4318 ) ;
#6028 = CARTESIAN_POINT ( 'NONE',  ( -5.935000000000000497, 2.500000000000000000, 0.8999999999999999112 ) ) ;
#6029 = PLANE ( 'NONE',  #512 ) ;
#6030 = ORIENTED_EDGE ( 'NONE', *, *, #5540, .T. ) ;
#6031 = DIRECTION ( 'NONE',  ( 1.000000000000000000, 0.000000000000000000, 2.891205793294679312E-16 ) ) ;
#6032 = CARTESIAN_POINT ( 'NONE',  ( 3.635000000000000231, 0.2000000000000000111, -1.149999999999999911 ) ) ;
#6033 = VECTOR ( 'NONE', #2094, 1000.000000000000000 ) ;
#6034 = VECTOR ( 'NONE', #5089, 1000.000000000000114 ) ;
#6035 = EDGE_CURVE ( 'NONE', #3126, #4539, #4371, .T. ) ;
#6036 = DIRECTION ( 'NONE',  ( 0.4226182617406998854, 0.000000000000000000, -0.9063077870366497146 ) ) ;
#6037 = DIRECTION ( 'NONE',  ( 1.000000000000000000, 0.000000000000000000, -0.000000000000000000 ) ) ;
#6038 = ORIENTED_EDGE ( 'NONE', *, *, #3648, .F. ) ;
#6039 = DIRECTION ( 'NONE',  ( 0.000000000000000000, -1.000000000000000000, -0.000000000000000000 ) ) ;
#6040 = LINE ( 'NONE', #2175, #150 ) ;
#6041 = CARTESIAN_POINT ( 'NONE',  ( 3.635000000000000231, 0.2000000000000000111, -1.149999999999999911 ) ) ;
#6042 = EDGE_CURVE ( 'NONE', #4786, #677, #1009, .T. ) ;
#6043 = CARTESIAN_POINT ( 'NONE',  ( 0.3750000000000007772, 2.500000000000000444, -0.9499999999999992895 ) ) ;
#6044 = EDGE_CURVE ( 'NONE', #3399, #1719, #1937, .T. ) ;
#6045 = EDGE_LOOP ( 'NONE', ( #263, #5621, #1007, #1627 ) ) ;
#6046 = ORIENTED_EDGE ( 'NONE', *, *, #4331, .F. ) ;
#6047 = ORIENTED_EDGE ( 'NONE', *, *, #3219, .T. ) ;
#6048 = ORIENTED_EDGE ( 'NONE', *, *, #2593, .T. ) ;
#6049 = AXIS2_PLACEMENT_3D ( 'NONE', #5497, #3118, #695 ) ;
#6050 = ADVANCED_FACE ( 'NONE', ( #3943 ), #4909, .F. ) ;
#6051 = DIRECTION ( 'NONE',  ( -1.711898167082376006E-16, 0.000000000000000000, -1.000000000000000000 ) ) ;
#6052 = LINE ( 'NONE', #1761, #4340 ) ;
#6053 = VECTOR ( 'NONE', #296, 1000.000000000000000 ) ;
#6054 = ORIENTED_EDGE ( 'NONE', *, *, #2356, .T. ) ;
#6055 = AXIS2_PLACEMENT_3D ( 'NONE', #5198, #5754, #2925 ) ;
#6056 = DIRECTION ( 'NONE',  ( 0.000000000000000000, -0.7071067811865441310, 0.7071067811865510144 ) ) ;
#6057 = EDGE_LOOP ( 'NONE', ( #2086, #1776, #3092, #661 ) ) ;
#6058 = DIRECTION ( 'NONE',  ( 0.4226182617406998854, 0.000000000000000000, -0.9063077870366497146 ) ) ;
#6059 = AXIS2_PLACEMENT_3D ( 'NONE', #4879, #3511, #3044 ) ;
#6060 = DIRECTION ( 'NONE',  ( 0.000000000000000000, -1.000000000000000000, 1.087346232093581841E-16 ) ) ;
#6061 = APPLICATION_CONTEXT ( 'automotive_design' ) ;
#6062 = VECTOR ( 'NONE', #156, 1000.000000000000000 ) ;
#6063 = PLANE ( 'NONE',  #1434 ) ;
#6064 = LINE ( 'NONE', #3670, #2549 ) ;
#6065 = CARTESIAN_POINT ( 'NONE',  ( 4.035000000000000142, 9.129072045307475847, 0.1499999999999995226 ) ) ;
#6066 = ORIENTED_EDGE ( 'NONE', *, *, #1011, .F. ) ;
#6067 = VECTOR ( 'NONE', #1557, 1000.000000000000000 ) ;
#6068 = CARTESIAN_POINT ( 'NONE',  ( 3.835000000000000853, 0.2000000000000000111, -1.149999999999999911 ) ) ;
#6069 = CARTESIAN_POINT ( 'NONE',  ( 2.188476936738000589, 2.299999999999999822, -1.350000000000000533 ) ) ;
#6070 = VECTOR ( 'NONE', #5316, 1000.000000000000000 ) ;
#6071 = VECTOR ( 'NONE', #2605, 1000.000000000000000 ) ;
#6072 = DIRECTION ( 'NONE',  ( 0.000000000000000000, 0.000000000000000000, 1.000000000000000000 ) ) ;
#6073 = VERTEX_POINT ( 'NONE', #1968 ) ;
#6074 = DIRECTION ( 'NONE',  ( -1.000000000000000000, 0.000000000000000000, 0.000000000000000000 ) ) ;
#6075 = DIRECTION ( 'NONE',  ( 5.965348954528222655E-17, -0.000000000000000000, 1.000000000000000000 ) ) ;
#6076 = FACE_OUTER_BOUND ( 'NONE', #5677, .T. ) ;
#6077 = ORIENTED_EDGE ( 'NONE', *, *, #5317, .F. ) ;
#6078 = ORIENTED_EDGE ( 'NONE', *, *, #865, .F. ) ;
#6079 = ORIENTED_EDGE ( 'NONE', *, *, #2080, .F. ) ;
#6080 = EDGE_CURVE ( 'NONE', #480, #1540, #4792, .T. ) ;
#6081 = ORIENTED_EDGE ( 'NONE', *, *, #2511, .F. ) ;
#6082 = LINE ( 'NONE', #2778, #1442 ) ;
#6083 = EDGE_CURVE ( 'NONE', #2635, #4804, #3000, .T. ) ;
#6084 = VERTEX_POINT ( 'NONE', #76 ) ;
#6086 = EDGE_CURVE ( 'NONE', #4837, #741, #991, .T. ) ;
#6085 = VECTOR ( 'NONE', #89, 1000.000000000000000 ) ;
#6087 = LINE ( 'NONE', #1921, #3474 ) ;
#6088 = ORIENTED_EDGE ( 'NONE', *, *, #5622, .F. ) ;
#6089 = DIRECTION ( 'NONE',  ( 1.000000000000000000, 0.000000000000000000, 1.711898167082375759E-16 ) ) ;
#6090 = CARTESIAN_POINT ( 'NONE',  ( 4.035000000000000142, 2.500000000000000000, 0.9000000000000003553 ) ) ;
#6091 = DIRECTION ( 'NONE',  ( 0.000000000000000000, 0.7071067811865462405, -0.7071067811865489050 ) ) ;
#6092 = CARTESIAN_POINT ( 'NONE',  ( 5.535000000000000142, 9.129072045307475847, 1.531341625576287724 ) ) ;
#6093 = FACE_OUTER_BOUND ( 'NONE', #928, .T. ) ;
#6094 = ORIENTED_EDGE ( 'NONE', *, *, #2938, .T. ) ;
#6095 = LINE ( 'NONE', #1813, #5442 ) ;
#6096 = LINE ( 'NONE', #3734, #3974 ) ;
#6097 = ORIENTED_EDGE ( 'NONE', *, *, #5044, .F. ) ;
#6098 = CARTESIAN_POINT ( 'NONE',  ( 6.535000000000000142, 2.049999999999999822, -1.350000000000000089 ) ) ;
#6099 = ORIENTED_EDGE ( 'NONE', *, *, #2419, .T. ) ;
#6100 = CARTESIAN_POINT ( 'NONE',  ( 1.375000000000000000, 0.5277488987651040020, -1.815556693310189873 ) ) ;
#6101 = CARTESIAN_POINT ( 'NONE',  ( -4.035000000000000142, 9.129072045307475847, 0.1499999999999995226 ) ) ;
#6102 = LINE ( 'NONE', #2731, #3894 ) ;
#6103 = EDGE_CURVE ( 'NONE', #602, #3656, #1996, .T. ) ;
#6104 = FACE_OUTER_BOUND ( 'NONE', #3963, .T. ) ;
#6105 = ORIENTED_EDGE ( 'NONE', *, *, #95, .T. ) ;
#6106 = EDGE_LOOP ( 'NONE', ( #2837, #2195, #4310, #5153 ) ) ;
#6107 = ORIENTED_EDGE ( 'NONE', *, *, #4368, .F. ) ;
#6108 = ADVANCED_FACE ( 'NONE', ( #2019 ), #580, .F. ) ;
#6109 = ORIENTED_EDGE ( 'NONE', *, *, #1232, .F. ) ;
#6110 = ORIENTED_EDGE ( 'NONE', *, *, #2133, .T. ) ;
#6111 = CARTESIAN_POINT ( 'NONE',  ( 4.860000000000001208, 2.250000000000000000, 2.650000000000000355 ) ) ;
#6112 = ORIENTED_EDGE ( 'NONE', *, *, #2812, .T. ) ;
#6113 = ORIENTED_EDGE ( 'NONE', *, *, #708, .T. ) ;
#6114 = VERTEX_POINT ( 'NONE', #2930 ) ;
#6115 = LINE ( 'NONE', #5711, #238 ) ;
#6116 = EDGE_CURVE ( 'NONE', #3222, #1815, #2494, .T. ) ;
#6117 = CARTESIAN_POINT ( 'NONE',  ( -4.860000000000001208, 2.050000000000003375, 2.650000000000000355 ) ) ;
#6118 = ADVANCED_FACE ( 'NONE', ( #1494 ), #4410, .F. ) ;
#6119 = EDGE_CURVE ( 'NONE', #500, #2541, #5817, .T. ) ;
#6120 = FILL_AREA_STYLE_COLOUR ( '', #5838 ) ;
#6121 = CARTESIAN_POINT ( 'NONE',  ( 3.935141686358169633, 0.2018032478051645373, 3.771803247805166404 ) ) ;
#6122 = CARTESIAN_POINT ( 'NONE',  ( -4.860000000000001208, 0.2499999999999997780, 2.650000000000000355 ) ) ;
#6123 = PLANE ( 'NONE',  #4639 ) ;
#6124 = VERTEX_POINT ( 'NONE', #4849 ) ;
#6125 = FACE_OUTER_BOUND ( 'NONE', #849, .T. ) ;
#6126 = CARTESIAN_POINT ( 'NONE',  ( -5.935000000000000497, 0.2000000000000000111, 0.8999999999999999112 ) ) ;
#6127 = EDGE_CURVE ( 'NONE', #3816, #3692, #487, .T. ) ;
#6128 = CARTESIAN_POINT ( 'NONE',  ( 5.535000000000000142, 0.4500000000000007327, 1.531341625576287724 ) ) ;
#6129 = VECTOR ( 'NONE', #4589, 1000.000000000000000 ) ;
#6130 = ORIENTED_EDGE ( 'NONE', *, *, #2062, .T. ) ;
#6131 = CARTESIAN_POINT ( 'NONE',  ( 5.935000000000000497, 2.299999999999999822, 0.8999999999999999112 ) ) ;
#6132 = ORIENTED_EDGE ( 'NONE', *, *, #2471, .F. ) ;
#6133 = LINE ( 'NONE', #4665, #6053 ) ;
#6134 = DIRECTION ( 'NONE',  ( 0.000000000000000000, 0.000000000000000000, -1.000000000000000000 ) ) ;
#6135 = DIRECTION ( 'NONE',  ( 1.000000000000000000, 0.000000000000000000, -0.000000000000000000 ) ) ;
#6136 = STYLED_ITEM ( 'NONE', ( #4559 ), #109 ) ;
#6137 = DIRECTION ( 'NONE',  ( 6.672013369141568175E-16, 0.000000000000000000, 1.000000000000000000 ) ) ;
#6138 = VECTOR ( 'NONE', #1082, 1000.000000000000000 ) ;
#6139 = ORIENTED_EDGE ( 'NONE', *, *, #3830, .F. ) ;
#6140 = ORIENTED_EDGE ( 'NONE', *, *, #2020, .T. ) ;
#6141 = VERTEX_POINT ( 'NONE', #4028 ) ;
#6142 = ORIENTED_EDGE ( 'NONE', *, *, #2685, .F. ) ;
#6143 = LINE ( 'NONE', #5091, #5647 ) ;
#6144 = CARTESIAN_POINT ( 'NONE',  ( 0.000000000000000000, 0.000000000000000000, 3.950000000000001954 ) ) ;
#6145 = AXIS2_PLACEMENT_3D ( 'NONE', #680, #782, #1205 ) ;
#6146 = ADVANCED_FACE ( 'NONE', ( #46 ), #2462, .F. ) ;
#6147 = ORIENTED_EDGE ( 'NONE', *, *, #1177, .F. ) ;
#6148 = DIRECTION ( 'NONE',  ( 0.000000000000000000, -0.7071067811865462405, 0.7071067811865489050 ) ) ;
#6149 = EDGE_CURVE ( 'NONE', #1877, #3896, #3650, .T. ) ;
#6150 = AXIS2_PLACEMENT_3D ( 'NONE', #1497, #1024, #3334 ) ;
#6151 = DIRECTION ( 'NONE',  ( 0.000000000000000000, -0.000000000000000000, -1.000000000000000000 ) ) ;
#6152 = VECTOR ( 'NONE', #294, 1000.000000000000000 ) ;
#6153 =( NAMED_UNIT ( * ) PLANE_ANGLE_UNIT ( ) SI_UNIT ( $, .RADIAN. ) );
#6154 = EDGE_CURVE ( 'NONE', #4790, #936, #1128, .T. ) ;
#6155 = VECTOR ( 'NONE', #1927, 1000.000000000000000 ) ;
#6156 = DIRECTION ( 'NONE',  ( -1.000000000000000000, 0.000000000000000000, 0.000000000000000000 ) ) ;
#6157 = CARTESIAN_POINT ( 'NONE',  ( -4.785000000000000142, 9.129072045307475847, 1.531341625576287502 ) ) ;
#6158 = ORIENTED_EDGE ( 'NONE', *, *, #2633, .F. ) ;
#6159 = ADVANCED_FACE ( 'NONE', ( #3918 ), #1523, .F. ) ;
#6160 = CARTESIAN_POINT ( 'NONE',  ( -6.500000000000001776, 0.1799999999999999933, -4.244925670375280014 ) ) ;
#6161 = CARTESIAN_POINT ( 'NONE',  ( -4.535000000000000142, 0.9500000000000002887, -1.150000000000000133 ) ) ;
#6162 = VECTOR ( 'NONE', #4877, 1000.000000000000000 ) ;
#6163 = VECTOR ( 'NONE', #2093, 1000.000000000000000 ) ;
#6164 = AXIS2_PLACEMENT_3D ( 'NONE', #5437, #199, #3522 ) ;
#6165 = EDGE_CURVE ( 'NONE', #409, #1828, #3484, .T. ) ;
#6166 = LINE ( 'NONE', #1022, #270 ) ;
#6167 = ORIENTED_EDGE ( 'NONE', *, *, #4808, .F. ) ;
#6168 = LINE ( 'NONE', #1471, #544 ) ;
#6169 = CARTESIAN_POINT ( 'NONE',  ( -10.05810562561766375, 2.050000000000003375, 2.650000000000000355 ) ) ;
#6170 = DIRECTION ( 'NONE',  ( 0.000000000000000000, 0.000000000000000000, -1.000000000000000000 ) ) ;
#6171 = VECTOR ( 'NONE', #934, 1000.000000000000000 ) ;
#6172 = EDGE_LOOP ( 'NONE', ( #6099, #5999, #5733, #1919 ) ) ;
#6173 = VERTEX_POINT ( 'NONE', #3023 ) ;
#6174 = ORIENTED_EDGE ( 'NONE', *, *, #947, .T. ) ;
#6175 = ORIENTED_EDGE ( 'NONE', *, *, #1983, .T. ) ;
#6176 = PLANE ( 'NONE',  #3475 ) ;
#6177 = VERTEX_POINT ( 'NONE', #3542 ) ;
#6178 = FACE_OUTER_BOUND ( 'NONE', #966, .T. ) ;
#6179 = ORIENTED_EDGE ( 'NONE', *, *, #5158, .T. ) ;
#6180 = EDGE_LOOP ( 'NONE', ( #4001, #4704, #2880, #4235 ) ) ;
#6181 = ORIENTED_EDGE ( 'NONE', *, *, #4046, .T. ) ;
#6182 =( REPRESENTATION_RELATIONSHIP ('NONE','NONE', #1184, #2927 ) REPRESENTATION_RELATIONSHIP_WITH_TRANSFORMATION ( #3063 )SHAPE_REPRESENTATION_RELATIONSHIP( ) );
#6183 = CARTESIAN_POINT ( 'NONE',  ( 4.234999999999999432, 0.3999999999999993006, -1.350000000000000089 ) ) ;
#6184 = CARTESIAN_POINT ( 'NONE',  ( 0.000000000000000000, 0.2000000000000000111, 0.000000000000000000 ) ) ;
#6185 = EDGE_CURVE ( 'NONE', #3533, #3104, #2074, .T. ) ;
#6186 = SHAPE_DEFINITION_REPRESENTATION ( #689, #5021 ) ;
#6187 = DIRECTION ( 'NONE',  ( -0.000000000000000000, -1.000000000000000000, -0.000000000000000000 ) ) ;
#6188 = DIRECTION ( 'NONE',  ( -1.000000000000000000, -0.000000000000000000, -0.000000000000000000 ) ) ;
#6189 = ORIENTED_EDGE ( 'NONE', *, *, #2917, .F. ) ;
#6190 = CARTESIAN_POINT ( 'NONE',  ( -4.860000000000001208, 0.4500000000000011768, 1.656341625576287280 ) ) ;
#6191 = CARTESIAN_POINT ( 'NONE',  ( -4.035000000000000142, 0.000000000000000000, -1.182842712474618807 ) ) ;
#6192 = VERTEX_POINT ( 'NONE', #762 ) ;
#6193 = DIRECTION ( 'NONE',  ( 0.000000000000000000, 0.000000000000000000, -1.000000000000000000 ) ) ;
#6194 = CARTESIAN_POINT ( 'NONE',  ( 2.887098013116944362, 0.1098505867410887460, -0.2838077876826127777 ) ) ;
#6195 = ORIENTED_EDGE ( 'NONE', *, *, #5383, .F. ) ;
#6196 = PLANE ( 'NONE',  #6150 ) ;
#6197 = DIRECTION ( 'NONE',  ( -0.7071067811865526798, -0.7071067811865422437, 7.666467083416839629E-16 ) ) ;
#6198 = CARTESIAN_POINT ( 'NONE',  ( 0.3750000000000007772, 2.500000000000000444, -0.9499999999999992895 ) ) ;
#6199 = CARTESIAN_POINT ( 'NONE',  ( 6.299999999999999822, 2.279999999999998472, 3.950000000000001954 ) ) ;
#6200 = EDGE_CURVE ( 'NONE', #1899, #1689, #4035, .T. ) ;
#6201 = EDGE_CURVE ( 'NONE', #2583, #4803, #1636, .T. ) ;
#6202 = ADVANCED_FACE ( 'NONE', ( #4590 ), #5427, .F. ) ;
#6203 = ORIENTED_EDGE ( 'NONE', *, *, #2592, .F. ) ;
#6204 = ORIENTED_EDGE ( 'NONE', *, *, #1706, .T. ) ;
#6205 = ORIENTED_EDGE ( 'NONE', *, *, #949, .F. ) ;
#6206 = NEXT_ASSEMBLY_USAGE_OCCURRENCE ( 'NAUO1', ' ', ' ', #4991, #528, $ ) ;
#6207 = NEXT_ASSEMBLY_USAGE_OCCURRENCE ( 'NAUO2', ' ', ' ', #4991, #4406, $ ) ;
#6208 = NEXT_ASSEMBLY_USAGE_OCCURRENCE ( 'NAUO3', ' ', ' ', #4991, #4406, $ ) ;
#6209 = NEXT_ASSEMBLY_USAGE_OCCURRENCE ( 'NAUO4', ' ', ' ', #4991, #4406, $ ) ;
#6210 = NEXT_ASSEMBLY_USAGE_OCCURRENCE ( 'NAUO5', ' ', ' ', #4991, #4406, $ ) ;
#6211 = NEXT_ASSEMBLY_USAGE_OCCURRENCE ( 'NAUO6', ' ', ' ', #4991, #4406, $ ) ;
#6212 = NEXT_ASSEMBLY_USAGE_OCCURRENCE ( 'NAUO7', ' ', ' ', #4991, #4406, $ ) ;
ENDSEC;
END-ISO-10303-21;
